#;presion_entrada;mfc;pcv;caudal_camara;presion_camara
Case 3209;3;100;100;0.6792;0.4004
Case 3210;3;100;100;0.6791;0.4236
Case 3211;3;100;100;0.679;0.4408
Case 3212;3;100;100;0.6789;0.4551
Case 3213;3;100;100;0.6788;0.4676
Case 3214;3;100;100;0.6787;0.4788
Case 3215;3;100;100;0.6786;0.4891
Case 3216;3;100;100;0.6785;0.4986
Case 3217;3;100;100;0.6784;0.5075
Case 3218;3;100;100;0.6783;0.5159
Case 3219;3;100;100;0.6782;0.5239
Case 3220;3;100;100;0.6781;0.5315
Case 3221;3;100;100;0.678;0.5388
Case 3222;3;100;100;0.6779;0.5459
Case 3223;3;100;100;0.6778;0.5526
Case 3224;3;100;100;0.6777;0.5591
Case 3225;3;100;100;0.6776;0.5655
Case 3226;3;100;100;0.6775;0.5716
Case 3227;3;100;100;0.6774;0.5775
Case 3228;3;100;100;0.6773;0.5833
Case 3229;3;100;100;0.6772;0.589
Case 3230;3;100;100;0.6771;0.5945
Case 3231;3;100;100;0.677;0.5998
Case 3232;3;100;100;0.6769;0.6051
Case 3233;3;100;100;0.6768;0.6102
Case 3234;3;100;100;0.6767;0.6153
Case 3235;3;100;100;0.6766;0.6202
Case 3236;3;100;100;0.6765;0.625
Case 3237;3;100;100;0.6764;0.6298
Case 3238;3;100;100;0.6763;0.6345
Case 3239;3;100;100;0.6762;0.6391
Case 3240;3;100;100;0.6761;0.6436
Case 3241;3;100;100;0.676;0.648
Case 3242;3;100;100;0.6759;0.6524
Case 3243;3;100;100;0.6758;0.6567
Case 3244;3;100;100;0.6757;0.6609
Case 3245;3;100;100;0.6756;0.6651
Case 3246;3;100;100;0.6755;0.6692
Case 3247;3;100;100;0.6754;0.6732
Case 3248;3;100;100;0.6753;0.6772
Case 3249;3;100;100;0.6752;0.6812
Case 3250;3;100;100;0.6751;0.6851
Case 3251;3;100;100;0.675;0.6889
Case 3252;3;100;100;0.6749;0.6928
Case 3253;3;100;100;0.6748;0.6965
Case 3254;3;100;100;0.6747;0.7002
Case 3255;3;100;100;0.6746;0.7039
Case 3256;3;100;100;0.6745;0.7075
Case 3257;3;100;100;0.6744;0.7111
Case 3258;3;100;100;0.6743;0.7147
Case 3259;3;100;100;0.6742;0.7182
Case 3260;3;100;100;0.6741;0.7217
Case 3261;3;100;100;0.674;0.7251
Case 3262;3;100;100;0.6739;0.7285
Case 3263;3;100;100;0.6738;0.7319
Case 3264;3;100;100;0.6737;0.7353
Case 3265;3;100;100;0.6736;0.7386
Case 3266;3;100;100;0.6735;0.7419
Case 3267;3;100;100;0.6734;0.7451
Case 3268;3;100;100;0.6733;0.7484
Case 3269;3;100;100;0.6732;0.7515
Case 3270;3;100;100;0.6731;0.7547
Case 3271;3;100;100;0.673;0.7579
Case 3272;3;100;100;0.6729;0.761
Case 3273;3;100;100;0.6728;0.7641
Case 3274;3;100;100;0.6727;0.7671
Case 3275;3;100;100;0.6726;0.7702
Case 3276;3;100;100;0.6725;0.7732
Case 3277;3;100;100;0.6724;0.7762
Case 3278;3;100;100;0.6723;0.7791
Case 3279;3;100;100;0.6722;0.7821
Case 3280;3;100;100;0.6721;0.785
Case 3281;3;100;100;0.672;0.7879
Case 3282;3;100;100;0.6719;0.7908
Case 3283;3;100;100;0.6718;0.7937
Case 3284;3;100;100;0.6717;0.7965
Case 3285;3;100;100;0.6716;0.7993
Case 3286;3;100;100;0.6715;0.8021
Case 3287;3;100;100;0.6714;0.8049
Case 3288;3;100;100;0.6713;0.8077
Case 3289;3;100;100;0.6712;0.8104
Case 3290;3;100;100;0.6711;0.8132
Case 3291;3;100;100;0.671;0.8159
Case 3292;3;100;100;0.6709;0.8186
Case 3293;3;100;100;0.6708;0.8212
Case 3294;3;100;100;0.6707;0.8239
Case 3295;3;100;100;0.6706;0.8265
Case 3296;3;100;100;0.6705;0.8292
Case 3297;3;100;100;0.6704;0.8318
Case 3298;3;100;100;0.6703;0.8344
Case 3299;3;100;100;0.6702;0.8369
Case 3300;3;100;100;0.6701;0.8395
Case 3301;3;100;100;0.67;0.842
Case 3302;3;100;100;0.6699;0.8446
Case 3303;3;100;100;0.6698;0.8471
Case 3304;3;100;100;0.6697;0.8496
Case 3305;3;100;100;0.6696;0.8521
Case 3306;3;100;100;0.6695;0.8546
Case 3307;3;100;100;0.6694;0.857
Case 3308;3;100;100;0.6693;0.8595
Case 3309;3;100;100;0.6692;0.8619
Case 3310;3;100;100;0.6691;0.8643
Case 3311;3;100;100;0.669;0.8668
Case 3312;3;100;100;0.6689;0.8692
Case 3313;3;100;100;0.6688;0.8715
Case 3314;3;100;100;0.6687;0.8739
Case 3315;3;100;100;0.6686;0.8763
Case 3316;3;100;100;0.6685;0.8786
Case 3317;3;100;100;0.6684;0.881
Case 3318;3;100;100;0.6683;0.8833
Case 3319;3;100;100;0.6682;0.8856
Case 3320;3;100;100;0.6681;0.8879
Case 3321;3;100;100;0.668;0.8902
Case 3322;3;100;100;0.6679;0.8925
Case 3323;3;100;100;0.6678;0.8948
Case 3324;3;100;100;0.6677;0.897
Case 3325;3;100;100;0.6676;0.8993
Case 3326;3;100;100;0.6675;0.9015
Case 3327;3;100;100;0.6674;0.9037
Case 3328;3;100;100;0.6673;0.9059
Case 3329;3;100;100;0.6672;0.9082
Case 3330;3;100;100;0.6671;0.9104
Case 3331;3;100;100;0.667;0.9125
Case 3332;3;100;100;0.6669;0.9147
Case 3333;3;100;100;0.6668;0.9169
Case 3334;3;100;100;0.6667;0.919
Case 3335;3;100;100;0.6666;0.9212
Case 3336;3;100;100;0.6665;0.9233
Case 3337;3;100;100;0.6664;0.9255
Case 3338;3;100;100;0.6663;0.9276
Case 3339;3;100;100;0.6662;0.9297
Case 3340;3;100;100;0.6661;0.9318
Case 3341;3;100;100;0.666;0.9339
Case 3342;3;100;100;0.6659;0.936
Case 3343;3;100;100;0.6658;0.9381
Case 3344;3;100;100;0.6657;0.9402
Case 3345;3;100;100;0.6656;0.9422
Case 3346;3;100;100;0.6655;0.9443
Case 3347;3;100;100;0.6654;0.9463
Case 3348;3;100;100;0.6653;0.9484
Case 3349;3;100;100;0.6652;0.9504
Case 3350;3;100;100;0.6651;0.9524
Case 3351;3;100;100;0.665;0.9544
Case 3352;3;100;100;0.6649;0.9564
Case 3353;3;100;100;0.6648;0.9584
Case 3354;3;100;100;0.6647;0.9604
Case 3355;3;100;100;0.6646;0.9624
Case 3356;3;100;100;0.6645;0.9644
Case 3357;3;100;100;0.6644;0.9664
Case 3358;3;100;100;0.6643;0.9683
Case 3359;3;100;100;0.6642;0.9703
Case 3360;3;100;100;0.6641;0.9722
Case 3361;3;100;100;0.664;0.9742
Case 3362;3;100;100;0.6639;0.9761
Case 3363;3;100;100;0.6638;0.978
Case 3364;3;100;100;0.6637;0.9799
Case 3365;3;100;100;0.6636;0.9819
Case 3366;3;100;100;0.6635;0.9838
Case 3367;3;100;100;0.6634;0.9857
Case 3368;3;100;100;0.6633;0.9876
Case 3369;3;100;100;0.6632;0.9894
Case 3370;3;100;100;0.6631;0.9913
Case 3371;3;100;100;0.663;0.9932
Case 3372;3;100;100;0.6629;0.9951
Case 3373;3;100;100;0.6628;0.9969
Case 3374;3;100;100;0.6627;0.9988
Case 3375;3;100;100;0.6626;1.001
Case 3376;3;100;100;0.6625;1.002
Case 3377;3;100;100;0.6624;1.004
Case 3378;3;100;100;0.6623;1.006
Case 3379;3;100;100;0.6622;1.008
Case 3380;3;100;100;0.6621;1.01
Case 3381;3;100;100;0.662;1.012
Case 3382;3;100;100;0.6619;1.013
Case 3383;3;100;100;0.6618;1.015
Case 3384;3;100;100;0.6617;1.017
Case 3385;3;100;100;0.6616;1.019
Case 3386;3;100;100;0.6615;1.021
Case 3387;3;100;100;0.6614;1.022
Case 3388;3;100;100;0.6613;1.024
Case 3389;3;100;100;0.6612;1.026
Case 3390;3;100;100;0.6611;1.028
Case 3391;3;100;100;0.661;1.029
Case 3392;3;100;100;0.6609;1.031
Case 3393;3;100;100;0.6608;1.033
Case 3394;3;100;100;0.6607;1.035
Case 3395;3;100;100;0.6606;1.036
Case 3396;3;100;100;0.6605;1.038
Case 3397;3;100;100;0.6604;1.04
Case 3398;3;100;100;0.6603;1.042
Case 3399;3;100;100;0.6602;1.043
Case 3400;3;100;100;0.6601;1.045
Case 3401;3;100;100;0.66;1.047
Case 3402;3;100;100;0.6599;1.048
Case 3403;3;100;100;0.6598;1.05
Case 3404;3;100;100;0.6597;1.052
Case 3405;3;100;100;0.6596;1.053
Case 3406;3;100;100;0.6595;1.055
Case 3407;3;100;100;0.6594;1.057
Case 3408;3;100;100;0.6593;1.059
Case 3409;3;100;100;0.6592;1.06
Case 3410;3;100;100;0.6591;1.062
Case 3411;3;100;100;0.659;1.064
Case 3412;3;100;100;0.6589;1.065
Case 3413;3;100;100;0.6588;1.067
Case 3414;3;100;100;0.6587;1.068
Case 3415;3;100;100;0.6586;1.07
Case 3416;3;100;100;0.6585;1.072
Case 3417;3;100;100;0.6584;1.073
Case 3418;3;100;100;0.6583;1.075
Case 3419;3;100;100;0.6582;1.077
Case 3420;3;100;100;0.6581;1.078
Case 3421;3;100;100;0.658;1.08
Case 3422;3;100;100;0.6579;1.081
Case 3423;3;100;100;0.6578;1.083
Case 3424;3;100;100;0.6577;1.085
Case 3425;3;100;100;0.6576;1.086
Case 3426;3;100;100;0.6575;1.088
Case 3427;3;100;100;0.6574;1.089
Case 3428;3;100;100;0.6573;1.091
Case 3429;3;100;100;0.6572;1.093
Case 3430;3;100;100;0.6571;1.094
Case 3431;3;100;100;0.657;1.096
Case 3432;3;100;100;0.6569;1.097
Case 3433;3;100;100;0.6568;1.099
Case 3434;3;100;100;0.6567;1.1
Case 3435;3;100;100;0.6566;1.102
Case 3436;3;100;100;0.6565;1.104
Case 3437;3;100;100;0.6564;1.105
Case 3438;3;100;100;0.6563;1.107
Case 3439;3;100;100;0.6562;1.108
Case 3440;3;100;100;0.6561;1.11
Case 3441;3;100;100;0.656;1.111
Case 3442;3;100;100;0.6559;1.113
Case 3443;3;100;100;0.6558;1.114
Case 3444;3;100;100;0.6557;1.116
Case 3445;3;100;100;0.6556;1.117
Case 3446;3;100;100;0.6555;1.119
Case 3447;3;100;100;0.6554;1.12
Case 3448;3;100;100;0.6553;1.122
Case 3449;3;100;100;0.6552;1.123
Case 3450;3;100;100;0.6551;1.125
Case 3451;3;100;100;0.655;1.126
Case 3452;3;100;100;0.6549;1.128
Case 3453;3;100;100;0.6548;1.129
Case 3454;3;100;100;0.6547;1.131
Case 3455;3;100;100;0.6546;1.132
Case 3456;3;100;100;0.6545;1.134
Case 3457;3;100;100;0.6544;1.135
Case 3458;3;100;100;0.6543;1.137
Case 3459;3;100;100;0.6542;1.138
Case 3460;3;100;100;0.6541;1.14
Case 3461;3;100;100;0.654;1.141
Case 3462;3;100;100;0.6539;1.143
Case 3463;3;100;100;0.6538;1.144
Case 3464;3;100;100;0.6537;1.146
Case 3465;3;100;100;0.6536;1.147
Case 3466;3;100;100;0.6535;1.148
Case 3467;3;100;100;0.6534;1.15
Case 3468;3;100;100;0.6533;1.151
Case 3469;3;100;100;0.6532;1.153
Case 3470;3;100;100;0.6531;1.154
Case 3471;3;100;100;0.653;1.156
Case 3472;3;100;100;0.6529;1.157
Case 3473;3;100;100;0.6528;1.159
Case 3474;3;100;100;0.6527;1.16
Case 3475;3;100;100;0.6526;1.161
Case 3476;3;100;100;0.6525;1.163
Case 3477;3;100;100;0.6524;1.164
Case 3478;3;100;100;0.6523;1.166
Case 3479;3;100;100;0.6522;1.167
Case 3480;3;100;100;0.6521;1.168
Case 3481;3;100;100;0.652;1.17
Case 3482;3;100;100;0.6519;1.171
Case 3483;3;100;100;0.6518;1.173
Case 3484;3;100;100;0.6517;1.174
Case 3485;3;100;100;0.6516;1.175
Case 3486;3;100;100;0.6515;1.177
Case 3487;3;100;100;0.6514;1.178
Case 3488;3;100;100;0.6513;1.18
Case 3489;3;100;100;0.6512;1.181
Case 3490;3;100;100;0.6511;1.182
Case 3491;3;100;100;0.651;1.184
Case 3492;3;100;100;0.6509;1.185
Case 3493;3;100;100;0.6508;1.186
Case 3494;3;100;100;0.6507;1.188
Case 3495;3;100;100;0.6506;1.189
Case 3496;3;100;100;0.6505;1.191
Case 3497;3;100;100;0.6504;1.192
Case 3498;3;100;100;0.6503;1.193
Case 3499;3;100;100;0.6502;1.195
Case 3500;3;100;100;0.6501;1.196
Case 3501;3;100;100;0.65;1.197
Case 3502;3;100;100;0.6499;1.199
Case 3503;3;100;100;0.6498;1.2
Case 3504;3;100;100;0.6497;1.201
Case 3505;3;100;100;0.6496;1.203
Case 3506;3;100;100;0.6495;1.204
Case 3507;3;100;100;0.6494;1.205
Case 3508;3;100;100;0.6493;1.207
Case 3509;3;100;100;0.6492;1.208
Case 3510;3;100;100;0.6491;1.209
Case 3511;3;100;100;0.649;1.211
Case 3512;3;100;100;0.6489;1.212
Case 3513;3;100;100;0.6488;1.213
Case 3514;3;100;100;0.6487;1.215
Case 3515;3;100;100;0.6486;1.216
Case 3516;3;100;100;0.6485;1.217
Case 3517;3;100;100;0.6484;1.218
Case 3518;3;100;100;0.6483;1.22
Case 3519;3;100;100;0.6482;1.221
Case 3520;3;100;100;0.6481;1.222
Case 3521;3;100;100;0.648;1.224
Case 3522;3;100;100;0.6479;1.225
Case 3523;3;100;100;0.6478;1.226
Case 3524;3;100;100;0.6477;1.228
Case 3525;3;100;100;0.6476;1.229
Case 3526;3;100;100;0.6475;1.23
Case 3527;3;100;100;0.6474;1.231
Case 3528;3;100;100;0.6473;1.233
Case 3529;3;100;100;0.6472;1.234
Case 3530;3;100;100;0.6471;1.235
Case 3531;3;100;100;0.647;1.236
Case 3532;3;100;100;0.6469;1.238
Case 3533;3;100;100;0.6468;1.239
Case 3534;3;100;100;0.6467;1.24
Case 3535;3;100;100;0.6466;1.242
Case 3536;3;100;100;0.6465;1.243
Case 3537;3;100;100;0.6464;1.244
Case 3538;3;100;100;0.6463;1.245
Case 3539;3;100;100;0.6462;1.247
Case 3540;3;100;100;0.6461;1.248
Case 3541;3;100;100;0.646;1.249
Case 3542;3;100;100;0.6459;1.25
Case 3543;3;100;100;0.6458;1.252
Case 3544;3;100;100;0.6457;1.253
Case 3545;3;100;100;0.6456;1.254
Case 3546;3;100;100;0.6455;1.255
Case 3547;3;100;100;0.6454;1.257
Case 3548;3;100;100;0.6453;1.258
Case 3549;3;100;100;0.6452;1.259
Case 3550;3;100;100;0.6451;1.26
Case 3551;3;100;100;0.645;1.261
Case 3552;3;100;100;0.6449;1.263
Case 3553;3;100;100;0.6448;1.264
Case 3554;3;100;100;0.6447;1.265
Case 3555;3;100;100;0.6446;1.266
Case 3556;3;100;100;0.6445;1.268
Case 3557;3;100;100;0.6444;1.269
Case 3558;3;100;100;0.6443;1.27
Case 3559;3;100;100;0.6442;1.271
Case 3560;3;100;100;0.6441;1.272
Case 3561;3;100;100;0.644;1.274
Case 3562;3;100;100;0.6439;1.275
Case 3563;3;100;100;0.6438;1.276
Case 3564;3;100;100;0.6437;1.277
Case 3565;3;100;100;0.6436;1.278
Case 3566;3;100;100;0.6435;1.28
Case 3567;3;100;100;0.6434;1.281
Case 3568;3;100;100;0.6433;1.282
Case 3569;3;100;100;0.6432;1.283
Case 3570;3;100;100;0.6431;1.284
Case 3571;3;100;100;0.643;1.286
Case 3572;3;100;100;0.6429;1.287
Case 3573;3;100;100;0.6428;1.288
Case 3574;3;100;100;0.6427;1.289
Case 3575;3;100;100;0.6426;1.29
Case 3576;3;100;100;0.6425;1.292
Case 3577;3;100;100;0.6424;1.293
Case 3578;3;100;100;0.6423;1.294
Case 3579;3;100;100;0.6422;1.295
Case 3580;3;100;100;0.6421;1.296
Case 3581;3;100;100;0.642;1.297
Case 3582;3;100;100;0.6419;1.299
Case 3583;3;100;100;0.6418;1.3
Case 3584;3;100;100;0.6417;1.301
Case 3585;3;100;100;0.6416;1.302
Case 3586;3;100;100;0.6415;1.303
Case 3587;3;100;100;0.6414;1.304
Case 3588;3;100;100;0.6413;1.306
Case 3589;3;100;100;0.6412;1.307
Case 3590;3;100;100;0.6411;1.308
Case 3591;3;100;100;0.641;1.309
Case 3592;3;100;100;0.6409;1.31
Case 3593;3;100;100;0.6408;1.311
Case 3594;3;100;100;0.6407;1.312
Case 3595;3;100;100;0.6406;1.314
Case 3596;3;100;100;0.6405;1.315
Case 3597;3;100;100;0.6404;1.316
Case 3598;3;100;100;0.6403;1.317
Case 3599;3;100;100;0.6402;1.318
Case 3600;3;100;100;0.6401;1.319
Case 3601;3;100;100;0.64;1.32
Case 3602;3;100;100;0.6399;1.322
Case 3603;3;100;100;0.6398;1.323
Case 3604;3;100;99.98;0.6397;1.324
Case 3605;3;100;99.94;0.6396;1.325
Case 3606;3;100;99.91;0.6395;1.326
Case 3607;3;100;99.87;0.6394;1.327
Case 3608;3;100;99.84;0.6393;1.328
Case 3609;3;100;99.8;0.6392;1.329
Case 3610;3;100;99.77;0.6391;1.331
Case 3611;3;100;99.73;0.639;1.332
Case 3612;3;100;99.71;0.6389;1.333
Case 3613;3;100;99.67;0.6388;1.334
Case 3614;3;100;99.64;0.6387;1.335
Case 3615;3;100;99.6;0.6386;1.336
Case 3616;3;100;99.57;0.6385;1.337
Case 3617;3;100;99.54;0.6384;1.338
Case 3618;3;100;99.51;0.6383;1.339
Case 3619;3;100;99.47;0.6382;1.34
Case 3620;3;100;99.44;0.6381;1.342
Case 3621;3;100;99.41;0.638;1.343
Case 3622;3;100;99.38;0.6379;1.344
Case 3623;3;100;99.34;0.6378;1.345
Case 3624;3;100;99.31;0.6377;1.346
Case 3625;3;100;99.28;0.6376;1.347
Case 3626;3;100;99.25;0.6375;1.348
Case 3627;3;100;99.21;0.6374;1.349
Case 3628;3;100;99.19;0.6373;1.35
Case 3629;3;100;99.15;0.6372;1.351
Case 3630;3;100;99.12;0.6371;1.353
Case 3631;3;100;99.09;0.637;1.354
Case 3632;3;100;99.06;0.6369;1.355
Case 3633;3;100;99.02;0.6368;1.356
Case 3634;3;100;99;0.6367;1.357
Case 3635;3;100;98.96;0.6366;1.358
Case 3636;3;100;98.94;0.6365;1.359
Case 3637;3;100;98.9;0.6364;1.36
Case 3638;3;100;98.87;0.6363;1.361
Case 3639;3;100;98.84;0.6362;1.362
Case 3640;3;100;98.81;0.6361;1.363
Case 3641;3;100;98.78;0.636;1.364
Case 3642;3;100;98.75;0.6359;1.365
Case 3643;3;100;98.72;0.6358;1.367
Case 3644;3;100;98.69;0.6357;1.368
Case 3645;3;100;98.66;0.6356;1.369
Case 3646;3;100;98.63;0.6355;1.37
Case 3647;3;100;98.6;0.6354;1.371
Case 3648;3;100;98.57;0.6353;1.372
Case 3649;3;100;98.54;0.6352;1.373
Case 3650;3;100;98.51;0.6351;1.374
Case 3651;3;100;98.48;0.635;1.375
Case 3652;3;100;98.45;0.6349;1.376
Case 3653;3;100;98.42;0.6348;1.377
Case 3654;3;100;98.4;0.6347;1.378
Case 3655;3;100;98.36;0.6346;1.379
Case 3656;3;100;98.34;0.6345;1.38
Case 3657;3;100;98.3;0.6344;1.381
Case 3658;3;100;98.28;0.6343;1.382
Case 3659;3;100;98.25;0.6342;1.383
Case 3660;3;100;98.22;0.6341;1.384
Case 3661;3;100;98.19;0.634;1.385
Case 3662;3;100;98.16;0.6339;1.387
Case 3663;3;100;98.13;0.6338;1.388
Case 3664;3;100;98.11;0.6337;1.389
Case 3665;3;100;98.07;0.6336;1.39
Case 3666;3;100;98.05;0.6335;1.391
Case 3667;3;100;98.02;0.6334;1.392
Case 3668;3;100;97.99;0.6333;1.393
Case 3669;3;100;97.96;0.6332;1.394
Case 3670;3;100;97.94;0.6331;1.395
Case 3671;3;100;97.9;0.633;1.396
Case 3672;3;100;97.88;0.6329;1.397
Case 3673;3;100;97.85;0.6328;1.398
Case 3674;3;100;97.83;0.6327;1.399
Case 3675;3;100;97.79;0.6326;1.4
Case 3676;3;100;97.77;0.6325;1.401
Case 3677;3;100;97.74;0.6324;1.402
Case 3678;3;100;97.72;0.6323;1.403
Case 3679;3;100;97.68;0.6322;1.404
Case 3680;3;100;97.66;0.6321;1.405
Case 3681;3;100;97.63;0.632;1.406
Case 3682;3;100;97.61;0.6319;1.407
Case 3683;3;100;97.58;0.6318;1.408
Case 3684;3;100;97.55;0.6317;1.409
Case 3685;3;100;97.52;0.6316;1.41
Case 3686;3;100;97.5;0.6315;1.411
Case 3687;3;100;97.47;0.6314;1.412
Case 3688;3;100;97.45;0.6313;1.413
Case 3689;3;100;97.42;0.6312;1.414
Case 3690;3;100;97.39;0.6311;1.415
Case 3691;3;100;97.36;0.631;1.416
Case 3692;3;100;97.34;0.6309;1.417
Case 3693;3;100;97.31;0.6308;1.418
Case 3694;3;100;97.29;0.6307;1.419
Case 3695;3;100;97.26;0.6306;1.42
Case 3696;3;100;97.24;0.6305;1.421
Case 3697;3;100;97.21;0.6304;1.422
Case 3698;3;100;97.18;0.6303;1.423
Case 3699;3;100;97.15;0.6302;1.424
Case 3700;3;100;97.13;0.6301;1.425
Case 3701;3;100;97.1;0.63;1.426
Case 3702;3;100;97.08;0.6299;1.427
Case 3703;3;100;97.05;0.6298;1.428
Case 3704;3;100;97.03;0.6297;1.429
Case 3705;3;100;97;0.6296;1.43
Case 3706;3;100;96.98;0.6295;1.431
Case 3707;3;100;96.95;0.6294;1.432
Case 3708;3;100;96.93;0.6293;1.433
Case 3709;3;100;96.9;0.6292;1.434
Case 3710;3;100;96.88;0.6291;1.435
Case 3711;3;100;96.85;0.629;1.436
Case 3712;3;100;96.83;0.6289;1.437
Case 3713;3;100;96.8;0.6288;1.438
Case 3714;3;100;96.78;0.6287;1.439
Case 3715;3;100;96.75;0.6286;1.44
Case 3716;3;100;96.73;0.6285;1.441
Case 3717;3;100;96.7;0.6284;1.442
Case 3718;3;100;96.68;0.6283;1.443
Case 3719;3;100;96.65;0.6282;1.444
Case 3720;3;100;96.63;0.6281;1.445
Case 3721;3;100;96.6;0.628;1.446
Case 3722;3;100;96.58;0.6279;1.447
Case 3723;3;100;96.55;0.6278;1.447
Case 3724;3;100;96.53;0.6277;1.448
Case 3725;3;100;96.5;0.6276;1.449
Case 3726;3;100;96.48;0.6275;1.45
Case 3727;3;100;96.45;0.6274;1.451
Case 3728;3;100;96.43;0.6273;1.452
Case 3729;3;100;96.4;0.6272;1.453
Case 3730;3;100;96.39;0.6271;1.454
Case 3731;3;100;96.36;0.627;1.455
Case 3732;3;100;96.34;0.6269;1.456
Case 3733;3;100;96.31;0.6268;1.457
Case 3734;3;100;96.29;0.6267;1.458
Case 3735;3;100;96.26;0.6266;1.459
Case 3736;3;100;96.25;0.6265;1.46
Case 3737;3;100;96.22;0.6264;1.461
Case 3738;3;100;96.19;0.6263;1.462
Case 3739;3;100;96.17;0.6262;1.463
Case 3740;3;100;96.14;0.6261;1.464
Case 3741;3;100;96.13;0.626;1.465
Case 3742;3;100;96.1;0.6259;1.466
Case 3743;3;100;96.08;0.6258;1.467
Case 3744;3;100;96.05;0.6257;1.467
Case 3745;3;100;96.03;0.6256;1.468
Case 3746;3;100;96.01;0.6255;1.469
Case 3747;3;100;95.99;0.6254;1.47
Case 3748;3;100;95.96;0.6253;1.471
Case 3749;3;100;95.94;0.6252;1.472
Case 3750;3;100;95.92;0.6251;1.473
Case 3751;3;100;95.89;0.625;1.474
Case 3752;3;100;95.87;0.6249;1.475
Case 3753;3;100;95.85;0.6248;1.476
Case 3754;3;100;95.83;0.6247;1.477
Case 3755;3;100;95.8;0.6246;1.478
Case 3756;3;100;95.78;0.6245;1.479
Case 3757;3;100;95.76;0.6244;1.48
Case 3758;3;100;95.73;0.6243;1.48
Case 3759;3;100;95.71;0.6242;1.481
Case 3760;3;100;95.69;0.6241;1.482
Case 3761;3;100;95.67;0.624;1.483
Case 3762;3;100;95.64;0.6239;1.484
Case 3763;3;100;95.63;0.6238;1.485
Case 3764;3;100;95.6;0.6237;1.486
Case 3765;3;100;95.58;0.6236;1.487
Case 3766;3;100;95.56;0.6235;1.488
Case 3767;3;100;95.53;0.6234;1.489
Case 3768;3;100;95.52;0.6233;1.49
Case 3769;3;100;95.49;0.6232;1.491
Case 3770;3;100;95.46;0.6231;1.492
Case 3771;3;100;95.45;0.623;1.492
Case 3772;3;100;95.42;0.6229;1.493
Case 3773;3;100;95.41;0.6228;1.494
Case 3774;3;100;95.38;0.6227;1.495
Case 3775;3;100;95.35;0.6226;1.496
Case 3776;3;100;95.34;0.6225;1.497
Case 3777;3;100;95.31;0.6224;1.498
Case 3778;3;100;95.3;0.6223;1.499
Case 3779;3;100;95.27;0.6222;1.5
Case 3780;3;100;95.25;0.6221;1.501
Case 3781;3;100;95.23;0.622;1.501
Case 3782;3;100;95.21;0.6219;1.502
Case 3783;3;100;95.18;0.6218;1.503
Case 3784;3;100;95.17;0.6217;1.504
Case 3785;3;100;95.14;0.6216;1.505
Case 3786;3;100;95.13;0.6215;1.506
Case 3787;3;100;95.1;0.6214;1.507
Case 3788;3;100;95.08;0.6213;1.508
Case 3789;3;100;95.06;0.6212;1.509
Case 3790;3;100;95.04;0.6211;1.51
Case 3791;3;100;95.01;0.621;1.51
Case 3792;3;100;95;0.6209;1.511
Case 3793;3;100;94.97;0.6208;1.512
Case 3794;3;100;94.96;0.6207;1.513
Case 3795;3;100;94.93;0.6206;1.514
Case 3796;3;100;94.91;0.6205;1.515
Case 3797;3;100;94.89;0.6204;1.516
Case 3798;3;100;94.87;0.6203;1.517
Case 3799;3;100;94.84;0.6202;1.518
Case 3800;3;100;94.83;0.6201;1.518
Case 3801;3;100;94.81;0.62;1.519
Case 3802;3;100;94.79;0.6199;1.52
Case 3803;3;100;94.76;0.6198;1.521
Case 3804;3;100;94.75;0.6197;1.522
Case 3805;3;100;94.73;0.6196;1.523
Case 3806;3;100;94.7;0.6195;1.524
Case 3807;3;100;94.68;0.6194;1.525
Case 3808;3;100;94.66;0.6193;1.525
Case 3809;3;100;94.65;0.6192;1.526
Case 3810;3;100;94.62;0.6191;1.527
Case 3811;3;100;94.61;0.619;1.528
Case 3812;3;100;94.58;0.6189;1.529
Case 3813;3;100;94.56;0.6188;1.53
Case 3814;3;100;94.54;0.6187;1.531
Case 3815;3;100;94.52;0.6186;1.532
Case 3816;3;100;94.5;0.6185;1.532
Case 3817;3;100;94.48;0.6184;1.533
Case 3818;3;100;94.46;0.6183;1.534
Case 3819;3;100;94.44;0.6182;1.535
Case 3820;3;100;94.42;0.6181;1.536
Case 3821;3;100;94.4;0.618;1.537
Case 3822;3;100;94.38;0.6179;1.538
Case 3823;3;100;94.36;0.6178;1.539
Case 3824;3;100;94.34;0.6177;1.539
Case 3825;3;100;94.32;0.6176;1.54
Case 3826;3;100;94.3;0.6175;1.541
Case 3827;3;100;94.28;0.6174;1.542
Case 3828;3;100;94.26;0.6173;1.543
Case 3829;3;100;94.25;0.6172;1.544
Case 3830;3;100;94.22;0.6171;1.545
Case 3831;3;100;94.21;0.617;1.545
Case 3832;3;100;94.18;0.6169;1.546
Case 3833;3;100;94.16;0.6168;1.547
Case 3834;3;100;94.15;0.6167;1.548
Case 3835;3;100;94.12;0.6166;1.549
Case 3836;3;100;94.11;0.6165;1.55
Case 3837;3;100;94.09;0.6164;1.55
Case 3838;3;100;94.07;0.6163;1.551
Case 3839;3;100;94.05;0.6162;1.552
Case 3840;3;100;94.03;0.6161;1.553
Case 3841;3;100;94.01;0.616;1.554
Case 3842;3;100;93.99;0.6159;1.555
Case 3843;3;100;93.98;0.6158;1.556
Case 3844;3;100;93.95;0.6157;1.556
Case 3845;3;100;93.94;0.6156;1.557
Case 3846;3;100;93.92;0.6155;1.558
Case 3847;3;100;93.89;0.6154;1.559
Case 3848;3;100;93.88;0.6153;1.56
Case 3849;3;100;93.86;0.6152;1.561
Case 3850;3;100;93.84;0.6151;1.561
Case 3851;3;100;93.82;0.615;1.562
Case 3852;3;100;93.8;0.6149;1.563
Case 3853;3;100;93.78;0.6148;1.564
Case 3854;3;100;93.76;0.6147;1.565
Case 3855;3;100;93.75;0.6146;1.566
Case 3856;3;100;93.72;0.6145;1.566
Case 3857;3;100;93.71;0.6144;1.567
Case 3858;3;100;93.69;0.6143;1.568
Case 3859;3;100;93.67;0.6142;1.569
Case 3860;3;100;93.65;0.6141;1.57
Case 3861;3;100;93.63;0.614;1.571
Case 3862;3;100;93.61;0.6139;1.571
Case 3863;3;100;93.6;0.6138;1.572
Case 3864;3;100;93.57;0.6137;1.573
Case 3865;3;100;93.56;0.6136;1.574
Case 3866;3;100;93.54;0.6135;1.575
Case 3867;3;100;93.52;0.6134;1.576
Case 3868;3;100;93.5;0.6133;1.576
Case 3869;3;100;93.49;0.6132;1.577
Case 3870;3;100;93.46;0.6131;1.578
Case 3871;3;100;93.45;0.613;1.579
Case 3872;3;100;93.43;0.6129;1.58
Case 3873;3;100;93.41;0.6128;1.581
Case 3874;3;100;93.39;0.6127;1.581
Case 3875;3;100;93.38;0.6126;1.582
Case 3876;3;100;93.35;0.6125;1.583
Case 3877;3;100;93.34;0.6124;1.584
Case 3878;3;100;93.32;0.6123;1.585
Case 3879;3;100;93.31;0.6122;1.585
Case 3880;3;100;93.28;0.6121;1.586
Case 3881;3;100;93.27;0.612;1.587
Case 3882;3;100;93.25;0.6119;1.588
Case 3883;3;100;93.23;0.6118;1.589
Case 3884;3;100;93.21;0.6117;1.59
Case 3885;3;100;93.2;0.6116;1.59
Case 3886;3;100;93.17;0.6115;1.591
Case 3887;3;100;93.16;0.6114;1.592
Case 3888;3;100;93.14;0.6113;1.593
Case 3889;3;100;93.13;0.6112;1.594
Case 3890;3;100;93.1;0.6111;1.594
Case 3891;3;100;93.09;0.611;1.595
Case 3892;3;100;93.07;0.6109;1.596
Case 3893;3;100;93.05;0.6108;1.597
Case 3894;3;100;93.04;0.6107;1.598
Case 3895;3;100;93.01;0.6106;1.598
Case 3896;3;100;93;0.6105;1.599
Case 3897;3;100;92.98;0.6104;1.6
Case 3898;3;100;92.97;0.6103;1.601
Case 3899;3;100;92.94;0.6102;1.602
Case 3900;3;100;92.93;0.6101;1.602
Case 3901;3;100;92.91;0.61;1.603
Case 3902;3;100;92.9;0.6099;1.604
Case 3903;3;100;92.87;0.6098;1.605
Case 3904;3;100;92.86;0.6097;1.606
Case 3905;3;100;92.84;0.6096;1.606
Case 3906;3;100;92.83;0.6095;1.607
Case 3907;3;100;92.8;0.6094;1.608
Case 3908;3;100;92.79;0.6093;1.609
Case 3909;3;100;92.77;0.6092;1.61
Case 3910;3;100;92.76;0.6091;1.61
Case 3911;3;100;92.73;0.609;1.611
Case 3912;3;100;92.72;0.6089;1.612
Case 3913;3;100;92.7;0.6088;1.613
Case 3914;3;100;92.69;0.6087;1.614
Case 3915;3;100;92.67;0.6086;1.614
Case 3916;3;100;92.65;0.6085;1.615
Case 3917;3;100;92.63;0.6084;1.616
Case 3918;3;100;92.62;0.6083;1.617
Case 3919;3;100;92.59;0.6082;1.617
Case 3920;3;100;92.58;0.6081;1.618
Case 3921;3;100;92.57;0.608;1.619
Case 3922;3;100;92.55;0.6079;1.62
Case 3923;3;100;92.53;0.6078;1.621
Case 3924;3;100;92.52;0.6077;1.621
Case 3925;3;100;92.49;0.6076;1.622
Case 3926;3;100;92.48;0.6075;1.623
Case 3927;3;100;92.47;0.6074;1.624
Case 3928;3;100;92.45;0.6073;1.625
Case 3929;3;100;92.42;0.6072;1.625
Case 3930;3;100;92.41;0.6071;1.626
Case 3931;3;100;92.4;0.607;1.627
Case 3932;3;100;92.38;0.6069;1.628
Case 3933;3;100;92.37;0.6068;1.628
Case 3934;3;100;92.35;0.6067;1.629
Case 3935;3;100;92.33;0.6066;1.63
Case 3936;3;100;92.32;0.6065;1.631
Case 3937;3;100;92.3;0.6064;1.632
Case 3938;3;100;92.28;0.6063;1.632
Case 3939;3;100;92.27;0.6062;1.633
Case 3940;3;100;92.25;0.6061;1.634
Case 3941;3;100;92.23;0.606;1.635
Case 3942;3;100;92.22;0.6059;1.635
Case 3943;3;100;92.2;0.6058;1.636
Case 3944;3;100;92.18;0.6057;1.637
Case 3945;3;100;92.17;0.6056;1.638
Case 3946;3;100;92.15;0.6055;1.638
Case 3947;3;100;92.14;0.6054;1.639
Case 3948;3;100;92.12;0.6053;1.64
Case 3949;3;100;92.1;0.6052;1.641
Case 3950;3;100;92.09;0.6051;1.642
Case 3951;3;100;92.07;0.605;1.642
Case 3952;3;100;92.05;0.6049;1.643
Case 3953;3;100;92.04;0.6048;1.644
Case 3954;3;100;92.02;0.6047;1.645
Case 3955;3;100;92;0.6046;1.645
Case 3956;3;100;91.99;0.6045;1.646
Case 3957;3;100;91.97;0.6044;1.647
Case 3958;3;100;91.95;0.6043;1.648
Case 3959;3;100;91.94;0.6042;1.648
Case 3960;3;100;91.92;0.6041;1.649
Case 3961;3;100;91.91;0.604;1.65
Case 3962;3;100;91.89;0.6039;1.651
Case 3963;3;100;91.87;0.6038;1.651
Case 3964;3;100;91.86;0.6037;1.652
Case 3965;3;100;91.84;0.6036;1.653
Case 3966;3;100;91.82;0.6035;1.654
Case 3967;3;100;91.81;0.6034;1.654
Case 3968;3;100;91.79;0.6033;1.655
Case 3969;3;100;91.78;0.6032;1.656
Case 3970;3;100;91.76;0.6031;1.657
Case 3971;3;100;91.75;0.603;1.657
Case 3972;3;100;91.72;0.6029;1.658
Case 3973;3;100;91.71;0.6028;1.659
Case 3974;3;100;91.7;0.6027;1.66
Case 3975;3;100;91.68;0.6026;1.66
Case 3976;3;100;91.67;0.6025;1.661
Case 3977;3;100;91.65;0.6024;1.662
Case 3978;3;100;91.63;0.6023;1.663
Case 3979;3;100;91.62;0.6022;1.663
Case 3980;3;100;91.61;0.6021;1.664
Case 3981;3;100;91.58;0.602;1.665
Case 3982;3;100;91.57;0.6019;1.666
Case 3983;3;100;91.56;0.6018;1.666
Case 3984;3;100;91.54;0.6017;1.667
Case 3985;3;100;91.52;0.6016;1.668
Case 3986;3;100;91.51;0.6015;1.669
Case 3987;3;100;91.5;0.6014;1.669
Case 3988;3;100;91.47;0.6013;1.67
Case 3989;3;100;91.46;0.6012;1.671
Case 3990;3;100;91.45;0.6011;1.672
Case 3991;3;100;91.43;0.601;1.672
Case 3992;3;100;91.41;0.6009;1.673
Case 3993;3;100;91.4;0.6008;1.674
Case 3994;3;100;91.39;0.6007;1.675
Case 3995;3;100;91.37;0.6006;1.675
Case 3996;3;100;91.35;0.6005;1.676
Case 3997;3;100;91.34;0.6004;1.677
Case 3998;3;100;91.32;0.6003;1.677
Case 3999;3;100;91.31;0.6002;1.678
Case 4000;3;100;91.29;0.6001;1.679
Case 4001;3;100;91.28;0.6;1.68
Case 4002;3;100;91.26;0.5999;1.68
Case 4003;3;100;91.25;0.5998;1.681
Case 4004;3;100;91.23;0.5997;1.682
Case 4005;3;100;91.21;0.5996;1.683
Case 4006;3;100;91.2;0.5995;1.683
Case 4007;3;100;91.18;0.5994;1.684
Case 4008;3;100;91.17;0.5993;1.685
Case 4009;3;100;91.16;0.5992;1.686
Case 4010;3;100;91.14;0.5991;1.686
Case 4011;3;100;91.12;0.599;1.687
Case 4012;3;100;91.11;0.5989;1.688
Case 4013;3;100;91.1;0.5988;1.688
Case 4014;3;100;91.08;0.5987;1.689
Case 4015;3;100;91.06;0.5986;1.69
Case 4016;3;100;91.05;0.5985;1.691
Case 4017;3;100;91.03;0.5984;1.691
Case 4018;3;100;91.02;0.5983;1.692
Case 4019;3;100;91.01;0.5982;1.693
Case 4020;3;100;90.99;0.5981;1.693
Case 4021;3;100;90.97;0.598;1.694
Case 4022;3;100;90.96;0.5979;1.695
Case 4023;3;100;90.95;0.5978;1.696
Case 4024;3;100;90.93;0.5977;1.696
Case 4025;3;100;90.91;0.5976;1.697
Case 4026;3;100;90.9;0.5975;1.698
Case 4027;3;100;90.88;0.5974;1.699
Case 4028;3;100;90.87;0.5973;1.699
Case 4029;3;100;90.86;0.5972;1.7
Case 4030;3;100;90.84;0.5971;1.701
Case 4031;3;100;90.82;0.597;1.701
Case 4032;3;100;90.81;0.5969;1.702
Case 4033;3;100;90.8;0.5968;1.703
Case 4034;3;100;90.78;0.5967;1.704
Case 4035;3;100;90.76;0.5966;1.704
Case 4036;3;100;90.75;0.5965;1.705
Case 4037;3;100;90.73;0.5964;1.706
Case 4038;3;100;90.72;0.5963;1.706
Case 4039;3;100;90.71;0.5962;1.707
Case 4040;3;100;90.69;0.5961;1.708
Case 4041;3;100;90.68;0.596;1.708
Case 4042;3;100;90.66;0.5959;1.709
Case 4043;3;100;90.65;0.5958;1.71
Case 4044;3;100;90.63;0.5957;1.711
Case 4045;3;100;90.61;0.5956;1.711
Case 4046;3;100;90.6;0.5955;1.712
Case 4047;3;100;90.59;0.5954;1.713
Case 4048;3;100;90.57;0.5953;1.713
Case 4049;3;100;90.56;0.5952;1.714
Case 4050;3;100;90.55;0.5951;1.715
Case 4051;3;100;90.53;0.595;1.716
Case 4052;3;100;90.52;0.5949;1.716
Case 4053;3;100;90.5;0.5948;1.717
Case 4054;3;100;90.49;0.5947;1.718
Case 4055;3;100;90.47;0.5946;1.718
Case 4056;3;100;90.45;0.5945;1.719
Case 4057;3;100;90.44;0.5944;1.72
Case 4058;3;100;90.43;0.5943;1.72
Case 4059;3;100;90.41;0.5942;1.721
Case 4060;3;100;90.4;0.5941;1.722
Case 4061;3;100;90.39;0.594;1.723
Case 4062;3;100;90.37;0.5939;1.723
Case 4063;3;100;90.36;0.5938;1.724
Case 4064;3;100;90.34;0.5937;1.725
Case 4065;3;100;90.33;0.5936;1.725
Case 4066;3;100;90.32;0.5935;1.726
Case 4067;3;100;90.3;0.5934;1.727
Case 4068;3;100;90.29;0.5933;1.727
Case 4069;3;100;90.28;0.5932;1.728
Case 4070;3;100;90.26;0.5931;1.729
Case 4071;3;100;90.24;0.593;1.73
Case 4072;3;100;90.23;0.5929;1.73
Case 4073;3;100;90.22;0.5928;1.731
Case 4074;3;100;90.2;0.5927;1.732
Case 4075;3;100;90.19;0.5926;1.732
Case 4076;3;100;90.18;0.5925;1.733
Case 4077;3;100;90.16;0.5924;1.734
Case 4078;3;100;90.15;0.5923;1.734
Case 4079;3;100;90.13;0.5922;1.735
Case 4080;3;100;90.12;0.5921;1.736
Case 4081;3;100;90.11;0.592;1.736
Case 4082;3;100;90.09;0.5919;1.737
Case 4083;3;100;90.07;0.5918;1.738
Case 4084;3;100;90.06;0.5917;1.738
Case 4085;3;100;90.05;0.5916;1.739
Case 4086;3;100;90.03;0.5915;1.74
Case 4087;3;100;90.02;0.5914;1.741
Case 4088;3;100;90.01;0.5913;1.741
Case 4089;3;100;89.99;0.5912;1.742
Case 4090;3;100;89.98;0.5911;1.743
Case 4091;3;100;89.96;0.591;1.743
Case 4092;3;100;89.95;0.5909;1.744
Case 4093;3;100;89.94;0.5908;1.745
Case 4094;3;100;89.92;0.5907;1.745
Case 4095;3;100;89.9;0.5906;1.746
Case 4096;3;100;89.89;0.5905;1.747
Case 4097;3;100;89.88;0.5904;1.747
Case 4098;3;100;89.86;0.5903;1.748
Case 4099;3;100;89.85;0.5902;1.749
Case 4100;3;100;89.84;0.5901;1.749
Case 4101;3;100;89.83;0.59;1.75
Case 4102;3;100;89.81;0.5899;1.751
Case 4103;3;100;89.8;0.5898;1.751
Case 4104;3;100;89.78;0.5897;1.752
Case 4105;3;100;89.77;0.5896;1.753
Case 4106;3;100;89.76;0.5895;1.753
Case 4107;3;100;89.74;0.5894;1.754
Case 4108;3;100;89.72;0.5893;1.755
Case 4109;3;100;89.71;0.5892;1.755
Case 4110;3;100;89.7;0.5891;1.756
Case 4111;3;100;89.69;0.589;1.757
Case 4112;3;100;89.67;0.5889;1.757
Case 4113;3;100;89.66;0.5888;1.758
Case 4114;3;100;89.65;0.5887;1.759
Case 4115;3;100;89.63;0.5886;1.759
Case 4116;3;100;89.62;0.5885;1.76
Case 4117;3;100;89.6;0.5884;1.761
Case 4118;3;100;89.59;0.5883;1.761
Case 4119;3;100;89.58;0.5882;1.762
Case 4120;3;100;89.57;0.5881;1.763
Case 4121;3;100;89.55;0.588;1.763
Case 4122;3;100;89.53;0.5879;1.764
Case 4123;3;100;89.52;0.5878;1.765
Case 4124;3;100;89.51;0.5877;1.765
Case 4125;3;100;89.49;0.5876;1.766
Case 4126;3;100;89.48;0.5875;1.767
Case 4127;3;100;89.47;0.5874;1.767
Case 4128;3;100;89.46;0.5873;1.768
Case 4129;3;100;89.44;0.5872;1.769
Case 4130;3;100;89.43;0.5871;1.769
Case 4131;3;100;89.42;0.587;1.77
Case 4132;3;100;89.4;0.5869;1.771
Case 4133;3;100;89.39;0.5868;1.771
Case 4134;3;100;89.38;0.5867;1.772
Case 4135;3;100;89.36;0.5866;1.773
Case 4136;3;100;89.34;0.5865;1.773
Case 4137;3;100;89.33;0.5864;1.774
Case 4138;3;100;89.32;0.5863;1.775
Case 4139;3;100;89.31;0.5862;1.775
Case 4140;3;100;89.29;0.5861;1.776
Case 4141;3;100;89.28;0.586;1.777
Case 4142;3;100;89.27;0.5859;1.777
Case 4143;3;100;89.26;0.5858;1.778
Case 4144;3;100;89.24;0.5857;1.779
Case 4145;3;100;89.23;0.5856;1.779
Case 4146;3;100;89.22;0.5855;1.78
Case 4147;3;100;89.2;0.5854;1.781
Case 4148;3;100;89.19;0.5853;1.781
Case 4149;3;100;89.18;0.5852;1.782
Case 4150;3;100;89.16;0.5851;1.783
Case 4151;3;100;89.14;0.585;1.783
Case 4152;3;100;89.13;0.5849;1.784
Case 4153;3;100;89.12;0.5848;1.785
Case 4154;3;100;89.11;0.5847;1.785
Case 4155;3;100;89.09;0.5846;1.786
Case 4156;3;100;89.08;0.5845;1.786
Case 4157;3;100;89.07;0.5844;1.787
Case 4158;3;100;89.06;0.5843;1.788
Case 4159;3;100;89.04;0.5842;1.788
Case 4160;3;100;89.03;0.5841;1.789
Case 4161;3;100;89.02;0.584;1.79
Case 4162;3;100;89;0.5839;1.79
Case 4163;3;100;88.99;0.5838;1.791
Case 4164;3;100;88.98;0.5837;1.792
Case 4165;3;100;88.97;0.5836;1.792
Case 4166;3;100;88.95;0.5835;1.793
Case 4167;3;100;88.93;0.5834;1.794
Case 4168;3;100;88.92;0.5833;1.794
Case 4169;3;100;88.91;0.5832;1.795
Case 4170;3;100;88.9;0.5831;1.796
Case 4171;3;100;88.89;0.583;1.796
Case 4172;3;100;88.87;0.5829;1.797
Case 4173;3;100;88.86;0.5828;1.797
Case 4174;3;100;88.85;0.5827;1.798
Case 4175;3;100;88.84;0.5826;1.799
Case 4176;3;100;88.82;0.5825;1.799
Case 4177;3;100;88.81;0.5824;1.8
Case 4178;3;100;88.8;0.5823;1.801
Case 4179;3;100;88.78;0.5822;1.801
Case 4180;3;100;88.77;0.5821;1.802
Case 4181;3;100;88.76;0.582;1.803
Case 4182;3;100;88.75;0.5819;1.803
Case 4183;3;100;88.73;0.5818;1.804
Case 4184;3;100;88.71;0.5817;1.805
Case 4185;3;100;88.7;0.5816;1.805
Case 4186;3;100;88.69;0.5815;1.806
Case 4187;3;100;88.68;0.5814;1.806
Case 4188;3;100;88.67;0.5813;1.807
Case 4189;3;100;88.65;0.5812;1.808
Case 4190;3;100;88.64;0.5811;1.808
Case 4191;3;100;88.63;0.581;1.809
Case 4192;3;100;88.62;0.5809;1.81
Case 4193;3;100;88.6;0.5808;1.81
Case 4194;3;100;88.59;0.5807;1.811
Case 4195;3;100;88.58;0.5806;1.811
Case 4196;3;100;88.57;0.5805;1.812
Case 4197;3;100;88.55;0.5804;1.813
Case 4198;3;100;88.54;0.5803;1.813
Case 4199;3;100;88.53;0.5802;1.814
Case 4200;3;100;88.52;0.5801;1.815
Case 4201;3;100;88.5;0.58;1.815
Case 4202;3;100;88.48;0.5799;1.816
Case 4203;3;100;88.47;0.5798;1.817
Case 4204;3;100;88.46;0.5797;1.817
Case 4205;3;100;88.45;0.5796;1.818
Case 4206;3;100;88.44;0.5795;1.818
Case 4207;3;100;88.42;0.5794;1.819
Case 4208;3;100;88.41;0.5793;1.82
Case 4209;3;100;88.4;0.5792;1.82
Case 4210;3;100;88.39;0.5791;1.821
Case 4211;3;100;88.38;0.579;1.822
Case 4212;3;100;88.36;0.5789;1.822
Case 4213;3;100;88.35;0.5788;1.823
Case 4214;3;100;88.34;0.5787;1.823
Case 4215;3;100;88.33;0.5786;1.824
Case 4216;3;100;88.31;0.5785;1.825
Case 4217;3;100;88.3;0.5784;1.825
Case 4218;3;100;88.29;0.5783;1.826
Case 4219;3;100;88.28;0.5782;1.827
Case 4220;3;100;88.27;0.5781;1.827
Case 4221;3;100;88.25;0.578;1.828
Case 4222;3;100;88.24;0.5779;1.828
Case 4223;3;100;88.23;0.5778;1.829
Case 4224;3;100;88.22;0.5777;1.83
Case 4225;3;100;88.21;0.5776;1.83
Case 4226;3;100;88.19;0.5775;1.831
Case 4227;3;100;88.17;0.5774;1.831
Case 4228;3;100;88.16;0.5773;1.832
Case 4229;3;100;88.15;0.5772;1.833
Case 4230;3;100;88.14;0.5771;1.833
Case 4231;3;100;88.13;0.577;1.834
Case 4232;3;100;88.11;0.5769;1.835
Case 4233;3;100;88.1;0.5768;1.835
Case 4234;3;100;88.09;0.5767;1.836
Case 4235;3;100;88.08;0.5766;1.836
Case 4236;3;100;88.07;0.5765;1.837
Case 4237;3;100;88.05;0.5764;1.838
Case 4238;3;100;88.04;0.5763;1.838
Case 4239;3;100;88.03;0.5762;1.839
Case 4240;3;100;88.02;0.5761;1.839
Case 4241;3;100;88;0.576;1.84
Case 4242;3;100;87.99;0.5759;1.841
Case 4243;3;100;87.98;0.5758;1.841
Case 4244;3;100;87.97;0.5757;1.842
Case 4245;3;100;87.96;0.5756;1.843
Case 4246;3;100;87.95;0.5755;1.843
Case 4247;3;100;87.93;0.5754;1.844
Case 4248;3;100;87.91;0.5753;1.844
Case 4249;3;100;87.9;0.5752;1.845
Case 4250;3;100;87.89;0.5751;1.846
Case 4251;3;100;87.88;0.575;1.846
Case 4252;3;100;87.87;0.5749;1.847
Case 4253;3;100;87.85;0.5748;1.847
Case 4254;3;100;87.84;0.5747;1.848
Case 4255;3;100;87.83;0.5746;1.849
Case 4256;3;100;87.82;0.5745;1.849
Case 4257;3;100;87.81;0.5744;1.85
Case 4258;3;100;87.8;0.5743;1.85
Case 4259;3;100;87.78;0.5742;1.851
Case 4260;3;100;87.77;0.5741;1.852
Case 4261;3;100;87.76;0.574;1.852
Case 4262;3;100;87.75;0.5739;1.853
Case 4263;3;100;87.74;0.5738;1.853
Case 4264;3;100;87.72;0.5737;1.854
Case 4265;3;100;87.71;0.5736;1.855
Case 4266;3;100;87.7;0.5735;1.855
Case 4267;3;100;87.69;0.5734;1.856
Case 4268;3;100;87.68;0.5733;1.856
Case 4269;3;100;87.67;0.5732;1.857
Case 4270;3;100;87.65;0.5731;1.858
Case 4271;3;100;87.63;0.573;1.858
Case 4272;3;100;87.62;0.5729;1.859
Case 4273;3;100;87.61;0.5728;1.859
Case 4274;3;100;87.6;0.5727;1.86
Case 4275;3;100;87.59;0.5726;1.861
Case 4276;3;100;87.58;0.5725;1.861
Case 4277;3;100;87.56;0.5724;1.862
Case 4278;3;100;87.55;0.5723;1.862
Case 4279;3;100;87.54;0.5722;1.863
Case 4280;3;100;87.53;0.5721;1.864
Case 4281;3;100;87.52;0.572;1.864
Case 4282;3;100;87.51;0.5719;1.865
Case 4283;3;100;87.49;0.5718;1.865
Case 4284;3;100;87.48;0.5717;1.866
Case 4285;3;100;87.47;0.5716;1.867
Case 4286;3;100;87.46;0.5715;1.867
Case 4287;3;100;87.45;0.5714;1.868
Case 4288;3;100;87.43;0.5713;1.868
Case 4289;3;100;87.43;0.5712;1.869
Case 4290;3;100;87.41;0.5711;1.87
Case 4291;3;100;87.4;0.571;1.87
Case 4292;3;100;87.39;0.5709;1.871
Case 4293;3;100;87.37;0.5708;1.871
Case 4294;3;100;87.36;0.5707;1.872
Case 4295;3;100;87.35;0.5706;1.873
Case 4296;3;100;87.34;0.5705;1.873
Case 4297;3;100;87.33;0.5704;1.874
Case 4298;3;100;87.31;0.5703;1.874
Case 4299;3;100;87.3;0.5702;1.875
Case 4300;3;100;87.29;0.5701;1.876
Case 4301;3;100;87.28;0.57;1.876
Case 4302;3;100;87.27;0.5699;1.877
Case 4303;3;100;87.26;0.5698;1.877
Case 4304;3;100;87.25;0.5697;1.878
Case 4305;3;100;87.23;0.5696;1.878
Case 4306;3;100;87.22;0.5695;1.879
Case 4307;3;100;87.21;0.5694;1.88
Case 4308;3;100;87.2;0.5693;1.88
Case 4309;3;100;87.19;0.5692;1.881
Case 4310;3;100;87.18;0.5691;1.881
Case 4311;3;100;87.17;0.569;1.882
Case 4312;3;100;87.15;0.5689;1.883
Case 4313;3;100;87.13;0.5688;1.883
Case 4314;3;100;87.12;0.5687;1.884
Case 4315;3;100;87.11;0.5686;1.884
Case 4316;3;100;87.1;0.5685;1.885
Case 4317;3;100;87.09;0.5684;1.885
Case 4318;3;100;87.08;0.5683;1.886
Case 4319;3;100;87.07;0.5682;1.887
Case 4320;3;100;87.06;0.5681;1.887
Case 4321;3;100;87.05;0.568;1.888
Case 4322;3;100;87.04;0.5679;1.888
Case 4323;3;100;87.02;0.5678;1.889
Case 4324;3;100;87;0.5677;1.89
Case 4325;3;100;86.99;0.5676;1.89
Case 4326;3;100;86.98;0.5675;1.891
Case 4327;3;100;86.97;0.5674;1.891
Case 4328;3;100;86.96;0.5673;1.892
Case 4329;3;100;86.95;0.5672;1.892
Case 4330;3;100;86.94;0.5671;1.893
Case 4331;3;100;86.93;0.567;1.894
Case 4332;3;100;86.92;0.5669;1.894
Case 4333;3;100;86.91;0.5668;1.895
Case 4334;3;100;86.89;0.5667;1.895
Case 4335;3;100;86.89;0.5666;1.896
Case 4336;3;100;86.87;0.5665;1.896
Case 4337;3;100;86.86;0.5664;1.897
Case 4338;3;100;86.85;0.5663;1.898
Case 4339;3;100;86.84;0.5662;1.898
Case 4340;3;100;86.83;0.5661;1.899
Case 4341;3;100;86.82;0.566;1.899
Case 4342;3;100;86.8;0.5659;1.9
Case 4343;3;100;86.79;0.5658;1.9
Case 4344;3;100;86.78;0.5657;1.901
Case 4345;3;100;86.77;0.5656;1.902
Case 4346;3;100;86.75;0.5655;1.902
Case 4347;3;100;86.75;0.5654;1.903
Case 4348;3;100;86.73;0.5653;1.903
Case 4349;3;100;86.72;0.5652;1.904
Case 4350;3;100;86.71;0.5651;1.904
Case 4351;3;100;86.7;0.565;1.905
Case 4352;3;100;86.69;0.5649;1.906
Case 4353;3;100;86.68;0.5648;1.906
Case 4354;3;100;86.66;0.5647;1.907
Case 4355;3;100;86.65;0.5646;1.907
Case 4356;3;100;86.64;0.5645;1.908
Case 4357;3;100;86.63;0.5644;1.908
Case 4358;3;100;86.62;0.5643;1.909
Case 4359;3;100;86.61;0.5642;1.91
Case 4360;3;100;86.59;0.5641;1.91
Case 4361;3;100;86.58;0.564;1.911
Case 4362;3;100;86.57;0.5639;1.911
Case 4363;3;100;86.56;0.5638;1.912
Case 4364;3;100;86.55;0.5637;1.912
Case 4365;3;100;86.54;0.5636;1.913
Case 4366;3;100;86.53;0.5635;1.914
Case 4367;3;100;86.51;0.5634;1.914
Case 4368;3;100;86.51;0.5633;1.915
Case 4369;3;100;86.49;0.5632;1.915
Case 4370;3;100;86.48;0.5631;1.916
Case 4371;3;100;86.47;0.563;1.916
Case 4372;3;100;86.46;0.5629;1.917
Case 4373;3;100;86.45;0.5628;1.918
Case 4374;3;100;86.44;0.5627;1.918
Case 4375;3;100;86.43;0.5626;1.919
Case 4376;3;100;86.41;0.5625;1.919
Case 4377;3;100;86.4;0.5624;1.92
Case 4378;3;100;86.39;0.5623;1.92
Case 4379;3;100;86.38;0.5622;1.921
Case 4380;3;100;86.37;0.5621;1.921
Case 4381;3;100;86.35;0.562;1.922
Case 4382;3;100;86.35;0.5619;1.923
Case 4383;3;100;86.33;0.5618;1.923
Case 4384;3;100;86.32;0.5617;1.924
Case 4385;3;100;86.31;0.5616;1.924
Case 4386;3;100;86.3;0.5615;1.925
Case 4387;3;100;86.29;0.5614;1.925
Case 4388;3;100;86.28;0.5613;1.926
Case 4389;3;100;86.27;0.5612;1.926
Case 4390;3;100;86.26;0.5611;1.927
Case 4391;3;100;86.24;0.561;1.928
Case 4392;3;100;86.23;0.5609;1.928
Case 4393;3;100;86.22;0.5608;1.929
Case 4394;3;100;86.21;0.5607;1.929
Case 4395;3;100;86.2;0.5606;1.93
Case 4396;3;100;86.19;0.5605;1.93
Case 4397;3;100;86.18;0.5604;1.931
Case 4398;3;100;86.16;0.5603;1.931
Case 4399;3;100;86.15;0.5602;1.932
Case 4400;3;100;86.14;0.5601;1.933
Case 4401;3;100;86.13;0.56;1.933
Case 4402;3;100;86.12;0.5599;1.934
Case 4403;3;100;86.11;0.5598;1.934
Case 4404;3;100;86.1;0.5597;1.935
Case 4405;3;100;86.09;0.5596;1.935
Case 4406;3;100;86.07;0.5595;1.936
Case 4407;3;100;86.07;0.5594;1.936
Case 4408;3;100;86.05;0.5593;1.937
Case 4409;3;100;86.04;0.5592;1.938
Case 4410;3;100;86.03;0.5591;1.938
Case 4411;3;100;86.02;0.559;1.939
Case 4412;3;100;86.01;0.5589;1.939
Case 4413;3;100;86;0.5588;1.94
Case 4414;3;100;85.99;0.5587;1.94
Case 4415;3;100;85.98;0.5586;1.941
Case 4416;3;100;85.97;0.5585;1.941
Case 4417;3;100;85.95;0.5584;1.942
Case 4418;3;100;85.94;0.5583;1.942
Case 4419;3;100;85.93;0.5582;1.943
Case 4420;3;100;85.92;0.5581;1.944
Case 4421;3;100;85.91;0.558;1.944
Case 4422;3;100;85.9;0.5579;1.945
Case 4423;3;100;85.89;0.5578;1.945
Case 4424;3;100;85.88;0.5577;1.946
Case 4425;3;100;85.86;0.5576;1.946
Case 4426;3;100;85.85;0.5575;1.947
Case 4427;3;100;85.84;0.5574;1.947
Case 4428;3;100;85.83;0.5573;1.948
Case 4429;3;100;85.82;0.5572;1.948
Case 4430;3;100;85.81;0.5571;1.949
Case 4431;3;100;85.8;0.557;1.95
Case 4432;3;100;85.79;0.5569;1.95
Case 4433;3;100;85.78;0.5568;1.951
Case 4434;3;100;85.77;0.5567;1.951
Case 4435;3;100;85.75;0.5566;1.952
Case 4436;3;100;85.75;0.5565;1.952
Case 4437;3;100;85.73;0.5564;1.953
Case 4438;3;100;85.72;0.5563;1.953
Case 4439;3;100;85.71;0.5562;1.954
Case 4440;3;100;85.7;0.5561;1.954
Case 4441;3;100;85.69;0.556;1.955
Case 4442;3;100;85.68;0.5559;1.955
Case 4443;3;100;85.67;0.5558;1.956
Case 4444;3;100;85.66;0.5557;1.957
Case 4445;3;100;85.65;0.5556;1.957
Case 4446;3;100;85.64;0.5555;1.958
Case 4447;3;100;85.63;0.5554;1.958
Case 4448;3;100;85.61;0.5553;1.959
Case 4449;3;100;85.6;0.5552;1.959
Case 4450;3;100;85.59;0.5551;1.96
Case 4451;3;100;85.58;0.555;1.96
Case 4452;3;100;85.57;0.5549;1.961
Case 4453;3;100;85.56;0.5548;1.961
Case 4454;3;100;85.54;0.5547;1.962
Case 4455;3;100;85.54;0.5546;1.962
Case 4456;3;100;85.52;0.5545;1.963
Case 4457;3;100;85.51;0.5544;1.964
Case 4458;3;100;85.5;0.5543;1.964
Case 4459;3;100;85.49;0.5542;1.965
Case 4460;3;100;85.48;0.5541;1.965
Case 4461;3;100;85.47;0.554;1.966
Case 4462;3;100;85.46;0.5539;1.966
Case 4463;3;100;85.45;0.5538;1.967
Case 4464;3;100;85.44;0.5537;1.967
Case 4465;3;100;85.43;0.5536;1.968
Case 4466;3;100;85.42;0.5535;1.968
Case 4467;3;100;85.41;0.5534;1.969
Case 4468;3;100;85.39;0.5533;1.969
Case 4469;3;100;85.38;0.5532;1.97
Case 4470;3;100;85.37;0.5531;1.97
Case 4471;3;100;85.36;0.553;1.971
Case 4472;3;100;85.35;0.5529;1.972
Case 4473;3;100;85.34;0.5528;1.972
Case 4474;3;100;85.33;0.5527;1.973
Case 4475;3;100;85.32;0.5526;1.973
Case 4476;3;100;85.31;0.5525;1.974
Case 4477;3;100;85.3;0.5524;1.974
Case 4478;3;100;85.28;0.5523;1.975
Case 4479;3;100;85.27;0.5522;1.975
Case 4480;3;100;85.26;0.5521;1.976
Case 4481;3;100;85.25;0.552;1.976
Case 4482;3;100;85.24;0.5519;1.977
Case 4483;3;100;85.23;0.5518;1.977
Case 4484;3;100;85.22;0.5517;1.978
Case 4485;3;100;85.21;0.5516;1.978
Case 4486;3;100;85.2;0.5515;1.979
Case 4487;3;100;85.19;0.5514;1.979
Case 4488;3;100;85.18;0.5513;1.98
Case 4489;3;100;85.17;0.5512;1.98
Case 4490;3;100;85.16;0.5511;1.981
Case 4491;3;100;85.14;0.551;1.982
Case 4492;3;100;85.14;0.5509;1.982
Case 4493;3;100;85.12;0.5508;1.983
Case 4494;3;100;85.11;0.5507;1.983
Case 4495;3;100;85.1;0.5506;1.984
Case 4496;3;100;85.09;0.5505;1.984
Case 4497;3;100;85.08;0.5504;1.985
Case 4498;3;100;85.07;0.5503;1.985
Case 4499;3;100;85.06;0.5502;1.986
Case 4500;3;100;85.05;0.5501;1.986
Case 4501;3;100;85.04;0.55;1.987
Case 4502;3;100;85.03;0.5499;1.987
Case 4503;3;100;85.02;0.5498;1.988
Case 4504;3;100;85.01;0.5497;1.988
Case 4505;3;100;85;0.5496;1.989
Case 4506;3;100;84.99;0.5495;1.989
Case 4507;3;100;84.98;0.5494;1.99
Case 4508;3;100;84.97;0.5493;1.99
Case 4509;3;100;84.95;0.5492;1.991
Case 4510;3;100;84.94;0.5491;1.991
Case 4511;3;100;84.93;0.549;1.992
Case 4512;3;100;84.92;0.5489;1.992
Case 4513;3;100;84.91;0.5488;1.993
Case 4514;3;100;84.9;0.5487;1.993
Case 4515;3;100;84.89;0.5486;1.994
Case 4516;3;100;84.88;0.5485;1.995
Case 4517;3;100;84.87;0.5484;1.995
Case 4518;3;100;84.85;0.5483;1.996
Case 4519;3;100;84.85;0.5482;1.996
Case 4520;3;100;84.83;0.5481;1.997
Case 4521;3;100;84.82;0.548;1.997
Case 4522;3;100;84.81;0.5479;1.998
Case 4523;3;100;84.8;0.5478;1.998
Case 4524;3;100;84.79;0.5477;1.999
Case 4525;3;100;84.78;0.5476;1.999
Case 4526;3;100;84.77;0.5475;2
Case 4527;3;100;84.76;0.5474;2
Case 4528;3;100;84.75;0.5473;2.001
Case 4529;3;100;84.74;0.5472;2.001
Case 4530;3;100;84.73;0.5471;2.002
Case 4531;3;100;84.72;0.547;2.002
Case 4532;3;100;84.71;0.5469;2.003
Case 4533;3;100;84.7;0.5468;2.003
Case 4534;3;100;84.69;0.5467;2.004
Case 4535;3;100;84.68;0.5466;2.004
Case 4536;3;100;84.67;0.5465;2.005
Case 4537;3;100;84.66;0.5464;2.005
Case 4538;3;100;84.64;0.5463;2.006
Case 4539;3;100;84.64;0.5462;2.006
Case 4540;3;100;84.62;0.5461;2.007
Case 4541;3;100;84.61;0.546;2.007
Case 4542;3;100;84.6;0.5459;2.008
Case 4543;3;100;84.59;0.5458;2.008
Case 4544;3;100;84.58;0.5457;2.009
Case 4545;3;100;84.57;0.5456;2.009
Case 4546;3;100;84.56;0.5455;2.01
Case 4547;3;100;84.55;0.5454;2.01
Case 4548;3;100;84.54;0.5453;2.011
Case 4549;3;100;84.53;0.5452;2.011
Case 4550;3;100;84.52;0.5451;2.012
Case 4551;3;100;84.51;0.545;2.012
Case 4552;3;100;84.5;0.5449;2.013
Case 4553;3;100;84.49;0.5448;2.013
Case 4554;3;100;84.48;0.5447;2.014
Case 4555;3;100;84.47;0.5446;2.014
Case 4556;3;100;84.46;0.5445;2.015
Case 4557;3;100;84.45;0.5444;2.015
Case 4558;3;100;84.44;0.5443;2.016
Case 4559;3;100;84.43;0.5442;2.016
Case 4560;3;100;84.42;0.5441;2.017
Case 4561;3;100;84.41;0.544;2.017
Case 4562;3;100;84.39;0.5439;2.018
Case 4563;3;100;84.38;0.5438;2.018
Case 4564;3;100;84.37;0.5437;2.019
Case 4565;3;100;84.36;0.5436;2.019
Case 4566;3;100;84.35;0.5435;2.02
Case 4567;3;100;84.34;0.5434;2.02
Case 4568;3;100;84.33;0.5433;2.021
Case 4569;3;100;84.32;0.5432;2.021
Case 4570;3;100;84.31;0.5431;2.022
Case 4571;3;100;84.3;0.543;2.022
Case 4572;3;100;84.29;0.5429;2.023
Case 4573;3;100;84.28;0.5428;2.023
Case 4574;3;100;84.27;0.5427;2.024
Case 4575;3;100;84.26;0.5426;2.024
Case 4576;3;100;84.24;0.5425;2.025
Case 4577;3;100;84.24;0.5424;2.025
Case 4578;3;100;84.22;0.5423;2.026
Case 4579;3;100;84.21;0.5422;2.026
Case 4580;3;100;84.2;0.5421;2.027
Case 4581;3;100;84.19;0.542;2.027
Case 4582;3;100;84.18;0.5419;2.028
Case 4583;3;100;84.17;0.5418;2.028
Case 4584;3;100;84.16;0.5417;2.029
Case 4585;3;100;84.15;0.5416;2.029
Case 4586;3;100;84.14;0.5415;2.03
Case 4587;3;100;84.13;0.5414;2.03
Case 4588;3;100;84.12;0.5413;2.031
Case 4589;3;100;84.11;0.5412;2.031
Case 4590;3;100;84.1;0.5411;2.032
Case 4591;3;100;84.09;0.541;2.032
Case 4592;3;100;84.08;0.5409;2.033
Case 4593;3;100;84.07;0.5408;2.033
Case 4594;3;100;84.06;0.5407;2.034
Case 4595;3;100;84.05;0.5406;2.034
Case 4596;3;100;84.04;0.5405;2.035
Case 4597;3;100;84.03;0.5404;2.035
Case 4598;3;100;84.02;0.5403;2.036
Case 4599;3;100;84.01;0.5402;2.036
Case 4600;3;100;84;0.5401;2.037
Case 4601;3;100;83.99;0.54;2.037
Case 4602;3;100;83.98;0.5399;2.038
Case 4603;3;100;83.97;0.5398;2.038
Case 4604;3;100;83.96;0.5397;2.039
Case 4605;3;100;83.95;0.5396;2.039
Case 4606;3;100;83.94;0.5395;2.04
Case 4607;3;100;83.93;0.5394;2.04
Case 4608;3;100;83.91;0.5393;2.041
Case 4609;3;100;83.9;0.5392;2.041
Case 4610;3;100;83.89;0.5391;2.042
Case 4611;3;100;83.88;0.539;2.042
Case 4612;3;100;83.87;0.5389;2.043
Case 4613;3;100;83.86;0.5388;2.043
Case 4614;3;100;83.85;0.5387;2.044
Case 4615;3;100;83.84;0.5386;2.044
Case 4616;3;100;83.83;0.5385;2.045
Case 4617;3;100;83.82;0.5384;2.045
Case 4618;3;100;83.81;0.5383;2.046
Case 4619;3;100;83.8;0.5382;2.046
Case 4620;3;100;83.79;0.5381;2.047
Case 4621;3;100;83.78;0.538;2.047
Case 4622;3;100;83.77;0.5379;2.048
Case 4623;3;100;83.76;0.5378;2.048
Case 4624;3;100;83.75;0.5377;2.049
Case 4625;3;100;83.74;0.5376;2.049
Case 4626;3;100;83.73;0.5375;2.05
Case 4627;3;100;83.72;0.5374;2.05
Case 4628;3;100;83.71;0.5373;2.051
Case 4629;3;100;83.7;0.5372;2.051
Case 4630;3;100;83.68;0.5371;2.052
Case 4631;3;100;83.67;0.537;2.052
Case 4632;3;100;83.66;0.5369;2.053
Case 4633;3;100;83.65;0.5368;2.053
Case 4634;3;100;83.64;0.5367;2.053
Case 4635;3;100;83.63;0.5366;2.054
Case 4636;3;100;83.62;0.5365;2.054
Case 4637;3;100;83.61;0.5364;2.055
Case 4638;3;100;83.6;0.5363;2.055
Case 4639;3;100;83.59;0.5362;2.056
Case 4640;3;100;83.58;0.5361;2.056
Case 4641;3;100;83.57;0.536;2.057
Case 4642;3;100;83.56;0.5359;2.057
Case 4643;3;100;83.55;0.5358;2.058
Case 4644;3;100;83.54;0.5357;2.058
Case 4645;3;100;83.53;0.5356;2.059
Case 4646;3;100;83.52;0.5355;2.059
Case 4647;3;100;83.51;0.5354;2.06
Case 4648;3;100;83.5;0.5353;2.06
Case 4649;3;100;83.49;0.5352;2.061
Case 4650;3;100;83.48;0.5351;2.061
Case 4651;3;100;83.47;0.535;2.062
Case 4652;3;100;83.46;0.5349;2.062
Case 4653;3;100;83.45;0.5348;2.063
Case 4654;3;100;83.44;0.5347;2.063
Case 4655;3;100;83.43;0.5346;2.064
Case 4656;3;100;83.42;0.5345;2.064
Case 4657;3;100;83.41;0.5344;2.065
Case 4658;3;100;83.4;0.5343;2.065
Case 4659;3;100;83.39;0.5342;2.066
Case 4660;3;100;83.38;0.5341;2.066
Case 4661;3;100;83.37;0.534;2.066
Case 4662;3;100;83.36;0.5339;2.067
Case 4663;3;100;83.35;0.5338;2.067
Case 4664;3;100;83.34;0.5337;2.068
Case 4665;3;100;83.33;0.5336;2.068
Case 4666;3;100;83.32;0.5335;2.069
Case 4667;3;100;83.31;0.5334;2.069
Case 4668;3;100;83.3;0.5333;2.07
Case 4669;3;100;83.29;0.5332;2.07
Case 4670;3;100;83.28;0.5331;2.071
Case 4671;3;100;83.27;0.533;2.071
Case 4672;3;100;83.26;0.5329;2.072
Case 4673;3;100;83.25;0.5328;2.072
Case 4674;3;100;83.24;0.5327;2.073
Case 4675;3;100;83.23;0.5326;2.073
Case 4676;3;100;83.22;0.5325;2.074
Case 4677;3;100;83.21;0.5324;2.074
Case 4678;3;100;83.2;0.5323;2.075
Case 4679;3;100;83.19;0.5322;2.075
Case 4680;3;100;83.18;0.5321;2.075
Case 4681;3;100;83.17;0.532;2.076
Case 4682;3;100;83.16;0.5319;2.076
Case 4683;3;100;83.15;0.5318;2.077
Case 4684;3;100;83.14;0.5317;2.077
Case 4685;3;100;83.13;0.5316;2.078
Case 4686;3;100;83.12;0.5315;2.078
Case 4687;3;100;83.1;0.5314;2.079
Case 4688;3;100;83.1;0.5313;2.079
Case 4689;3;100;83.08;0.5312;2.08
Case 4690;3;100;83.07;0.5311;2.08
Case 4691;3;100;83.06;0.531;2.081
Case 4692;3;100;83.05;0.5309;2.081
Case 4693;3;100;83.04;0.5308;2.082
Case 4694;3;100;83.03;0.5307;2.082
Case 4695;3;100;83.02;0.5306;2.083
Case 4696;3;100;83.01;0.5305;2.083
Case 4697;3;100;83;0.5304;2.083
Case 4698;3;100;82.99;0.5303;2.084
Case 4699;3;100;82.98;0.5302;2.084
Case 4700;3;100;82.97;0.5301;2.085
Case 4701;3;100;82.96;0.53;2.085
Case 4702;3;100;82.95;0.5299;2.086
Case 4703;3;100;82.94;0.5298;2.086
Case 4704;3;100;82.93;0.5297;2.087
Case 4705;3;100;82.92;0.5296;2.087
Case 4706;3;100;82.91;0.5295;2.088
Case 4707;3;100;82.9;0.5294;2.088
Case 4708;3;100;82.89;0.5293;2.089
Case 4709;3;100;82.88;0.5292;2.089
Case 4710;3;100;82.87;0.5291;2.09
Case 4711;3;100;82.86;0.529;2.09
Case 4712;3;100;82.85;0.5289;2.09
Case 4713;3;100;82.84;0.5288;2.091
Case 4714;3;100;82.83;0.5287;2.091
Case 4715;3;100;82.82;0.5286;2.092
Case 4716;3;100;82.81;0.5285;2.092
Case 4717;3;100;82.8;0.5284;2.093
Case 4718;3;100;82.79;0.5283;2.093
Case 4719;3;100;82.78;0.5282;2.094
Case 4720;3;100;82.77;0.5281;2.094
Case 4721;3;100;82.76;0.528;2.095
Case 4722;3;100;82.75;0.5279;2.095
Case 4723;3;100;82.74;0.5278;2.096
Case 4724;3;100;82.73;0.5277;2.096
Case 4725;3;100;82.72;0.5276;2.096
Case 4726;3;100;82.71;0.5275;2.097
Case 4727;3;100;82.7;0.5274;2.097
Case 4728;3;100;82.69;0.5273;2.098
Case 4729;3;100;82.68;0.5272;2.098
Case 4730;3;100;82.67;0.5271;2.099
Case 4731;3;100;82.66;0.527;2.099
Case 4732;3;100;82.65;0.5269;2.1
Case 4733;3;100;82.64;0.5268;2.1
Case 4734;3;100;82.63;0.5267;2.101
Case 4735;3;100;82.62;0.5266;2.101
Case 4736;3;100;82.61;0.5265;2.102
Case 4737;3;100;82.6;0.5264;2.102
Case 4738;3;100;82.59;0.5263;2.102
Case 4739;3;100;82.58;0.5262;2.103
Case 4740;3;100;82.57;0.5261;2.103
Case 4741;3;100;82.56;0.526;2.104
Case 4742;3;100;82.55;0.5259;2.104
Case 4743;3;100;82.54;0.5258;2.105
Case 4744;3;100;82.53;0.5257;2.105
Case 4745;3;100;82.52;0.5256;2.106
Case 4746;3;100;82.51;0.5255;2.106
Case 4747;3;100;82.5;0.5254;2.107
Case 4748;3;100;82.49;0.5253;2.107
Case 4749;3;100;82.48;0.5252;2.107
Case 4750;3;100;82.47;0.5251;2.108
Case 4751;3;100;82.46;0.525;2.108
Case 4752;3;100;82.45;0.5249;2.109
Case 4753;3;100;82.44;0.5248;2.109
Case 4754;3;100;82.43;0.5247;2.11
Case 4755;3;100;82.42;0.5246;2.11
Case 4756;3;100;82.41;0.5245;2.111
Case 4757;3;100;82.4;0.5244;2.111
Case 4758;3;100;82.39;0.5243;2.112
Case 4759;3;100;82.38;0.5242;2.112
Case 4760;3;100;82.37;0.5241;2.112
Case 4761;3;100;82.36;0.524;2.113
Case 4762;3;100;82.35;0.5239;2.113
Case 4763;3;100;82.34;0.5238;2.114
Case 4764;3;100;82.33;0.5237;2.114
Case 4765;3;100;82.32;0.5236;2.115
Case 4766;3;100;82.31;0.5235;2.115
Case 4767;3;100;82.3;0.5234;2.116
Case 4768;3;100;82.29;0.5233;2.116
Case 4769;3;100;82.28;0.5232;2.117
Case 4770;3;100;82.27;0.5231;2.117
Case 4771;3;100;82.26;0.523;2.117
Case 4772;3;100;82.25;0.5229;2.118
Case 4773;3;100;82.24;0.5228;2.118
Case 4774;3;100;82.23;0.5227;2.119
Case 4775;3;100;82.22;0.5226;2.119
Case 4776;3;100;82.21;0.5225;2.12
Case 4777;3;100;82.2;0.5224;2.12
Case 4778;3;100;82.19;0.5223;2.121
Case 4779;3;100;82.18;0.5222;2.121
Case 4780;3;100;82.17;0.5221;2.121
Case 4781;3;100;82.16;0.522;2.122
Case 4782;3;100;82.15;0.5219;2.122
Case 4783;3;100;82.14;0.5218;2.123
Case 4784;3;100;82.13;0.5217;2.123
Case 4785;3;100;82.12;0.5216;2.124
Case 4786;3;100;82.11;0.5215;2.124
Case 4787;3;100;82.1;0.5214;2.125
Case 4788;3;100;82.09;0.5213;2.125
Case 4789;3;100;82.08;0.5212;2.125
Case 4790;3;100;82.07;0.5211;2.126
Case 4791;3;100;82.06;0.521;2.126
Case 4792;3;100;82.05;0.5209;2.127
Case 4793;3;100;82.04;0.5208;2.127
Case 4794;3;100;82.03;0.5207;2.128
Case 4795;3;100;82.02;0.5206;2.128
Case 4796;3;100;82.01;0.5205;2.129
Case 4797;3;100;82;0.5204;2.129
Case 4798;3;100;81.99;0.5203;2.129
Case 4799;3;100;81.98;0.5202;2.13
Case 4800;3;100;81.97;0.5201;2.13
Case 4801;3;100;81.96;0.52;2.131
Case 4802;3;100;81.95;0.5199;2.131
Case 4803;3;100;81.94;0.5198;2.132
Case 4804;3;100;81.93;0.5197;2.132
Case 4805;3;100;81.92;0.5196;2.133
Case 4806;3;100;81.91;0.5195;2.133
Case 4807;3;100;81.9;0.5194;2.133
Case 4808;3;100;81.89;0.5193;2.134
Case 4809;3;100;81.88;0.5192;2.134
Case 4810;3;100;81.87;0.5191;2.135
Case 4811;3;100;81.86;0.519;2.135
Case 4812;3;100;81.85;0.5189;2.136
Case 4813;3;100;81.84;0.5188;2.136
Case 4814;3;100;81.83;0.5187;2.137
Case 4815;3;100;81.82;0.5186;2.137
Case 4816;3;100;81.81;0.5185;2.137
Case 4817;3;100;81.8;0.5184;2.138
Case 4818;3;100;81.79;0.5183;2.138
Case 4819;3;100;81.78;0.5182;2.139
Case 4820;3;100;81.77;0.5181;2.139
Case 4821;3;100;81.76;0.518;2.14
Case 4822;3;100;81.75;0.5179;2.14
Case 4823;3;100;81.74;0.5178;2.141
Case 4824;3;100;81.73;0.5177;2.141
Case 4825;3;100;81.72;0.5176;2.141
Case 4826;3;100;81.71;0.5175;2.142
Case 4827;3;100;81.7;0.5174;2.142
Case 4828;3;100;81.69;0.5173;2.143
Case 4829;3;100;81.68;0.5172;2.143
Case 4830;3;100;81.67;0.5171;2.144
Case 4831;3;100;81.66;0.517;2.144
Case 4832;3;100;81.65;0.5169;2.144
Case 4833;3;100;81.64;0.5168;2.145
Case 4834;3;100;81.63;0.5167;2.145
Case 4835;3;100;81.62;0.5166;2.146
Case 4836;3;100;81.61;0.5165;2.146
Case 4837;3;100;81.6;0.5164;2.147
Case 4838;3;100;81.59;0.5163;2.147
Case 4839;3;100;81.58;0.5162;2.147
Case 4840;3;100;81.57;0.5161;2.148
Case 4841;3;100;81.56;0.516;2.148
Case 4842;3;100;81.55;0.5159;2.149
Case 4843;3;100;81.54;0.5158;2.149
Case 4844;3;100;81.53;0.5157;2.15
Case 4845;3;100;81.52;0.5156;2.15
Case 4846;3;100;81.51;0.5155;2.151
Case 4847;3;100;81.5;0.5154;2.151
Case 4848;3;100;81.49;0.5153;2.151
Case 4849;3;100;81.48;0.5152;2.152
Case 4850;3;100;81.47;0.5151;2.152
Case 4851;3;100;81.46;0.515;2.153
Case 4852;3;100;81.45;0.5149;2.153
Case 4853;3;100;81.44;0.5148;2.154
Case 4854;3;100;81.43;0.5147;2.154
Case 4855;3;100;81.42;0.5146;2.154
Case 4856;3;100;81.41;0.5145;2.155
Case 4857;3;100;81.4;0.5144;2.155
Case 4858;3;100;81.39;0.5143;2.156
Case 4859;3;100;81.38;0.5142;2.156
Case 4860;3;100;81.37;0.5141;2.157
Case 4861;3;100;81.36;0.514;2.157
Case 4862;3;100;81.35;0.5139;2.157
Case 4863;3;100;81.34;0.5138;2.158
Case 4864;3;100;81.33;0.5137;2.158
Case 4865;3;100;81.32;0.5136;2.159
Case 4866;3;100;81.31;0.5135;2.159
Case 4867;3;100;81.3;0.5134;2.16
Case 4868;3;100;81.29;0.5133;2.16
Case 4869;3;100;81.28;0.5132;2.16
Case 4870;3;100;81.27;0.5131;2.161
Case 4871;3;100;81.26;0.513;2.161
Case 4872;3;100;81.25;0.5129;2.162
Case 4873;3;100;81.24;0.5128;2.162
Case 4874;3;100;81.23;0.5127;2.163
Case 4875;3;100;81.22;0.5126;2.163
Case 4876;3;100;81.21;0.5125;2.163
Case 4877;3;100;81.2;0.5124;2.164
Case 4878;3;100;81.19;0.5123;2.164
Case 4879;3;100;81.18;0.5122;2.165
Case 4880;3;100;81.17;0.5121;2.165
Case 4881;3;100;81.16;0.512;2.166
Case 4882;3;100;81.15;0.5119;2.166
Case 4883;3;100;81.14;0.5118;2.166
Case 4884;3;100;81.13;0.5117;2.167
Case 4885;3;100;81.12;0.5116;2.167
Case 4886;3;100;81.11;0.5115;2.168
Case 4887;3;100;81.1;0.5114;2.168
Case 4888;3;100;81.09;0.5113;2.169
Case 4889;3;100;81.09;0.5112;2.169
Case 4890;3;100;81.08;0.5111;2.169
Case 4891;3;100;81.07;0.511;2.17
Case 4892;3;100;81.06;0.5109;2.17
Case 4893;3;100;81.05;0.5108;2.171
Case 4894;3;100;81.04;0.5107;2.171
Case 4895;3;100;81.03;0.5106;2.172
Case 4896;3;100;81.02;0.5105;2.172
Case 4897;3;100;81.01;0.5104;2.172
Case 4898;3;100;81;0.5103;2.173
Case 4899;3;100;80.99;0.5102;2.173
Case 4900;3;100;80.98;0.5101;2.174
Case 4901;3;100;80.97;0.51;2.174
Case 4902;3;100;80.96;0.5099;2.174
Case 4903;3;100;80.95;0.5098;2.175
Case 4904;3;100;80.94;0.5097;2.175
Case 4905;3;100;80.93;0.5096;2.176
Case 4906;3;100;80.92;0.5095;2.176
Case 4907;3;100;80.91;0.5094;2.177
Case 4908;3;100;80.9;0.5093;2.177
Case 4909;3;100;80.89;0.5092;2.177
Case 4910;3;100;80.88;0.5091;2.178
Case 4911;3;100;80.87;0.509;2.178
Case 4912;3;100;80.86;0.5089;2.179
Case 4913;3;100;80.85;0.5088;2.179
Case 4914;3;100;80.84;0.5087;2.18
Case 4915;3;100;80.83;0.5086;2.18
Case 4916;3;100;80.82;0.5085;2.18
Case 4917;3;100;80.81;0.5084;2.181
Case 4918;3;100;80.8;0.5083;2.181
Case 4919;3;100;80.79;0.5082;2.182
Case 4920;3;100;80.78;0.5081;2.182
Case 4921;3;100;80.77;0.508;2.182
Case 4922;3;100;80.76;0.5079;2.183
Case 4923;3;100;80.75;0.5078;2.183
Case 4924;3;100;80.74;0.5077;2.184
Case 4925;3;100;80.73;0.5076;2.184
Case 4926;3;100;80.72;0.5075;2.185
Case 4927;3;100;80.71;0.5074;2.185
Case 4928;3;100;80.7;0.5073;2.185
Case 4929;3;100;80.69;0.5072;2.186
Case 4930;3;100;80.68;0.5071;2.186
Case 4931;3;100;80.67;0.507;2.187
Case 4932;3;100;80.66;0.5069;2.187
Case 4933;3;100;80.65;0.5068;2.187
Case 4934;3;100;80.64;0.5067;2.188
Case 4935;3;100;80.63;0.5066;2.188
Case 4936;3;100;80.62;0.5065;2.189
Case 4937;3;100;80.61;0.5064;2.189
Case 4938;3;100;80.6;0.5063;2.19
Case 4939;3;100;80.59;0.5062;2.19
Case 4940;3;100;80.58;0.5061;2.19
Case 4941;3;100;80.57;0.506;2.191
Case 4942;3;100;80.56;0.5059;2.191
Case 4943;3;100;80.55;0.5058;2.192
Case 4944;3;100;80.54;0.5057;2.192
Case 4945;3;100;80.53;0.5056;2.192
Case 4946;3;100;80.52;0.5055;2.193
Case 4947;3;100;80.51;0.5054;2.193
Case 4948;3;100;80.5;0.5053;2.194
Case 4949;3;100;80.49;0.5052;2.194
Case 4950;3;100;80.48;0.5051;2.194
Case 4951;3;100;80.47;0.505;2.195
Case 4952;3;100;80.46;0.5049;2.195
Case 4953;3;100;80.45;0.5048;2.196
Case 4954;3;100;80.44;0.5047;2.196
Case 4955;3;100;80.43;0.5046;2.197
Case 4956;3;100;80.42;0.5045;2.197
Case 4957;3;100;80.41;0.5044;2.197
Case 4958;3;100;80.4;0.5043;2.198
Case 4959;3;100;80.39;0.5042;2.198
Case 4960;3;100;80.38;0.5041;2.199
Case 4961;3;100;80.37;0.504;2.199
Case 4962;3;100;80.36;0.5039;2.199
Case 4963;3;100;80.35;0.5038;2.2
Case 4964;3;100;80.34;0.5037;2.2
Case 4965;3;100;80.33;0.5036;2.201
Case 4966;3;100;80.32;0.5035;2.201
Case 4967;3;100;80.31;0.5034;2.201
Case 4968;3;100;80.3;0.5033;2.202
Case 4969;3;100;80.29;0.5032;2.202
Case 4970;3;100;80.29;0.5031;2.203
Case 4971;3;100;80.28;0.503;2.203
Case 4972;3;100;80.27;0.5029;2.203
Case 4973;3;100;80.26;0.5028;2.204
Case 4974;3;100;80.25;0.5027;2.204
Case 4975;3;100;80.24;0.5026;2.205
Case 4976;3;100;80.23;0.5025;2.205
Case 4977;3;100;80.22;0.5024;2.206
Case 4978;3;100;80.21;0.5023;2.206
Case 4979;3;100;80.2;0.5022;2.206
Case 4980;3;100;80.19;0.5021;2.207
Case 4981;3;100;80.18;0.502;2.207
Case 4982;3;100;80.17;0.5019;2.208
Case 4983;3;100;80.16;0.5018;2.208
Case 4984;3;100;80.15;0.5017;2.208
Case 4985;3;100;80.14;0.5016;2.209
Case 4986;3;100;80.13;0.5015;2.209
Case 4987;3;100;80.12;0.5014;2.21
Case 4988;3;100;80.11;0.5013;2.21
Case 4989;3;100;80.1;0.5012;2.21
Case 4990;3;100;80.09;0.5011;2.211
Case 4991;3;100;80.08;0.501;2.211
Case 4992;3;100;80.07;0.5009;2.212
Case 4993;3;100;80.06;0.5008;2.212
Case 4994;3;100;80.05;0.5007;2.212
Case 4995;3;100;80.04;0.5006;2.213
Case 4996;3;100;80.03;0.5005;2.213
Case 4997;3;100;80.02;0.5004;2.214
Case 4998;3;100;80.01;0.5003;2.214
Case 4999;3;100;80;0.5002;2.214
Case 5000;3;100;79.99;0.5001;2.215
Case 5001;3;100;79.98;0.5;2.215
Case 5002;3;100;79.97;0.4999;2.216
Case 5003;3;100;79.96;0.4998;2.216
Case 5004;3;100;79.95;0.4997;2.216
Case 5005;3;100;79.94;0.4996;2.217
Case 5006;3;100;79.93;0.4995;2.217
Case 5007;3;100;79.93;0.4994;2.218
Case 5008;3;100;79.92;0.4993;2.218
Case 5009;3;100;79.91;0.4992;2.218
Case 5010;3;100;79.9;0.4991;2.219
Case 5011;3;100;79.89;0.499;2.219
Case 5012;3;100;79.88;0.4989;2.22
Case 5013;3;100;79.87;0.4988;2.22
Case 5014;3;100;79.86;0.4987;2.22
Case 5015;3;100;79.85;0.4986;2.221
Case 5016;3;100;79.85;0.4985;2.221
Case 5017;3;100;79.84;0.4984;2.222
Case 5018;3;100;79.83;0.4983;2.222
Case 5019;3;100;79.82;0.4982;2.222
Case 5020;3;100;79.81;0.4981;2.223
Case 5021;3;100;79.8;0.498;2.223
Case 5022;3;100;79.79;0.4979;2.224
Case 5023;3;100;79.78;0.4978;2.224
Case 5024;3;100;79.77;0.4977;2.224
Case 5025;3;100;79.77;0.4976;2.225
Case 5026;3;100;79.76;0.4975;2.225
Case 5027;3;100;79.75;0.4974;2.226
Case 5028;3;100;79.74;0.4973;2.226
Case 5029;3;100;79.73;0.4972;2.226
Case 5030;3;100;79.72;0.4971;2.227
Case 5031;3;100;79.71;0.497;2.227
Case 5032;3;100;79.7;0.4969;2.228
Case 5033;3;100;79.69;0.4968;2.228
Case 5034;3;100;79.68;0.4967;2.228
Case 5035;3;100;79.68;0.4966;2.229
Case 5036;3;100;79.67;0.4965;2.229
Case 5037;3;100;79.66;0.4964;2.23
Case 5038;3;100;79.65;0.4963;2.23
Case 5039;3;100;79.64;0.4962;2.23
Case 5040;3;100;79.63;0.4961;2.231
Case 5041;3;100;79.62;0.496;2.231
Case 5042;3;100;79.61;0.4959;2.232
Case 5043;3;100;79.6;0.4958;2.232
Case 5044;3;100;79.6;0.4957;2.232
Case 5045;3;100;79.59;0.4956;2.233
Case 5046;3;100;79.58;0.4955;2.233
Case 5047;3;100;79.57;0.4954;2.234
Case 5048;3;100;79.56;0.4953;2.234
Case 5049;3;100;79.55;0.4952;2.234
Case 5050;3;100;79.54;0.4951;2.235
Case 5051;3;100;79.53;0.495;2.235
Case 5052;3;100;79.52;0.4949;2.235
Case 5053;3;100;79.52;0.4948;2.236
Case 5054;3;100;79.51;0.4947;2.236
Case 5055;3;100;79.5;0.4946;2.237
Case 5056;3;100;79.49;0.4945;2.237
Case 5057;3;100;79.48;0.4944;2.237
Case 5058;3;100;79.47;0.4943;2.238
Case 5059;3;100;79.46;0.4942;2.238
Case 5060;3;100;79.45;0.4941;2.239
Case 5061;3;100;79.44;0.494;2.239
Case 5062;3;100;79.44;0.4939;2.239
Case 5063;3;100;79.44;0.4938;2.24
Case 5064;3;100;79.43;0.4937;2.24
Case 5065;3;100;79.42;0.4936;2.241
Case 5066;3;100;79.41;0.4935;2.241
Case 5067;3;100;79.4;0.4934;2.241
Case 5068;3;100;79.39;0.4933;2.242
Case 5069;3;100;79.38;0.4932;2.242
Case 5070;3;100;79.38;0.4931;2.243
Case 5071;3;100;79.37;0.493;2.243
Case 5072;3;100;79.36;0.4929;2.243
Case 5073;3;100;79.35;0.4928;2.244
Case 5074;3;100;79.34;0.4927;2.244
Case 5075;3;100;79.33;0.4926;2.244
Case 5076;3;100;79.32;0.4925;2.245
Case 5077;3;100;79.31;0.4924;2.245
Case 5078;3;100;79.3;0.4923;2.246
Case 5079;3;100;79.3;0.4922;2.246
Case 5080;3;100;79.29;0.4921;2.246
Case 5081;3;100;79.28;0.492;2.247
Case 5082;3;100;79.27;0.4919;2.247
Case 5083;3;100;79.26;0.4918;2.248
Case 5084;3;100;79.25;0.4917;2.248
Case 5085;3;100;79.24;0.4916;2.248
Case 5086;3;100;79.23;0.4915;2.249
Case 5087;3;100;79.23;0.4914;2.249
Case 5088;3;100;79.22;0.4913;2.25
Case 5089;3;100;79.21;0.4912;2.25
Case 5090;3;100;79.2;0.4911;2.25
Case 5091;3;100;79.19;0.491;2.251
Case 5092;3;100;79.18;0.4909;2.251
Case 5093;3;100;79.17;0.4908;2.251
Case 5094;3;100;79.16;0.4907;2.252
Case 5095;3;100;79.15;0.4906;2.252
Case 5096;3;100;79.15;0.4905;2.253
Case 5097;3;100;79.14;0.4904;2.253
Case 5098;3;100;79.13;0.4903;2.253
Case 5099;3;100;79.12;0.4902;2.254
Case 5100;3;100;79.11;0.4901;2.254
Case 5101;3;100;79.1;0.49;2.255
Case 5102;3;100;79.09;0.4899;2.255
Case 5103;3;100;79.08;0.4898;2.255
Case 5104;3;100;79.08;0.4897;2.256
Case 5105;3;100;79.07;0.4896;2.256
Case 5106;3;100;79.06;0.4895;2.256
Case 5107;3;100;79.05;0.4894;2.257
Case 5108;3;100;79.04;0.4893;2.257
Case 5109;3;100;79.03;0.4892;2.258
Case 5110;3;100;79.02;0.4891;2.258
Case 5111;3;100;79.01;0.489;2.258
Case 5112;3;100;79.01;0.4889;2.259
Case 5113;3;100;79;0.4888;2.259
Case 5114;3;100;78.99;0.4887;2.259
Case 5115;3;100;78.98;0.4886;2.26
Case 5116;3;100;78.97;0.4885;2.26
Case 5117;3;100;78.96;0.4884;2.261
Case 5118;3;100;78.95;0.4883;2.261
Case 5119;3;100;78.94;0.4882;2.261
Case 5120;3;100;78.93;0.4881;2.262
Case 5121;3;100;78.93;0.488;2.262
Case 5122;3;100;78.92;0.4879;2.263
Case 5123;3;100;78.91;0.4878;2.263
Case 5124;3;100;78.9;0.4877;2.263
Case 5125;3;100;78.89;0.4876;2.264
Case 5126;3;100;78.88;0.4875;2.264
Case 5127;3;100;78.87;0.4874;2.264
Case 5128;3;100;78.86;0.4873;2.265
Case 5129;3;100;78.86;0.4872;2.265
Case 5130;3;100;78.85;0.4871;2.266
Case 5131;3;100;78.84;0.487;2.266
Case 5132;3;100;78.83;0.4869;2.266
Case 5133;3;100;78.82;0.4868;2.267
Case 5134;3;100;78.81;0.4867;2.267
Case 5135;3;100;78.8;0.4866;2.267
Case 5136;3;100;78.79;0.4865;2.268
Case 5137;3;100;78.79;0.4864;2.268
Case 5138;3;100;78.78;0.4863;2.269
Case 5139;3;100;78.77;0.4862;2.269
Case 5140;3;100;78.76;0.4861;2.269
Case 5141;3;100;78.75;0.486;2.27
Case 5142;3;100;78.74;0.4859;2.27
Case 5143;3;100;78.73;0.4858;2.27
Case 5144;3;100;78.72;0.4857;2.271
Case 5145;3;100;78.72;0.4856;2.271
Case 5146;3;100;78.71;0.4855;2.272
Case 5147;3;100;78.7;0.4854;2.272
Case 5148;3;100;78.69;0.4853;2.272
Case 5149;3;100;78.68;0.4852;2.273
Case 5150;3;100;78.67;0.4851;2.273
Case 5151;3;100;78.66;0.485;2.273
Case 5152;3;100;78.66;0.4849;2.274
Case 5153;3;100;78.65;0.4848;2.274
Case 5154;3;100;78.64;0.4847;2.275
Case 5155;3;100;78.63;0.4846;2.275
Case 5156;3;100;78.62;0.4845;2.275
Case 5157;3;100;78.61;0.4844;2.276
Case 5158;3;100;78.6;0.4843;2.276
Case 5159;3;100;78.59;0.4842;2.276
Case 5160;3;100;78.59;0.4841;2.277
Case 5161;3;100;78.58;0.484;2.277
Case 5162;3;100;78.57;0.4839;2.278
Case 5163;3;100;78.56;0.4838;2.278
Case 5164;3;100;78.55;0.4837;2.278
Case 5165;3;100;78.54;0.4836;2.279
Case 5166;3;100;78.53;0.4835;2.279
Case 5167;3;100;78.52;0.4834;2.279
Case 5168;3;100;78.52;0.4833;2.28
Case 5169;3;100;78.51;0.4832;2.28
Case 5170;3;100;78.5;0.4831;2.281
Case 5171;3;100;78.49;0.483;2.281
Case 5172;3;100;78.48;0.4829;2.281
Case 5173;3;100;78.47;0.4828;2.282
Case 5174;3;100;78.46;0.4827;2.282
Case 5175;3;100;78.45;0.4826;2.282
Case 5176;3;100;78.45;0.4825;2.283
Case 5177;3;100;78.44;0.4824;2.283
Case 5178;3;100;78.43;0.4823;2.284
Case 5179;3;100;78.42;0.4822;2.284
Case 5180;3;100;78.41;0.4821;2.284
Case 5181;3;100;78.4;0.482;2.285
Case 5182;3;100;78.39;0.4819;2.285
Case 5183;3;100;78.39;0.4818;2.285
Case 5184;3;100;78.38;0.4817;2.286
Case 5185;3;100;78.37;0.4816;2.286
Case 5186;3;100;78.36;0.4815;2.287
Case 5187;3;100;78.35;0.4814;2.287
Case 5188;3;100;78.34;0.4813;2.287
Case 5189;3;100;78.33;0.4812;2.288
Case 5190;3;100;78.32;0.4811;2.288
Case 5191;3;100;78.32;0.481;2.288
Case 5192;3;100;78.31;0.4809;2.289
Case 5193;3;100;78.3;0.4808;2.289
Case 5194;3;100;78.29;0.4807;2.289
Case 5195;3;100;78.28;0.4806;2.29
Case 5196;3;100;78.27;0.4805;2.29
Case 5197;3;100;78.26;0.4804;2.291
Case 5198;3;100;78.26;0.4803;2.291
Case 5199;3;100;78.25;0.4802;2.291
Case 5200;3;100;78.24;0.4801;2.292
Case 5201;3;100;78.23;0.48;2.292
Case 5202;3;100;78.22;0.4799;2.292
Case 5203;3;100;78.21;0.4798;2.293
Case 5204;3;100;78.2;0.4797;2.293
Case 5205;3;100;78.19;0.4796;2.294
Case 5206;3;100;78.19;0.4795;2.294
Case 5207;3;100;78.18;0.4794;2.294
Case 5208;3;100;78.17;0.4793;2.295
Case 5209;3;100;78.16;0.4792;2.295
Case 5210;3;100;78.15;0.4791;2.295
Case 5211;3;100;78.14;0.479;2.296
Case 5212;3;100;78.13;0.4789;2.296
Case 5213;3;100;78.13;0.4788;2.296
Case 5214;3;100;78.12;0.4787;2.297
Case 5215;3;100;78.11;0.4786;2.297
Case 5216;3;100;78.1;0.4785;2.298
Case 5217;3;100;78.09;0.4784;2.298
Case 5218;3;100;78.08;0.4783;2.298
Case 5219;3;100;78.07;0.4782;2.299
Case 5220;3;100;78.06;0.4781;2.299
Case 5221;3;100;78.06;0.478;2.299
Case 5222;3;100;78.05;0.4779;2.3
Case 5223;3;100;78.04;0.4778;2.3
Case 5224;3;100;78.03;0.4777;2.3
Case 5225;3;100;78.02;0.4776;2.301
Case 5226;3;100;78.01;0.4775;2.301
Case 5227;3;100;78;0.4774;2.302
Case 5228;3;100;78;0.4773;2.302
Case 5229;3;100;77.99;0.4772;2.302
Case 5230;3;100;77.98;0.4771;2.303
Case 5231;3;100;77.97;0.477;2.303
Case 5232;3;100;77.96;0.4769;2.303
Case 5233;3;100;77.95;0.4768;2.304
Case 5234;3;100;77.94;0.4767;2.304
Case 5235;3;100;77.94;0.4766;2.304
Case 5236;3;100;77.93;0.4765;2.305
Case 5237;3;100;77.92;0.4764;2.305
Case 5238;3;100;77.91;0.4763;2.305
Case 5239;3;100;77.9;0.4762;2.306
Case 5240;3;100;77.89;0.4761;2.306
Case 5241;3;100;77.88;0.476;2.307
Case 5242;3;100;77.87;0.4759;2.307
Case 5243;3;100;77.87;0.4758;2.307
Case 5244;3;100;77.86;0.4757;2.308
Case 5245;3;100;77.85;0.4756;2.308
Case 5246;3;100;77.84;0.4755;2.308
Case 5247;3;100;77.83;0.4754;2.309
Case 5248;3;100;77.82;0.4753;2.309
Case 5249;3;100;77.81;0.4752;2.309
Case 5250;3;100;77.81;0.4751;2.31
Case 5251;3;100;77.8;0.475;2.31
Case 5252;3;100;77.79;0.4749;2.311
Case 5253;3;100;77.78;0.4748;2.311
Case 5254;3;100;77.77;0.4747;2.311
Case 5255;3;100;77.76;0.4746;2.312
Case 5256;3;100;77.75;0.4745;2.312
Case 5257;3;100;77.75;0.4744;2.312
Case 5258;3;100;77.74;0.4743;2.313
Case 5259;3;100;77.73;0.4742;2.313
Case 5260;3;100;77.72;0.4741;2.313
Case 5261;3;100;77.71;0.474;2.314
Case 5262;3;100;77.7;0.4739;2.314
Case 5263;3;100;77.69;0.4738;2.314
Case 5264;3;100;77.69;0.4737;2.315
Case 5265;3;100;77.68;0.4736;2.315
Case 5266;3;100;77.67;0.4735;2.316
Case 5267;3;100;77.66;0.4734;2.316
Case 5268;3;100;77.65;0.4733;2.316
Case 5269;3;100;77.64;0.4732;2.317
Case 5270;3;100;77.63;0.4731;2.317
Case 5271;3;100;77.63;0.473;2.317
Case 5272;3;100;77.62;0.4729;2.318
Case 5273;3;100;77.61;0.4728;2.318
Case 5274;3;100;77.6;0.4727;2.318
Case 5275;3;100;77.59;0.4726;2.319
Case 5276;3;100;77.58;0.4725;2.319
Case 5277;3;100;77.57;0.4724;2.319
Case 5278;3;100;77.56;0.4723;2.32
Case 5279;3;100;77.56;0.4722;2.32
Case 5280;3;100;77.55;0.4721;2.321
Case 5281;3;100;77.54;0.472;2.321
Case 5282;3;100;77.53;0.4719;2.321
Case 5283;3;100;77.52;0.4718;2.322
Case 5284;3;100;77.51;0.4717;2.322
Case 5285;3;100;77.5;0.4716;2.322
Case 5286;3;100;77.5;0.4715;2.323
Case 5287;3;100;77.49;0.4714;2.323
Case 5288;3;100;77.48;0.4713;2.323
Case 5289;3;100;77.47;0.4712;2.324
Case 5290;3;100;77.46;0.4711;2.324
Case 5291;3;100;77.45;0.471;2.324
Case 5292;3;100;77.44;0.4709;2.325
Case 5293;3;100;77.44;0.4708;2.325
Case 5294;3;100;77.43;0.4707;2.325
Case 5295;3;100;77.42;0.4706;2.326
Case 5296;3;100;77.41;0.4705;2.326
Case 5297;3;100;77.4;0.4704;2.327
Case 5298;3;100;77.39;0.4703;2.327
Case 5299;3;100;77.38;0.4702;2.327
Case 5300;3;100;77.38;0.4701;2.328
Case 5301;3;100;77.37;0.47;2.328
Case 5302;3;100;77.36;0.4699;2.328
Case 5303;3;100;77.35;0.4698;2.329
Case 5304;3;100;77.34;0.4697;2.329
Case 5305;3;100;77.33;0.4696;2.329
Case 5306;3;100;77.32;0.4695;2.33
Case 5307;3;100;77.32;0.4694;2.33
Case 5308;3;100;77.31;0.4693;2.33
Case 5309;3;100;77.3;0.4692;2.331
Case 5310;3;100;77.29;0.4691;2.331
Case 5311;3;100;77.28;0.469;2.331
Case 5312;3;100;77.27;0.4689;2.332
Case 5313;3;100;77.26;0.4688;2.332
Case 5314;3;100;77.26;0.4687;2.332
Case 5315;3;100;77.25;0.4686;2.333
Case 5316;3;100;77.24;0.4685;2.333
Case 5317;3;100;77.23;0.4684;2.334
Case 5318;3;100;77.22;0.4683;2.334
Case 5319;3;100;77.21;0.4682;2.334
Case 5320;3;100;77.2;0.4681;2.335
Case 5321;3;100;77.2;0.468;2.335
Case 5322;3;100;77.19;0.4679;2.335
Case 5323;3;100;77.18;0.4678;2.336
Case 5324;3;100;77.17;0.4677;2.336
Case 5325;3;100;77.16;0.4676;2.336
Case 5326;3;100;77.15;0.4675;2.337
Case 5327;3;100;77.14;0.4674;2.337
Case 5328;3;100;77.14;0.4673;2.337
Case 5329;3;100;77.13;0.4672;2.338
Case 5330;3;100;77.12;0.4671;2.338
Case 5331;3;100;77.11;0.467;2.338
Case 5332;3;100;77.1;0.4669;2.339
Case 5333;3;100;77.09;0.4668;2.339
Case 5334;3;100;77.09;0.4667;2.339
Case 5335;3;100;77.08;0.4666;2.34
Case 5336;3;100;77.07;0.4665;2.34
Case 5337;3;100;77.06;0.4664;2.34
Case 5338;3;100;77.05;0.4663;2.341
Case 5339;3;100;77.04;0.4662;2.341
Case 5340;3;100;77.03;0.4661;2.341
Case 5341;3;100;77.03;0.466;2.342
Case 5342;3;100;77.02;0.4659;2.342
Case 5343;3;100;77.01;0.4658;2.343
Case 5344;3;100;77;0.4657;2.343
Case 5345;3;100;76.99;0.4656;2.343
Case 5346;3;100;76.98;0.4655;2.344
Case 5347;3;100;76.97;0.4654;2.344
Case 5348;3;100;76.97;0.4653;2.344
Case 5349;3;100;76.96;0.4652;2.345
Case 5350;3;100;76.95;0.4651;2.345
Case 5351;3;100;76.94;0.465;2.345
Case 5352;3;100;76.93;0.4649;2.346
Case 5353;3;100;76.92;0.4648;2.346
Case 5354;3;100;76.91;0.4647;2.346
Case 5355;3;100;76.91;0.4646;2.347
Case 5356;3;100;76.9;0.4645;2.347
Case 5357;3;100;76.89;0.4644;2.347
Case 5358;3;100;76.88;0.4643;2.348
Case 5359;3;100;76.87;0.4642;2.348
Case 5360;3;100;76.86;0.4641;2.348
Case 5361;3;100;76.85;0.464;2.349
Case 5362;3;100;76.85;0.4639;2.349
Case 5363;3;100;76.84;0.4638;2.349
Case 5364;3;100;76.83;0.4637;2.35
Case 5365;3;100;76.82;0.4636;2.35
Case 5366;3;100;76.81;0.4635;2.35
Case 5367;3;100;76.8;0.4634;2.351
Case 5368;3;100;76.79;0.4633;2.351
Case 5369;3;100;76.79;0.4632;2.351
Case 5370;3;100;76.78;0.4631;2.352
Case 5371;3;100;76.77;0.463;2.352
Case 5372;3;100;76.76;0.4629;2.352
Case 5373;3;100;76.75;0.4628;2.353
Case 5374;3;100;76.74;0.4627;2.353
Case 5375;3;100;76.73;0.4626;2.353
Case 5376;3;100;76.73;0.4625;2.354
Case 5377;3;100;76.72;0.4624;2.354
Case 5378;3;100;76.71;0.4623;2.354
Case 5379;3;100;76.7;0.4622;2.355
Case 5380;3;100;76.69;0.4621;2.355
Case 5381;3;100;76.68;0.462;2.356
Case 5382;3;100;76.68;0.4619;2.356
Case 5383;3;100;76.67;0.4618;2.356
Case 5384;3;100;76.66;0.4617;2.357
Case 5385;3;100;76.65;0.4616;2.357
Case 5386;3;100;76.64;0.4615;2.357
Case 5387;3;100;76.63;0.4614;2.358
Case 5388;3;100;76.62;0.4613;2.358
Case 5389;3;100;76.62;0.4612;2.358
Case 5390;3;100;76.61;0.4611;2.359
Case 5391;3;100;76.6;0.461;2.359
Case 5392;3;100;76.59;0.4609;2.359
Case 5393;3;100;76.58;0.4608;2.36
Case 5394;3;100;76.57;0.4607;2.36
Case 5395;3;100;76.56;0.4606;2.36
Case 5396;3;100;76.56;0.4605;2.361
Case 5397;3;100;76.55;0.4604;2.361
Case 5398;3;100;76.54;0.4603;2.361
Case 5399;3;100;76.53;0.4602;2.362
Case 5400;3;100;76.52;0.4601;2.362
Case 5401;3;100;76.51;0.46;2.362
Case 5402;3;100;76.5;0.4599;2.363
Case 5403;3;100;76.5;0.4598;2.363
Case 5404;3;100;76.49;0.4597;2.363
Case 5405;3;100;76.48;0.4596;2.364
Case 5406;3;100;76.47;0.4595;2.364
Case 5407;3;100;76.46;0.4594;2.364
Case 5408;3;100;76.45;0.4593;2.365
Case 5409;3;100;76.45;0.4592;2.365
Case 5410;3;100;76.44;0.4591;2.365
Case 5411;3;100;76.43;0.459;2.366
Case 5412;3;100;76.42;0.4589;2.366
Case 5413;3;100;76.41;0.4588;2.366
Case 5414;3;100;76.4;0.4587;2.367
Case 5415;3;100;76.39;0.4586;2.367
Case 5416;3;100;76.39;0.4585;2.367
Case 5417;3;100;76.38;0.4584;2.368
Case 5418;3;100;76.37;0.4583;2.368
Case 5419;3;100;76.36;0.4582;2.368
Case 5420;3;100;76.35;0.4581;2.369
Case 5421;3;100;76.34;0.458;2.369
Case 5422;3;100;76.33;0.4579;2.369
Case 5423;3;100;76.33;0.4578;2.37
Case 5424;3;100;76.32;0.4577;2.37
Case 5425;3;100;76.31;0.4576;2.37
Case 5426;3;100;76.3;0.4575;2.371
Case 5427;3;100;76.29;0.4574;2.371
Case 5428;3;100;76.28;0.4573;2.371
Case 5429;3;100;76.27;0.4572;2.372
Case 5430;3;100;76.27;0.4571;2.372
Case 5431;3;100;76.26;0.457;2.372
Case 5432;3;100;76.25;0.4569;2.373
Case 5433;3;100;76.24;0.4568;2.373
Case 5434;3;100;76.23;0.4567;2.373
Case 5435;3;100;76.22;0.4566;2.374
Case 5436;3;100;76.22;0.4565;2.374
Case 5437;3;100;76.21;0.4564;2.374
Case 5438;3;100;76.2;0.4563;2.375
Case 5439;3;100;76.19;0.4562;2.375
Case 5440;3;100;76.18;0.4561;2.375
Case 5441;3;100;76.17;0.456;2.376
Case 5442;3;100;76.16;0.4559;2.376
Case 5443;3;100;76.16;0.4558;2.376
Case 5444;3;100;76.15;0.4557;2.377
Case 5445;3;100;76.14;0.4556;2.377
Case 5446;3;100;76.13;0.4555;2.377
Case 5447;3;100;76.12;0.4554;2.378
Case 5448;3;100;76.11;0.4553;2.378
Case 5449;3;100;76.1;0.4552;2.378
Case 5450;3;100;76.1;0.4551;2.379
Case 5451;3;100;76.09;0.455;2.379
Case 5452;3;100;76.08;0.4549;2.379
Case 5453;3;100;76.07;0.4548;2.38
Case 5454;3;100;76.06;0.4547;2.38
Case 5455;3;100;76.05;0.4546;2.38
Case 5456;3;100;76.05;0.4545;2.381
Case 5457;3;100;76.04;0.4544;2.381
Case 5458;3;100;76.03;0.4543;2.381
Case 5459;3;100;76.02;0.4542;2.381
Case 5460;3;100;76.01;0.4541;2.382
Case 5461;3;100;76;0.454;2.382
Case 5462;3;100;75.99;0.4539;2.382
Case 5463;3;100;75.99;0.4538;2.383
Case 5464;3;100;75.98;0.4537;2.383
Case 5465;3;100;75.97;0.4536;2.383
Case 5466;3;100;75.96;0.4535;2.384
Case 5467;3;100;75.95;0.4534;2.384
Case 5468;3;100;75.94;0.4533;2.384
Case 5469;3;100;75.93;0.4532;2.385
Case 5470;3;100;75.93;0.4531;2.385
Case 5471;3;100;75.92;0.453;2.385
Case 5472;3;100;75.91;0.4529;2.386
Case 5473;3;100;75.9;0.4528;2.386
Case 5474;3;100;75.89;0.4527;2.386
Case 5475;3;100;75.88;0.4526;2.387
Case 5476;3;100;75.88;0.4525;2.387
Case 5477;3;100;75.87;0.4524;2.387
Case 5478;3;100;75.86;0.4523;2.388
Case 5479;3;100;75.85;0.4522;2.388
Case 5480;3;100;75.84;0.4521;2.388
Case 5481;3;100;75.83;0.452;2.389
Case 5482;3;100;75.82;0.4519;2.389
Case 5483;3;100;75.82;0.4518;2.389
Case 5484;3;100;75.81;0.4517;2.39
Case 5485;3;100;75.8;0.4516;2.39
Case 5486;3;100;75.79;0.4515;2.39
Case 5487;3;100;75.78;0.4514;2.391
Case 5488;3;100;75.77;0.4513;2.391
Case 5489;3;100;75.76;0.4512;2.391
Case 5490;3;100;75.76;0.4511;2.392
Case 5491;3;100;75.75;0.451;2.392
Case 5492;3;100;75.74;0.4509;2.392
Case 5493;3;100;75.73;0.4508;2.393
Case 5494;3;100;75.72;0.4507;2.393
Case 5495;3;100;75.71;0.4506;2.393
Case 5496;3;100;75.71;0.4505;2.394
Case 5497;3;100;75.7;0.4504;2.394
Case 5498;3;100;75.69;0.4503;2.394
Case 5499;3;100;75.68;0.4502;2.394
Case 5500;3;100;75.67;0.4501;2.395
Case 5501;3;100;75.66;0.45;2.395
Case 5502;3;100;75.65;0.4499;2.395
Case 5503;3;100;75.65;0.4498;2.396
Case 5504;3;100;75.64;0.4497;2.396
Case 5505;3;100;75.63;0.4496;2.396
Case 5506;3;100;75.62;0.4495;2.397
Case 5507;3;100;75.61;0.4494;2.397
Case 5508;3;100;75.6;0.4493;2.397
Case 5509;3;100;75.59;0.4492;2.398
Case 5510;3;100;75.59;0.4491;2.398
Case 5511;3;100;75.58;0.449;2.398
Case 5512;3;100;75.57;0.4489;2.399
Case 5513;3;100;75.56;0.4488;2.399
Case 5514;3;100;75.55;0.4487;2.399
Case 5515;3;100;75.54;0.4486;2.4
Case 5516;3;100;75.54;0.4485;2.4
Case 5517;3;100;75.53;0.4484;2.4
Case 5518;3;100;75.52;0.4483;2.401
Case 5519;3;100;75.51;0.4482;2.401
Case 5520;3;100;75.5;0.4481;2.401
Case 5521;3;100;75.49;0.448;2.402
Case 5522;3;100;75.48;0.4479;2.402
Case 5523;3;100;75.48;0.4478;2.402
Case 5524;3;100;75.47;0.4477;2.403
Case 5525;3;100;75.46;0.4476;2.403
Case 5526;3;100;75.45;0.4475;2.403
Case 5527;3;100;75.44;0.4474;2.403
Case 5528;3;100;75.43;0.4473;2.404
Case 5529;3;100;75.42;0.4472;2.404
Case 5530;3;100;75.42;0.4471;2.404
Case 5531;3;100;75.41;0.447;2.405
Case 5532;3;100;75.4;0.4469;2.405
Case 5533;3;100;75.39;0.4468;2.405
Case 5534;3;100;75.38;0.4467;2.406
Case 5535;3;100;75.37;0.4466;2.406
Case 5536;3;100;75.37;0.4465;2.406
Case 5537;3;100;75.36;0.4464;2.407
Case 5538;3;100;75.35;0.4463;2.407
Case 5539;3;100;75.34;0.4462;2.407
Case 5540;3;100;75.33;0.4461;2.408
Case 5541;3;100;75.32;0.446;2.408
Case 5542;3;100;75.31;0.4459;2.408
Case 5543;3;100;75.31;0.4458;2.409
Case 5544;3;100;75.3;0.4457;2.409
Case 5545;3;100;75.29;0.4456;2.409
Case 5546;3;100;75.28;0.4455;2.409
Case 5547;3;100;75.27;0.4454;2.41
Case 5548;3;100;75.26;0.4453;2.41
Case 5549;3;100;75.25;0.4452;2.41
Case 5550;3;100;75.25;0.4451;2.411
Case 5551;3;100;75.24;0.445;2.411
Case 5552;3;100;75.23;0.4449;2.411
Case 5553;3;100;75.22;0.4448;2.412
Case 5554;3;100;75.21;0.4447;2.412
Case 5555;3;100;75.2;0.4446;2.412
Case 5556;3;100;75.2;0.4445;2.413
Case 5557;3;100;75.19;0.4444;2.413
Case 5558;3;100;75.18;0.4443;2.413
Case 5559;3;100;75.17;0.4442;2.414
Case 5560;3;100;75.16;0.4441;2.414
Case 5561;3;100;75.15;0.444;2.414
Case 5562;3;100;75.14;0.4439;2.415
Case 5563;3;100;75.14;0.4438;2.415
Case 5564;3;100;75.13;0.4437;2.415
Case 5565;3;100;75.12;0.4436;2.415
Case 5566;3;100;75.11;0.4435;2.416
Case 5567;3;100;75.1;0.4434;2.416
Case 5568;3;100;75.09;0.4433;2.416
Case 5569;3;100;75.08;0.4432;2.417
Case 5570;3;100;75.08;0.4431;2.417
Case 5571;3;100;75.07;0.443;2.417
Case 5572;3;100;75.06;0.4429;2.418
Case 5573;3;100;75.05;0.4428;2.418
Case 5574;3;100;75.04;0.4427;2.418
Case 5575;3;100;75.03;0.4426;2.419
Case 5576;3;100;75.02;0.4425;2.419
Case 5577;3;100;75.02;0.4424;2.419
Case 5578;3;100;75.01;0.4423;2.42
Case 5579;3;100;75;0.4422;2.42
Case 5580;3;100;74.99;0.4421;2.42
Case 5581;3;100;74.98;0.442;2.42
Case 5582;3;100;74.97;0.4419;2.421
Case 5583;3;100;74.97;0.4418;2.421
Case 5584;3;100;74.96;0.4417;2.421
Case 5585;3;100;74.95;0.4416;2.422
Case 5586;3;100;74.94;0.4415;2.422
Case 5587;3;100;74.93;0.4414;2.422
Case 5588;3;100;74.92;0.4413;2.423
Case 5589;3;100;74.91;0.4412;2.423
Case 5590;3;100;74.91;0.4411;2.423
Case 5591;3;100;74.9;0.441;2.424
Case 5592;3;100;74.89;0.4409;2.424
Case 5593;3;100;74.88;0.4408;2.424
Case 5594;3;100;74.87;0.4407;2.424
Case 5595;3;100;74.86;0.4406;2.425
Case 5596;3;100;74.85;0.4405;2.425
Case 5597;3;100;74.85;0.4404;2.425
Case 5598;3;100;74.84;0.4403;2.426
Case 5599;3;100;74.83;0.4402;2.426
Case 5600;3;100;74.82;0.4401;2.426
Case 5601;3;100;74.81;0.44;2.427
Case 5602;3;100;74.8;0.4399;2.427
Case 5603;3;100;74.8;0.4398;2.427
Case 5604;3;100;74.79;0.4397;2.428
Case 5605;3;100;74.78;0.4396;2.428
Case 5606;3;100;74.77;0.4395;2.428
Case 5607;3;100;74.76;0.4394;2.429
Case 5608;3;100;74.75;0.4393;2.429
Case 5609;3;100;74.74;0.4392;2.429
Case 5610;3;100;74.74;0.4391;2.429
Case 5611;3;100;74.73;0.439;2.43
Case 5612;3;100;74.72;0.4389;2.43
Case 5613;3;100;74.71;0.4388;2.43
Case 5614;3;100;74.7;0.4387;2.431
Case 5615;3;100;74.69;0.4386;2.431
Case 5616;3;100;74.68;0.4385;2.431
Case 5617;3;100;74.68;0.4384;2.432
Case 5618;3;100;74.67;0.4383;2.432
Case 5619;3;100;74.66;0.4382;2.432
Case 5620;3;100;74.65;0.4381;2.433
Case 5621;3;100;74.64;0.438;2.433
Case 5622;3;100;74.63;0.4379;2.433
Case 5623;3;100;74.62;0.4378;2.433
Case 5624;3;100;74.62;0.4377;2.434
Case 5625;3;100;74.61;0.4376;2.434
Case 5626;3;100;74.6;0.4375;2.434
Case 5627;3;100;74.59;0.4374;2.435
Case 5628;3;100;74.58;0.4373;2.435
Case 5629;3;100;74.57;0.4372;2.435
Case 5630;3;100;74.56;0.4371;2.436
Case 5631;3;100;74.56;0.437;2.436
Case 5632;3;100;74.55;0.4369;2.436
Case 5633;3;100;74.54;0.4368;2.436
Case 5634;3;100;74.53;0.4367;2.437
Case 5635;3;100;74.52;0.4366;2.437
Case 5636;3;100;74.51;0.4365;2.437
Case 5637;3;100;74.51;0.4364;2.438
Case 5638;3;100;74.5;0.4363;2.438
Case 5639;3;100;74.49;0.4362;2.438
Case 5640;3;100;74.48;0.4361;2.439
Case 5641;3;100;74.47;0.436;2.439
Case 5642;3;100;74.46;0.4359;2.439
Case 5643;3;100;74.45;0.4358;2.44
Case 5644;3;100;74.45;0.4357;2.44
Case 5645;3;100;74.44;0.4356;2.44
Case 5646;3;100;74.43;0.4355;2.44
Case 5647;3;100;74.42;0.4354;2.441
Case 5648;3;100;74.41;0.4353;2.441
Case 5649;3;100;74.4;0.4352;2.441
Case 5650;3;100;74.39;0.4351;2.442
Case 5651;3;100;74.39;0.435;2.442
Case 5652;3;100;74.38;0.4349;2.442
Case 5653;3;100;74.37;0.4348;2.443
Case 5654;3;100;74.36;0.4347;2.443
Case 5655;3;100;74.35;0.4346;2.443
Case 5656;3;100;74.34;0.4345;2.443
Case 5657;3;100;74.33;0.4344;2.444
Case 5658;3;100;74.33;0.4343;2.444
Case 5659;3;100;74.32;0.4342;2.444
Case 5660;3;100;74.31;0.4341;2.445
Case 5661;3;100;74.3;0.434;2.445
Case 5662;3;100;74.29;0.4339;2.445
Case 5663;3;100;74.28;0.4338;2.446
Case 5664;3;100;74.27;0.4337;2.446
Case 5665;3;100;74.27;0.4336;2.446
Case 5666;3;100;74.26;0.4335;2.446
Case 5667;3;100;74.25;0.4334;2.447
Case 5668;3;100;74.24;0.4333;2.447
Case 5669;3;100;74.23;0.4332;2.447
Case 5670;3;100;74.22;0.4331;2.448
Case 5671;3;100;74.21;0.433;2.448
Case 5672;3;100;74.21;0.4329;2.448
Case 5673;3;100;74.2;0.4328;2.449
Case 5674;3;100;74.19;0.4327;2.449
Case 5675;3;100;74.18;0.4326;2.449
Case 5676;3;100;74.17;0.4325;2.449
Case 5677;3;100;74.16;0.4324;2.45
Case 5678;3;100;74.15;0.4323;2.45
Case 5679;3;100;74.15;0.4322;2.45
Case 5680;3;100;74.14;0.4321;2.451
Case 5681;3;100;74.13;0.432;2.451
Case 5682;3;100;74.12;0.4319;2.451
Case 5683;3;100;74.11;0.4318;2.452
Case 5684;3;100;74.1;0.4317;2.452
Case 5685;3;100;74.09;0.4316;2.452
Case 5686;3;100;74.09;0.4315;2.452
Case 5687;3;100;74.08;0.4314;2.453
Case 5688;3;100;74.07;0.4313;2.453
Case 5689;3;100;74.06;0.4312;2.453
Case 5690;3;100;74.05;0.4311;2.454
Case 5691;3;100;74.04;0.431;2.454
Case 5692;3;100;74.04;0.4309;2.454
Case 5693;3;100;74.03;0.4308;2.455
Case 5694;3;100;74.02;0.4307;2.455
Case 5695;3;100;74.01;0.4306;2.455
Case 5696;3;100;74;0.4305;2.455
Case 5697;3;100;73.99;0.4304;2.456
Case 5698;3;100;73.98;0.4303;2.456
Case 5699;3;100;73.98;0.4302;2.456
Case 5700;3;100;73.97;0.4301;2.457
Case 5701;3;100;73.96;0.43;2.457
Case 5702;3;100;73.95;0.4299;2.457
Case 5703;3;100;73.94;0.4298;2.457
Case 5704;3;100;73.93;0.4297;2.458
Case 5705;3;100;73.92;0.4296;2.458
Case 5706;3;100;73.92;0.4295;2.458
Case 5707;3;100;73.91;0.4294;2.459
Case 5708;3;100;73.9;0.4293;2.459
Case 5709;3;100;73.89;0.4292;2.459
Case 5710;3;100;73.88;0.4291;2.46
Case 5711;3;100;73.87;0.429;2.46
Case 5712;3;100;73.86;0.4289;2.46
Case 5713;3;100;73.86;0.4288;2.46
Case 5714;3;100;73.85;0.4287;2.461
Case 5715;3;100;73.84;0.4286;2.461
Case 5716;3;100;73.83;0.4285;2.461
Case 5717;3;100;73.82;0.4284;2.462
Case 5718;3;100;73.81;0.4283;2.462
Case 5719;3;100;73.8;0.4282;2.462
Case 5720;3;100;73.79;0.4281;2.462
Case 5721;3;100;73.79;0.428;2.463
Case 5722;3;100;73.78;0.4279;2.463
Case 5723;3;100;73.77;0.4278;2.463
Case 5724;3;100;73.76;0.4277;2.464
Case 5725;3;100;73.75;0.4276;2.464
Case 5726;3;100;73.74;0.4275;2.464
Case 5727;3;100;73.73;0.4274;2.465
Case 5728;3;100;73.73;0.4273;2.465
Case 5729;3;100;73.72;0.4272;2.465
Case 5730;3;100;73.71;0.4271;2.465
Case 5731;3;100;73.7;0.427;2.466
Case 5732;3;100;73.69;0.4269;2.466
Case 5733;3;100;73.68;0.4268;2.466
Case 5734;3;100;73.67;0.4267;2.467
Case 5735;3;100;73.67;0.4266;2.467
Case 5736;3;100;73.66;0.4265;2.467
Case 5737;3;100;73.65;0.4264;2.467
Case 5738;3;100;73.64;0.4263;2.468
Case 5739;3;100;73.63;0.4262;2.468
Case 5740;3;100;73.62;0.4261;2.468
Case 5741;3;100;73.61;0.426;2.469
Case 5742;3;100;73.61;0.4259;2.469
Case 5743;3;100;73.6;0.4258;2.469
Case 5744;3;100;73.59;0.4257;2.47
Case 5745;3;100;73.58;0.4256;2.47
Case 5746;3;100;73.57;0.4255;2.47
Case 5747;3;100;73.56;0.4254;2.47
Case 5748;3;100;73.55;0.4253;2.471
Case 5749;3;100;73.55;0.4252;2.471
Case 5750;3;100;73.54;0.4251;2.471
Case 5751;3;100;73.53;0.425;2.472
Case 5752;3;100;73.52;0.4249;2.472
Case 5753;3;100;73.51;0.4248;2.472
Case 5754;3;100;73.5;0.4247;2.472
Case 5755;3;100;73.49;0.4246;2.473
Case 5756;3;100;73.49;0.4245;2.473
Case 5757;3;100;73.48;0.4244;2.473
Case 5758;3;100;73.47;0.4243;2.474
Case 5759;3;100;73.46;0.4242;2.474
Case 5760;3;100;73.45;0.4241;2.474
Case 5761;3;100;73.44;0.424;2.474
Case 5762;3;100;73.43;0.4239;2.475
Case 5763;3;100;73.42;0.4238;2.475
Case 5764;3;100;73.42;0.4237;2.475
Case 5765;3;100;73.41;0.4236;2.476
Case 5766;3;100;73.4;0.4235;2.476
Case 5767;3;100;73.39;0.4234;2.476
Case 5768;3;100;73.38;0.4233;2.476
Case 5769;3;100;73.37;0.4232;2.477
Case 5770;3;100;73.36;0.4231;2.477
Case 5771;3;100;73.36;0.423;2.477
Case 5772;3;100;73.35;0.4229;2.478
Case 5773;3;100;73.34;0.4228;2.478
Case 5774;3;100;73.33;0.4227;2.478
Case 5775;3;100;73.32;0.4226;2.478
Case 5776;3;100;73.31;0.4225;2.479
Case 5777;3;100;73.3;0.4224;2.479
Case 5778;3;100;73.3;0.4223;2.479
Case 5779;3;100;73.29;0.4222;2.48
Case 5780;3;100;73.28;0.4221;2.48
Case 5781;3;100;73.27;0.422;2.48
Case 5782;3;100;73.26;0.4219;2.48
Case 5783;3;100;73.25;0.4218;2.481
Case 5784;3;100;73.24;0.4217;2.481
Case 5785;3;100;73.23;0.4216;2.481
Case 5786;3;100;73.23;0.4215;2.482
Case 5787;3;100;73.22;0.4214;2.482
Case 5788;3;100;73.21;0.4213;2.482
Case 5789;3;100;73.2;0.4212;2.482
Case 5790;3;100;73.19;0.4211;2.483
Case 5791;3;100;73.18;0.421;2.483
Case 5792;3;100;73.17;0.4209;2.483
Case 5793;3;100;73.17;0.4208;2.484
Case 5794;3;100;73.16;0.4207;2.484
Case 5795;3;100;73.15;0.4206;2.484
Case 5796;3;100;73.14;0.4205;2.484
Case 5797;3;100;73.13;0.4204;2.485
Case 5798;3;100;73.12;0.4203;2.485
Case 5799;3;100;73.11;0.4202;2.485
Case 5800;3;100;73.11;0.4201;2.486
Case 5801;3;100;73.1;0.42;2.486
Case 5802;3;100;73.09;0.4199;2.486
Case 5803;3;100;73.08;0.4198;2.486
Case 5804;3;100;73.07;0.4197;2.487
Case 5805;3;100;73.06;0.4196;2.487
Case 5806;3;100;73.05;0.4195;2.487
Case 5807;3;100;73.04;0.4194;2.488
Case 5808;3;100;73.04;0.4193;2.488
Case 5809;3;100;73.03;0.4192;2.488
Case 5810;3;100;73.02;0.4191;2.488
Case 5811;3;100;73.01;0.419;2.489
Case 5812;3;100;73;0.4189;2.489
Case 5813;3;100;72.99;0.4188;2.489
Case 5814;3;100;72.98;0.4187;2.49
Case 5815;3;100;72.98;0.4186;2.49
Case 5816;3;100;72.97;0.4185;2.49
Case 5817;3;100;72.96;0.4184;2.49
Case 5818;3;100;72.95;0.4183;2.491
Case 5819;3;100;72.94;0.4182;2.491
Case 5820;3;100;72.93;0.4181;2.491
Case 5821;3;100;72.92;0.418;2.492
Case 5822;3;100;72.91;0.4179;2.492
Case 5823;3;100;72.91;0.4178;2.492
Case 5824;3;100;72.9;0.4177;2.492
Case 5825;3;100;72.89;0.4176;2.493
Case 5826;3;100;72.88;0.4175;2.493
Case 5827;3;100;72.87;0.4174;2.493
Case 5828;3;100;72.86;0.4173;2.494
Case 5829;3;100;72.85;0.4172;2.494
Case 5830;3;100;72.84;0.4171;2.494
Case 5831;3;100;72.84;0.417;2.494
Case 5832;3;100;72.83;0.4169;2.495
Case 5833;3;100;72.82;0.4168;2.495
Case 5834;3;100;72.81;0.4167;2.495
Case 5835;3;100;72.8;0.4166;2.495
Case 5836;3;100;72.79;0.4165;2.496
Case 5837;3;100;72.78;0.4164;2.496
Case 5838;3;100;72.78;0.4163;2.496
Case 5839;3;100;72.77;0.4162;2.497
Case 5840;3;100;72.76;0.4161;2.497
Case 5841;3;100;72.75;0.416;2.497
Case 5842;3;100;72.74;0.4159;2.497
Case 5843;3;100;72.73;0.4158;2.498
Case 5844;3;100;72.72;0.4157;2.498
Case 5845;3;100;72.71;0.4156;2.498
Case 5846;3;100;72.71;0.4155;2.499
Case 5847;3;100;72.7;0.4154;2.499
Case 5848;3;100;72.69;0.4153;2.499
Case 5849;3;100;72.68;0.4152;2.499
Case 5850;3;100;72.67;0.4151;2.5
Case 5851;3;100;72.66;0.415;2.5
Case 5852;3;100;72.65;0.4149;2.5
Case 5853;3;100;72.64;0.4148;2.501
Case 5854;3;100;72.64;0.4147;2.501
Case 5855;3;100;72.63;0.4146;2.501
Case 5856;3;100;72.62;0.4145;2.501
Case 5857;3;100;72.61;0.4144;2.502
Case 5858;3;100;72.6;0.4143;2.502
Case 5859;3;100;72.59;0.4142;2.502
Case 5860;3;100;72.58;0.4141;2.502
Case 5861;3;100;72.57;0.414;2.503
Case 5862;3;100;72.57;0.4139;2.503
Case 5863;3;100;72.56;0.4138;2.503
Case 5864;3;100;72.55;0.4137;2.504
Case 5865;3;100;72.54;0.4136;2.504
Case 5866;3;100;72.53;0.4135;2.504
Case 5867;3;100;72.52;0.4134;2.504
Case 5868;3;100;72.51;0.4133;2.505
Case 5869;3;100;72.5;0.4132;2.505
Case 5870;3;100;72.5;0.4131;2.505
Case 5871;3;100;72.49;0.413;2.506
Case 5872;3;100;72.48;0.4129;2.506
Case 5873;3;100;72.47;0.4128;2.506
Case 5874;3;100;72.46;0.4127;2.506
Case 5875;3;100;72.45;0.4126;2.507
Case 5876;3;100;72.44;0.4125;2.507
Case 5877;3;100;72.43;0.4124;2.507
Case 5878;3;100;72.43;0.4123;2.507
Case 5879;3;100;72.42;0.4122;2.508
Case 5880;3;100;72.41;0.4121;2.508
Case 5881;3;100;72.4;0.412;2.508
Case 5882;3;100;72.39;0.4119;2.509
Case 5883;3;100;72.38;0.4118;2.509
Case 5884;3;100;72.37;0.4117;2.509
Case 5885;3;100;72.36;0.4116;2.509
Case 5886;3;100;72.36;0.4115;2.51
Case 5887;3;100;72.35;0.4114;2.51
Case 5888;3;100;72.34;0.4113;2.51
Case 5889;3;100;72.33;0.4112;2.51
Case 5890;3;100;72.32;0.4111;2.511
Case 5891;3;100;72.31;0.411;2.511
Case 5892;3;100;72.3;0.4109;2.511
Case 5893;3;100;72.29;0.4108;2.512
Case 5894;3;100;72.29;0.4107;2.512
Case 5895;3;100;72.28;0.4106;2.512
Case 5896;3;100;72.27;0.4105;2.512
Case 5897;3;100;72.26;0.4104;2.513
Case 5898;3;100;72.25;0.4103;2.513
Case 5899;3;100;72.24;0.4102;2.513
Case 5900;3;100;72.23;0.4101;2.513
Case 5901;3;100;72.22;0.41;2.514
Case 5902;3;100;72.21;0.4099;2.514
Case 5903;3;100;72.21;0.4098;2.514
Case 5904;3;100;72.2;0.4097;2.515
Case 5905;3;100;72.19;0.4096;2.515
Case 5906;3;100;72.18;0.4095;2.515
Case 5907;3;100;72.17;0.4094;2.515
Case 5908;3;100;72.16;0.4093;2.516
Case 5909;3;100;72.15;0.4092;2.516
Case 5910;3;100;72.14;0.4091;2.516
Case 5911;3;100;72.14;0.409;2.516
Case 5912;3;100;72.13;0.4089;2.517
Case 5913;3;100;72.12;0.4088;2.517
Case 5914;3;100;72.11;0.4087;2.517
Case 5915;3;100;72.1;0.4086;2.518
Case 5916;3;100;72.09;0.4085;2.518
Case 5917;3;100;72.08;0.4084;2.518
Case 5918;3;100;72.07;0.4083;2.518
Case 5919;3;100;72.07;0.4082;2.519
Case 5920;3;100;72.06;0.4081;2.519
Case 5921;3;100;72.05;0.408;2.519
Case 5922;3;100;72.04;0.4079;2.519
Case 5923;3;100;72.03;0.4078;2.52
Case 5924;3;100;72.02;0.4077;2.52
Case 5925;3;100;72.01;0.4076;2.52
Case 5926;3;100;72;0.4075;2.521
Case 5927;3;100;71.99;0.4074;2.521
Case 5928;3;100;71.99;0.4073;2.521
Case 5929;3;100;71.98;0.4072;2.521
Case 5930;3;100;71.97;0.4071;2.522
Case 5931;3;100;71.96;0.407;2.522
Case 5932;3;100;71.95;0.4069;2.522
Case 5933;3;100;71.94;0.4068;2.522
Case 5934;3;100;71.93;0.4067;2.523
Case 5935;3;100;71.92;0.4066;2.523
Case 5936;3;100;71.91;0.4065;2.523
Case 5937;3;100;71.91;0.4064;2.523
Case 5938;3;100;71.9;0.4063;2.524
Case 5939;3;100;71.89;0.4062;2.524
Case 5940;3;100;71.88;0.4061;2.524
Case 5941;3;100;71.87;0.406;2.525
Case 5942;3;100;71.86;0.4059;2.525
Case 5943;3;100;71.85;0.4058;2.525
Case 5944;3;100;71.84;0.4057;2.525
Case 5945;3;100;71.83;0.4056;2.526
Case 5946;3;100;71.83;0.4055;2.526
Case 5947;3;100;71.82;0.4054;2.526
Case 5948;3;100;71.81;0.4053;2.526
Case 5949;3;100;71.8;0.4052;2.527
Case 5950;3;100;71.79;0.4051;2.527
Case 5951;3;100;71.78;0.405;2.527
Case 5952;3;100;71.77;0.4049;2.528
Case 5953;3;100;71.76;0.4048;2.528
Case 5954;3;100;71.75;0.4047;2.528
Case 5955;3;100;71.75;0.4046;2.528
Case 5956;3;100;71.74;0.4045;2.529
Case 5957;3;100;71.73;0.4044;2.529
Case 5958;3;100;71.72;0.4043;2.529
Case 5959;3;100;71.71;0.4042;2.529
Case 5960;3;100;71.7;0.4041;2.53
Case 5961;3;100;71.69;0.404;2.53
Case 5962;3;100;71.68;0.4039;2.53
Case 5963;3;100;71.67;0.4038;2.53
Case 5964;3;100;71.67;0.4037;2.531
Case 5965;3;100;71.66;0.4036;2.531
Case 5966;3;100;71.65;0.4035;2.531
Case 5967;3;100;71.64;0.4034;2.532
Case 5968;3;100;71.63;0.4033;2.532
Case 5969;3;100;71.62;0.4032;2.532
Case 5970;3;100;71.61;0.4031;2.532
Case 5971;3;100;71.6;0.403;2.533
Case 5972;3;100;71.59;0.4029;2.533
Case 5973;3;100;71.59;0.4028;2.533
Case 5974;3;100;71.58;0.4027;2.533
Case 5975;3;100;71.57;0.4026;2.534
Case 5976;3;100;71.56;0.4025;2.534
Case 5977;3;100;71.55;0.4024;2.534
Case 5978;3;100;71.54;0.4023;2.534
Case 5979;3;100;71.53;0.4022;2.535
Case 5980;3;100;71.52;0.4021;2.535
Case 5981;3;100;71.51;0.402;2.535
Case 5982;3;100;71.51;0.4019;2.535
Case 5983;3;100;71.5;0.4018;2.536
Case 5984;3;100;71.49;0.4017;2.536
Case 5985;3;100;71.48;0.4016;2.536
Case 5986;3;100;71.47;0.4015;2.537
Case 5987;3;100;71.46;0.4014;2.537
Case 5988;3;100;71.45;0.4013;2.537
Case 5989;3;100;71.44;0.4012;2.537
Case 5990;3;100;71.43;0.4011;2.538
Case 5991;3;100;71.42;0.401;2.538
Case 5992;3;100;71.42;0.4009;2.538
Case 5993;3;100;71.41;0.4008;2.538
Case 5994;3;100;71.4;0.4007;2.539
Case 5995;3;100;71.39;0.4006;2.539
Case 5996;3;100;71.38;0.4005;2.539
Case 5997;3;100;71.37;0.4004;2.539
Case 5998;3;100;71.36;0.4003;2.54
Case 5999;3;100;71.35;0.4002;2.54
Case 6000;3;100;71.34;0.4001;2.54
Case 6001;3;100;71.34;0.4;2.54
Case 6002;3;100;71.33;0.3999;2.541
Case 6003;3;100;71.32;0.3998;2.541
Case 6004;3;100;71.31;0.3997;2.541
Case 6005;3;100;71.3;0.3996;2.542
Case 6006;3;100;71.29;0.3995;2.542
Case 6007;3;100;71.28;0.3994;2.542
Case 6008;3;100;71.27;0.3993;2.542
Case 6009;3;100;71.26;0.3992;2.543
Case 6010;3;100;71.25;0.3991;2.543
Case 6011;3;100;71.25;0.399;2.543
Case 6012;3;100;71.24;0.3989;2.543
Case 6013;3;100;71.23;0.3988;2.544
Case 6014;3;100;71.22;0.3987;2.544
Case 6015;3;100;71.21;0.3986;2.544
Case 6016;3;100;71.2;0.3985;2.544
Case 6017;3;100;71.19;0.3984;2.545
Case 6018;3;100;71.18;0.3983;2.545
Case 6019;3;100;71.17;0.3982;2.545
Case 6020;3;100;71.16;0.3981;2.545
Case 6021;3;100;71.15;0.398;2.546
Case 6022;3;100;71.15;0.3979;2.546
Case 6023;3;100;71.14;0.3978;2.546
Case 6024;3;100;71.13;0.3977;2.546
Case 6025;3;100;71.12;0.3976;2.547
Case 6026;3;100;71.11;0.3975;2.547
Case 6027;3;100;71.1;0.3974;2.547
Case 6028;3;100;71.09;0.3973;2.548
Case 6029;3;100;71.08;0.3972;2.548
Case 6030;3;100;71.07;0.3971;2.548
Case 6031;3;100;71.06;0.397;2.548
Case 6032;3;100;71.06;0.3969;2.549
Case 6033;3;100;71.05;0.3968;2.549
Case 6034;3;100;71.04;0.3967;2.549
Case 6035;3;100;71.03;0.3966;2.549
Case 6036;3;100;71.02;0.3965;2.55
Case 6037;3;100;71.01;0.3964;2.55
Case 6038;3;100;71;0.3963;2.55
Case 6039;3;100;70.99;0.3962;2.55
Case 6040;3;100;70.98;0.3961;2.551
Case 6041;3;100;70.97;0.396;2.551
Case 6042;3;100;70.96;0.3959;2.551
Case 6043;3;100;70.96;0.3958;2.551
Case 6044;3;100;70.95;0.3957;2.552
Case 6045;3;100;70.94;0.3956;2.552
Case 6046;3;100;70.93;0.3955;2.552
Case 6047;3;100;70.92;0.3954;2.552
Case 6048;3;100;70.91;0.3953;2.553
Case 6049;3;100;70.9;0.3952;2.553
Case 6050;3;100;70.89;0.3951;2.553
Case 6051;3;100;70.88;0.395;2.553
Case 6052;3;100;70.87;0.3949;2.554
Case 6053;3;100;70.87;0.3948;2.554
Case 6054;3;100;70.86;0.3947;2.554
Case 6055;3;100;70.85;0.3946;2.554
Case 6056;3;100;70.84;0.3945;2.555
Case 6057;3;100;70.83;0.3944;2.555
Case 6058;3;100;70.82;0.3943;2.555
Case 6059;3;100;70.81;0.3942;2.555
Case 6060;3;100;70.8;0.3941;2.556
Case 6061;3;100;70.79;0.394;2.556
Case 6062;3;100;70.78;0.3939;2.556
Case 6063;3;100;70.77;0.3938;2.557
Case 6064;3;100;70.76;0.3937;2.557
Case 6065;3;100;70.76;0.3936;2.557
Case 6066;3;100;70.75;0.3935;2.557
Case 6067;3;100;70.74;0.3934;2.558
Case 6068;3;100;70.73;0.3933;2.558
Case 6069;3;100;70.72;0.3932;2.558
Case 6070;3;100;70.71;0.3931;2.558
Case 6071;3;100;70.7;0.393;2.559
Case 6072;3;100;70.69;0.3929;2.559
Case 6073;3;100;70.68;0.3928;2.559
Case 6074;3;100;70.67;0.3927;2.559
Case 6075;3;100;70.66;0.3926;2.56
Case 6076;3;100;70.66;0.3925;2.56
Case 6077;3;100;70.65;0.3924;2.56
Case 6078;3;100;70.64;0.3923;2.56
Case 6079;3;100;70.63;0.3922;2.561
Case 6080;3;100;70.62;0.3921;2.561
Case 6081;3;100;70.61;0.392;2.561
Case 6082;3;100;70.6;0.3919;2.561
Case 6083;3;100;70.59;0.3918;2.562
Case 6084;3;100;70.58;0.3917;2.562
Case 6085;3;100;70.57;0.3916;2.562
Case 6086;3;100;70.56;0.3915;2.562
Case 6087;3;100;70.55;0.3914;2.563
Case 6088;3;100;70.55;0.3913;2.563
Case 6089;3;100;70.54;0.3912;2.563
Case 6090;3;100;70.53;0.3911;2.563
Case 6091;3;100;70.52;0.391;2.564
Case 6092;3;100;70.51;0.3909;2.564
Case 6093;3;100;70.5;0.3908;2.564
Case 6094;3;100;70.49;0.3907;2.564
Case 6095;3;100;70.48;0.3906;2.565
Case 6096;3;100;70.47;0.3905;2.565
Case 6097;3;100;70.46;0.3904;2.565
Case 6098;3;100;70.45;0.3903;2.565
Case 6099;3;100;70.44;0.3902;2.566
Case 6100;3;100;70.43;0.3901;2.566
Case 6101;3;100;70.43;0.39;2.566
Case 6102;3;100;70.42;0.3899;2.566
Case 6103;3;100;70.41;0.3898;2.567
Case 6104;3;100;70.4;0.3897;2.567
Case 6105;3;100;70.39;0.3896;2.567
Case 6106;3;100;70.38;0.3895;2.567
Case 6107;3;100;70.37;0.3894;2.568
Case 6108;3;100;70.36;0.3893;2.568
Case 6109;3;100;70.35;0.3892;2.568
Case 6110;3;100;70.34;0.3891;2.568
Case 6111;3;100;70.33;0.389;2.569
Case 6112;3;100;70.32;0.3889;2.569
Case 6113;3;100;70.31;0.3888;2.569
Case 6114;3;100;70.31;0.3887;2.569
Case 6115;3;100;70.3;0.3886;2.57
Case 6116;3;100;70.29;0.3885;2.57
Case 6117;3;100;70.28;0.3884;2.57
Case 6118;3;100;70.27;0.3883;2.57
Case 6119;3;100;70.26;0.3882;2.571
Case 6120;3;100;70.25;0.3881;2.571
Case 6121;3;100;70.24;0.388;2.571
Case 6122;3;100;70.23;0.3879;2.571
Case 6123;3;100;70.22;0.3878;2.572
Case 6124;3;100;70.21;0.3877;2.572
Case 6125;3;100;70.2;0.3876;2.572
Case 6126;3;100;70.19;0.3875;2.572
Case 6127;3;100;70.18;0.3874;2.573
Case 6128;3;100;70.18;0.3873;2.573
Case 6129;3;100;70.17;0.3872;2.573
Case 6130;3;100;70.16;0.3871;2.573
Case 6131;3;100;70.15;0.387;2.574
Case 6132;3;100;70.14;0.3869;2.574
Case 6133;3;100;70.13;0.3868;2.574
Case 6134;3;100;70.12;0.3867;2.574
Case 6135;3;100;70.11;0.3866;2.575
Case 6136;3;100;70.1;0.3865;2.575
Case 6137;3;100;70.09;0.3864;2.575
Case 6138;3;100;70.08;0.3863;2.575
Case 6139;3;100;70.07;0.3862;2.576
Case 6140;3;100;70.06;0.3861;2.576
Case 6141;3;100;70.05;0.386;2.576
Case 6142;3;100;70.05;0.3859;2.576
Case 6143;3;100;70.04;0.3858;2.577
Case 6144;3;100;70.03;0.3857;2.577
Case 6145;3;100;70.02;0.3856;2.577
Case 6146;3;100;70.01;0.3855;2.577
Case 6147;3;100;70;0.3854;2.578
Case 6148;3;100;69.99;0.3853;2.578
Case 6149;3;100;69.98;0.3852;2.578
Case 6150;3;100;69.97;0.3851;2.578
Case 6151;3;100;69.96;0.385;2.579
Case 6152;3;100;69.96;0.3849;2.579
Case 6153;3;100;69.95;0.3848;2.579
Case 6154;3;100;69.94;0.3847;2.579
Case 6155;3;100;69.93;0.3846;2.58
Case 6156;3;100;69.92;0.3845;2.58
Case 6157;3;100;69.91;0.3844;2.58
Case 6158;3;100;69.9;0.3843;2.58
Case 6159;3;100;69.9;0.3842;2.581
Case 6160;3;100;69.89;0.3841;2.581
Case 6161;3;100;69.88;0.384;2.581
Case 6162;3;100;69.87;0.3839;2.581
Case 6163;3;100;69.86;0.3838;2.582
Case 6164;3;100;69.85;0.3837;2.582
Case 6165;3;100;69.85;0.3836;2.582
Case 6166;3;100;69.84;0.3835;2.582
Case 6167;3;100;69.83;0.3834;2.583
Case 6168;3;100;69.82;0.3833;2.583
Case 6169;3;100;69.81;0.3832;2.583
Case 6170;3;100;69.8;0.3831;2.583
Case 6171;3;100;69.79;0.383;2.584
Case 6172;3;100;69.79;0.3829;2.584
Case 6173;3;100;69.78;0.3828;2.584
Case 6174;3;100;69.77;0.3827;2.584
Case 6175;3;100;69.76;0.3826;2.584
Case 6176;3;100;69.75;0.3825;2.585
Case 6177;3;100;69.74;0.3824;2.585
Case 6178;3;100;69.73;0.3823;2.585
Case 6179;3;100;69.73;0.3822;2.585
Case 6180;3;100;69.72;0.3821;2.586
Case 6181;3;100;69.71;0.382;2.586
Case 6182;3;100;69.7;0.3819;2.586
Case 6183;3;100;69.69;0.3818;2.586
Case 6184;3;100;69.68;0.3817;2.587
Case 6185;3;100;69.67;0.3816;2.587
Case 6186;3;100;69.67;0.3815;2.587
Case 6187;3;100;69.66;0.3814;2.587
Case 6188;3;100;69.65;0.3813;2.588
Case 6189;3;100;69.64;0.3812;2.588
Case 6190;3;100;69.63;0.3811;2.588
Case 6191;3;100;69.62;0.381;2.588
Case 6192;3;100;69.62;0.3809;2.589
Case 6193;3;100;69.61;0.3808;2.589
Case 6194;3;100;69.6;0.3807;2.589
Case 6195;3;100;69.59;0.3806;2.589
Case 6196;3;100;69.58;0.3805;2.59
Case 6197;3;100;69.57;0.3804;2.59
Case 6198;3;100;69.56;0.3803;2.59
Case 6199;3;100;69.56;0.3802;2.59
Case 6200;3;100;69.55;0.3801;2.591
Case 6201;3;100;69.54;0.38;2.591
Case 6202;3;100;69.53;0.3799;2.591
Case 6203;3;100;69.52;0.3798;2.591
Case 6204;3;100;69.51;0.3797;2.592
Case 6205;3;100;69.5;0.3796;2.592
Case 6206;3;100;69.5;0.3795;2.592
Case 6207;3;100;69.49;0.3794;2.592
Case 6208;3;100;69.48;0.3793;2.592
Case 6209;3;100;69.47;0.3792;2.593
Case 6210;3;100;69.46;0.3791;2.593
Case 6211;3;100;69.45;0.379;2.593
Case 6212;3;100;69.45;0.3789;2.593
Case 6213;3;100;69.44;0.3788;2.594
Case 6214;3;100;69.43;0.3787;2.594
Case 6215;3;100;69.42;0.3786;2.594
Case 6216;3;100;69.41;0.3785;2.594
Case 6217;3;100;69.4;0.3784;2.595
Case 6218;3;100;69.39;0.3783;2.595
Case 6219;3;100;69.39;0.3782;2.595
Case 6220;3;100;69.38;0.3781;2.595
Case 6221;3;100;69.37;0.378;2.596
Case 6222;3;100;69.36;0.3779;2.596
Case 6223;3;100;69.35;0.3778;2.596
Case 6224;3;100;69.34;0.3777;2.596
Case 6225;3;100;69.33;0.3776;2.597
Case 6226;3;100;69.33;0.3775;2.597
Case 6227;3;100;69.32;0.3774;2.597
Case 6228;3;100;69.31;0.3773;2.597
Case 6229;3;100;69.3;0.3772;2.598
Case 6230;3;100;69.29;0.3771;2.598
Case 6231;3;100;69.28;0.377;2.598
Case 6232;3;100;69.27;0.3769;2.598
Case 6233;3;100;69.27;0.3768;2.598
Case 6234;3;100;69.26;0.3767;2.599
Case 6235;3;100;69.25;0.3766;2.599
Case 6236;3;100;69.24;0.3765;2.599
Case 6237;3;100;69.23;0.3764;2.599
Case 6238;3;100;69.22;0.3763;2.6
Case 6239;3;100;69.21;0.3762;2.6
Case 6240;3;100;69.21;0.3761;2.6
Case 6241;3;100;69.2;0.376;2.6
Case 6242;3;100;69.19;0.3759;2.601
Case 6243;3;100;69.18;0.3758;2.601
Case 6244;3;100;69.17;0.3757;2.601
Case 6245;3;100;69.16;0.3756;2.601
Case 6246;3;100;69.15;0.3755;2.602
Case 6247;3;100;69.15;0.3754;2.602
Case 6248;3;100;69.14;0.3753;2.602
Case 6249;3;100;69.13;0.3752;2.602
Case 6250;3;100;69.12;0.3751;2.603
Case 6251;3;100;69.11;0.375;2.603
Case 6252;3;100;69.1;0.3749;2.603
Case 6253;3;100;69.09;0.3748;2.603
Case 6254;3;100;69.09;0.3747;2.603
Case 6255;3;100;69.08;0.3746;2.604
Case 6256;3;100;69.07;0.3745;2.604
Case 6257;3;100;69.06;0.3744;2.604
Case 6258;3;100;69.05;0.3743;2.604
Case 6259;3;100;69.04;0.3742;2.605
Case 6260;3;100;69.04;0.3741;2.605
Case 6261;3;100;69.03;0.374;2.605
Case 6262;3;100;69.02;0.3739;2.605
Case 6263;3;100;69.01;0.3738;2.606
Case 6264;3;100;69;0.3737;2.606
Case 6265;3;100;68.99;0.3736;2.606
Case 6266;3;100;68.98;0.3735;2.606
Case 6267;3;100;68.98;0.3734;2.607
Case 6268;3;100;68.97;0.3733;2.607
Case 6269;3;100;68.96;0.3732;2.607
Case 6270;3;100;68.95;0.3731;2.607
Case 6271;3;100;68.94;0.373;2.607
Case 6272;3;100;68.93;0.3729;2.608
Case 6273;3;100;68.92;0.3728;2.608
Case 6274;3;100;68.92;0.3727;2.608
Case 6275;3;100;68.91;0.3726;2.608
Case 6276;3;100;68.9;0.3725;2.609
Case 6277;3;100;68.89;0.3724;2.609
Case 6278;3;100;68.88;0.3723;2.609
Case 6279;3;100;68.87;0.3722;2.609
Case 6280;3;100;68.86;0.3721;2.61
Case 6281;3;100;68.86;0.372;2.61
Case 6282;3;100;68.85;0.3719;2.61
Case 6283;3;100;68.84;0.3718;2.61
Case 6284;3;100;68.83;0.3717;2.611
Case 6285;3;100;68.82;0.3716;2.611
Case 6286;3;100;68.81;0.3715;2.611
Case 6287;3;100;68.8;0.3714;2.611
Case 6288;3;100;68.79;0.3713;2.611
Case 6289;3;100;68.79;0.3712;2.612
Case 6290;3;100;68.78;0.3711;2.612
Case 6291;3;100;68.77;0.371;2.612
Case 6292;3;100;68.76;0.3709;2.612
Case 6293;3;100;68.75;0.3708;2.613
Case 6294;3;100;68.74;0.3707;2.613
Case 6295;3;100;68.73;0.3706;2.613
Case 6296;3;100;68.73;0.3705;2.613
Case 6297;3;100;68.72;0.3704;2.614
Case 6298;3;100;68.71;0.3703;2.614
Case 6299;3;100;68.7;0.3702;2.614
Case 6300;3;100;68.69;0.3701;2.614
Case 6301;3;100;68.68;0.37;2.614
Case 6302;3;100;68.67;0.3699;2.615
Case 6303;3;100;68.67;0.3698;2.615
Case 6304;3;100;68.66;0.3697;2.615
Case 6305;3;100;68.65;0.3696;2.615
Case 6306;3;100;68.64;0.3695;2.616
Case 6307;3;100;68.63;0.3694;2.616
Case 6308;3;100;68.62;0.3693;2.616
Case 6309;3;100;68.61;0.3692;2.616
Case 6310;3;100;68.61;0.3691;2.617
Case 6311;3;100;68.6;0.369;2.617
Case 6312;3;100;68.59;0.3689;2.617
Case 6313;3;100;68.58;0.3688;2.617
Case 6314;3;100;68.57;0.3687;2.617
Case 6315;3;100;68.56;0.3686;2.618
Case 6316;3;100;68.55;0.3685;2.618
Case 6317;3;100;68.55;0.3684;2.618
Case 6318;3;100;68.54;0.3683;2.618
Case 6319;3;100;68.53;0.3682;2.619
Case 6320;3;100;68.52;0.3681;2.619
Case 6321;3;100;68.51;0.368;2.619
Case 6322;3;100;68.5;0.3679;2.619
Case 6323;3;100;68.49;0.3678;2.62
Case 6324;3;100;68.49;0.3677;2.62
Case 6325;3;100;68.48;0.3676;2.62
Case 6326;3;100;68.47;0.3675;2.62
Case 6327;3;100;68.46;0.3674;2.62
Case 6328;3;100;68.45;0.3673;2.621
Case 6329;3;100;68.44;0.3672;2.621
Case 6330;3;100;68.43;0.3671;2.621
Case 6331;3;100;68.42;0.367;2.621
Case 6332;3;100;68.42;0.3669;2.622
Case 6333;3;100;68.41;0.3668;2.622
Case 6334;3;100;68.4;0.3667;2.622
Case 6335;3;100;68.39;0.3666;2.622
Case 6336;3;100;68.38;0.3665;2.623
Case 6337;3;100;68.37;0.3664;2.623
Case 6338;3;100;68.36;0.3663;2.623
Case 6339;3;100;68.36;0.3662;2.623
Case 6340;3;100;68.35;0.3661;2.623
Case 6341;3;100;68.34;0.366;2.624
Case 6342;3;100;68.33;0.3659;2.624
Case 6343;3;100;68.32;0.3658;2.624
Case 6344;3;100;68.31;0.3657;2.624
Case 6345;3;100;68.3;0.3656;2.625
Case 6346;3;100;68.3;0.3655;2.625
Case 6347;3;100;68.29;0.3654;2.625
Case 6348;3;100;68.28;0.3653;2.625
Case 6349;3;100;68.27;0.3652;2.626
Case 6350;3;100;68.26;0.3651;2.626
Case 6351;3;100;68.25;0.365;2.626
Case 6352;3;100;68.24;0.3649;2.626
Case 6353;3;100;68.23;0.3648;2.626
Case 6354;3;100;68.23;0.3647;2.627
Case 6355;3;100;68.22;0.3646;2.627
Case 6356;3;100;68.21;0.3645;2.627
Case 6357;3;100;68.2;0.3644;2.627
Case 6358;3;100;68.19;0.3643;2.628
Case 6359;3;100;68.18;0.3642;2.628
Case 6360;3;100;68.17;0.3641;2.628
Case 6361;3;100;68.17;0.364;2.628
Case 6362;3;100;68.16;0.3639;2.628
Case 6363;3;100;68.15;0.3638;2.629
Case 6364;3;100;68.14;0.3637;2.629
Case 6365;3;100;68.13;0.3636;2.629
Case 6366;3;100;68.12;0.3635;2.629
Case 6367;3;100;68.11;0.3634;2.63
Case 6368;3;100;68.11;0.3633;2.63
Case 6369;3;100;68.1;0.3632;2.63
Case 6370;3;100;68.09;0.3631;2.63
Case 6371;3;100;68.08;0.363;2.631
Case 6372;3;100;68.07;0.3629;2.631
Case 6373;3;100;68.06;0.3628;2.631
Case 6374;3;100;68.05;0.3627;2.631
Case 6375;3;100;68.04;0.3626;2.631
Case 6376;3;100;68.04;0.3625;2.632
Case 6377;3;100;68.03;0.3624;2.632
Case 6378;3;100;68.02;0.3623;2.632
Case 6379;3;100;68.01;0.3622;2.632
Case 6380;3;100;68;0.3621;2.633
Case 6381;3;100;67.99;0.362;2.633
Case 6382;3;100;67.98;0.3619;2.633
Case 6383;3;100;67.98;0.3618;2.633
Case 6384;3;100;67.97;0.3617;2.633
Case 6385;3;100;67.96;0.3616;2.634
Case 6386;3;100;67.95;0.3615;2.634
Case 6387;3;100;67.94;0.3614;2.634
Case 6388;3;100;67.93;0.3613;2.634
Case 6389;3;100;67.92;0.3612;2.635
Case 6390;3;100;67.91;0.3611;2.635
Case 6391;3;100;67.91;0.361;2.635
Case 6392;3;100;67.9;0.3609;2.635
Case 6393;3;100;67.89;0.3608;2.635
Case 6394;3;100;67.88;0.3607;2.636
Case 6395;3;100;67.87;0.3606;2.636
Case 6396;3;100;67.86;0.3605;2.636
Case 6397;3;100;67.85;0.3604;2.636
Case 6398;3;100;67.84;0.3603;2.637
Case 6399;3;100;67.84;0.3602;2.637
Case 6400;3;100;67.83;0.3601;2.637
Case 6401;3;100;67.82;0.36;2.637
Case 6402;3;100;67.81;0.3599;2.637
Case 6403;3;100;67.8;0.3598;2.638
Case 6404;3;100;67.79;0.3597;2.638
Case 6405;3;100;67.78;0.3596;2.638
Case 6406;3;100;67.78;0.3595;2.638
Case 6407;3;100;67.77;0.3594;2.639
Case 6408;3;100;67.76;0.3593;2.639
Case 6409;3;100;67.75;0.3592;2.639
Case 6410;3;100;67.74;0.3591;2.639
Case 6411;3;100;67.73;0.359;2.639
Case 6412;3;100;67.72;0.3589;2.64
Case 6413;3;100;67.71;0.3588;2.64
Case 6414;3;100;67.71;0.3587;2.64
Case 6415;3;100;67.7;0.3586;2.64
Case 6416;3;100;67.69;0.3585;2.641
Case 6417;3;100;67.68;0.3584;2.641
Case 6418;3;100;67.67;0.3583;2.641
Case 6419;3;100;67.66;0.3582;2.641
Case 6420;3;100;67.65;0.3581;2.641
Case 6421;3;100;67.64;0.358;2.642
Case 6422;3;100;67.64;0.3579;2.642
Case 6423;3;100;67.63;0.3578;2.642
Case 6424;3;100;67.62;0.3577;2.642
Case 6425;3;100;67.61;0.3576;2.643
Case 6426;3;100;67.6;0.3575;2.643
Case 6427;3;100;67.59;0.3574;2.643
Case 6428;3;100;67.58;0.3573;2.643
Case 6429;3;100;67.57;0.3572;2.643
Case 6430;3;100;67.57;0.3571;2.644
Case 6431;3;100;67.56;0.357;2.644
Case 6432;3;100;67.55;0.3569;2.644
Case 6433;3;100;67.54;0.3568;2.644
Case 6434;3;100;67.53;0.3567;2.645
Case 6435;3;100;67.52;0.3566;2.645
Case 6436;3;100;67.51;0.3565;2.645
Case 6437;3;100;67.5;0.3564;2.645
Case 6438;3;100;67.5;0.3563;2.645
Case 6439;3;100;67.49;0.3562;2.646
Case 6440;3;100;67.48;0.3561;2.646
Case 6441;3;100;67.47;0.356;2.646
Case 6442;3;100;67.46;0.3559;2.646
Case 6443;3;100;67.45;0.3558;2.647
Case 6444;3;100;67.44;0.3557;2.647
Case 6445;3;100;67.43;0.3556;2.647
Case 6446;3;100;67.43;0.3555;2.647
Case 6447;3;100;67.42;0.3554;2.647
Case 6448;3;100;67.41;0.3553;2.648
Case 6449;3;100;67.4;0.3552;2.648
Case 6450;3;100;67.39;0.3551;2.648
Case 6451;3;100;67.38;0.355;2.648
Case 6452;3;100;67.37;0.3549;2.648
Case 6453;3;100;67.36;0.3548;2.649
Case 6454;3;100;67.36;0.3547;2.649
Case 6455;3;100;67.35;0.3546;2.649
Case 6456;3;100;67.34;0.3545;2.649
Case 6457;3;100;67.33;0.3544;2.65
Case 6458;3;100;67.32;0.3543;2.65
Case 6459;3;100;67.31;0.3542;2.65
Case 6460;3;100;67.3;0.3541;2.65
Case 6461;3;100;67.29;0.354;2.65
Case 6462;3;100;67.29;0.3539;2.651
Case 6463;3;100;67.28;0.3538;2.651
Case 6464;3;100;67.27;0.3537;2.651
Case 6465;3;100;67.26;0.3536;2.651
Case 6466;3;100;67.25;0.3535;2.652
Case 6467;3;100;67.24;0.3534;2.652
Case 6468;3;100;67.23;0.3533;2.652
Case 6469;3;100;67.22;0.3532;2.652
Case 6470;3;100;67.22;0.3531;2.652
Case 6471;3;100;67.21;0.353;2.653
Case 6472;3;100;67.2;0.3529;2.653
Case 6473;3;100;67.19;0.3528;2.653
Case 6474;3;100;67.18;0.3527;2.653
Case 6475;3;100;67.17;0.3526;2.653
Case 6476;3;100;67.16;0.3525;2.654
Case 6477;3;100;67.15;0.3524;2.654
Case 6478;3;100;67.14;0.3523;2.654
Case 6479;3;100;67.14;0.3522;2.654
Case 6480;3;100;67.13;0.3521;2.655
Case 6481;3;100;67.12;0.352;2.655
Case 6482;3;100;67.11;0.3519;2.655
Case 6483;3;100;67.1;0.3518;2.655
Case 6484;3;100;67.09;0.3517;2.655
Case 6485;3;100;67.08;0.3516;2.656
Case 6486;3;100;67.07;0.3515;2.656
Case 6487;3;100;67.07;0.3514;2.656
Case 6488;3;100;67.06;0.3513;2.656
Case 6489;3;100;67.05;0.3512;2.656
Case 6490;3;100;67.04;0.3511;2.657
Case 6491;3;100;67.03;0.351;2.657
Case 6492;3;100;67.02;0.3509;2.657
Case 6493;3;100;67.01;0.3508;2.657
Case 6494;3;100;67;0.3507;2.658
Case 6495;3;100;66.99;0.3506;2.658
Case 6496;3;100;66.99;0.3505;2.658
Case 6497;3;100;66.98;0.3504;2.658
Case 6498;3;100;66.97;0.3503;2.658
Case 6499;3;100;66.96;0.3502;2.659
Case 6500;3;100;66.95;0.3501;2.659
Case 6501;3;100;66.94;0.35;2.659
Case 6502;3;100;66.93;0.3499;2.659
Case 6503;3;100;66.92;0.3498;2.66
Case 6504;3;100;66.92;0.3497;2.66
Case 6505;3;100;66.91;0.3496;2.66
Case 6506;3;100;66.9;0.3495;2.66
Case 6507;3;100;66.89;0.3494;2.66
Case 6508;3;100;66.88;0.3493;2.661
Case 6509;3;100;66.87;0.3492;2.661
Case 6510;3;100;66.86;0.3491;2.661
Case 6511;3;100;66.85;0.349;2.661
Case 6512;3;100;66.84;0.3489;2.661
Case 6513;3;100;66.84;0.3488;2.662
Case 6514;3;100;66.83;0.3487;2.662
Case 6515;3;100;66.82;0.3486;2.662
Case 6516;3;100;66.81;0.3485;2.662
Case 6517;3;100;66.8;0.3484;2.662
Case 6518;3;100;66.79;0.3483;2.663
Case 6519;3;100;66.78;0.3482;2.663
Case 6520;3;100;66.77;0.3481;2.663
Case 6521;3;100;66.76;0.348;2.663
Case 6522;3;100;66.76;0.3479;2.664
Case 6523;3;100;66.75;0.3478;2.664
Case 6524;3;100;66.74;0.3477;2.664
Case 6525;3;100;66.73;0.3476;2.664
Case 6526;3;100;66.72;0.3475;2.664
Case 6527;3;100;66.71;0.3474;2.665
Case 6528;3;100;66.7;0.3473;2.665
Case 6529;3;100;66.69;0.3472;2.665
Case 6530;3;100;66.69;0.3471;2.665
Case 6531;3;100;66.68;0.347;2.665
Case 6532;3;100;66.67;0.3469;2.666
Case 6533;3;100;66.66;0.3468;2.666
Case 6534;3;100;66.65;0.3467;2.666
Case 6535;3;100;66.64;0.3466;2.666
Case 6536;3;100;66.63;0.3465;2.667
Case 6537;3;100;66.62;0.3464;2.667
Case 6538;3;100;66.61;0.3463;2.667
Case 6539;3;100;66.61;0.3462;2.667
Case 6540;3;100;66.6;0.3461;2.667
Case 6541;3;100;66.59;0.346;2.668
Case 6542;3;100;66.58;0.3459;2.668
Case 6543;3;100;66.57;0.3458;2.668
Case 6544;3;100;66.56;0.3457;2.668
Case 6545;3;100;66.55;0.3456;2.668
Case 6546;3;100;66.54;0.3455;2.669
Case 6547;3;100;66.53;0.3454;2.669
Case 6548;3;100;66.52;0.3453;2.669
Case 6549;3;100;66.52;0.3452;2.669
Case 6550;3;100;66.51;0.3451;2.669
Case 6551;3;100;66.5;0.345;2.67
Case 6552;3;100;66.49;0.3449;2.67
Case 6553;3;100;66.48;0.3448;2.67
Case 6554;3;100;66.47;0.3447;2.67
Case 6555;3;100;66.46;0.3446;2.671
Case 6556;3;100;66.45;0.3445;2.671
Case 6557;3;100;66.44;0.3444;2.671
Case 6558;3;100;66.44;0.3443;2.671
Case 6559;3;100;66.43;0.3442;2.671
Case 6560;3;100;66.42;0.3441;2.672
Case 6561;3;100;66.41;0.344;2.672
Case 6562;3;100;66.4;0.3439;2.672
Case 6563;3;100;66.39;0.3438;2.672
Case 6564;3;100;66.38;0.3437;2.672
Case 6565;3;100;66.37;0.3436;2.673
Case 6566;3;100;66.36;0.3435;2.673
Case 6567;3;100;66.36;0.3434;2.673
Case 6568;3;100;66.35;0.3433;2.673
Case 6569;3;100;66.34;0.3432;2.673
Case 6570;3;100;66.33;0.3431;2.674
Case 6571;3;100;66.32;0.343;2.674
Case 6572;3;100;66.31;0.3429;2.674
Case 6573;3;100;66.3;0.3428;2.674
Case 6574;3;100;66.29;0.3427;2.674
Case 6575;3;100;66.28;0.3426;2.675
Case 6576;3;100;66.27;0.3425;2.675
Case 6577;3;100;66.27;0.3424;2.675
Case 6578;3;100;66.26;0.3423;2.675
Case 6579;3;100;66.25;0.3422;2.676
Case 6580;3;100;66.24;0.3421;2.676
Case 6581;3;100;66.23;0.342;2.676
Case 6582;3;100;66.22;0.3419;2.676
Case 6583;3;100;66.21;0.3418;2.676
Case 6584;3;100;66.2;0.3417;2.677
Case 6585;3;100;66.19;0.3416;2.677
Case 6586;3;100;66.19;0.3415;2.677
Case 6587;3;100;66.18;0.3414;2.677
Case 6588;3;100;66.17;0.3413;2.677
Case 6589;3;100;66.16;0.3412;2.678
Case 6590;3;100;66.15;0.3411;2.678
Case 6591;3;100;66.14;0.341;2.678
Case 6592;3;100;66.13;0.3409;2.678
Case 6593;3;100;66.12;0.3408;2.678
Case 6594;3;100;66.11;0.3407;2.679
Case 6595;3;100;66.1;0.3406;2.679
Case 6596;3;100;66.1;0.3405;2.679
Case 6597;3;100;66.09;0.3404;2.679
Case 6598;3;100;66.08;0.3403;2.679
Case 6599;3;100;66.07;0.3402;2.68
Case 6600;3;100;66.06;0.3401;2.68
Case 6601;3;100;66.05;0.34;2.68
Case 6602;3;100;66.04;0.3399;2.68
Case 6603;3;100;66.03;0.3398;2.68
Case 6604;3;100;66.02;0.3397;2.681
Case 6605;3;100;66.01;0.3396;2.681
Case 6606;3;100;66.01;0.3395;2.681
Case 6607;3;100;66;0.3394;2.681
Case 6608;3;100;65.99;0.3393;2.681
Case 6609;3;100;65.98;0.3392;2.682
Case 6610;3;100;65.97;0.3391;2.682
Case 6611;3;100;65.96;0.339;2.682
Case 6612;3;100;65.95;0.3389;2.682
Case 6613;3;100;65.94;0.3388;2.683
Case 6614;3;100;65.93;0.3387;2.683
Case 6615;3;100;65.92;0.3386;2.683
Case 6616;3;100;65.92;0.3385;2.683
Case 6617;3;100;65.91;0.3384;2.683
Case 6618;3;100;65.9;0.3383;2.684
Case 6619;3;100;65.89;0.3382;2.684
Case 6620;3;100;65.88;0.3381;2.684
Case 6621;3;100;65.87;0.338;2.684
Case 6622;3;100;65.86;0.3379;2.684
Case 6623;3;100;65.85;0.3378;2.685
Case 6624;3;100;65.84;0.3377;2.685
Case 6625;3;100;65.83;0.3376;2.685
Case 6626;3;100;65.82;0.3375;2.685
Case 6627;3;100;65.82;0.3374;2.685
Case 6628;3;100;65.81;0.3373;2.686
Case 6629;3;100;65.8;0.3372;2.686
Case 6630;3;100;65.79;0.3371;2.686
Case 6631;3;100;65.78;0.337;2.686
Case 6632;3;100;65.77;0.3369;2.686
Case 6633;3;100;65.76;0.3368;2.687
Case 6634;3;100;65.75;0.3367;2.687
Case 6635;3;100;65.74;0.3366;2.687
Case 6636;3;100;65.73;0.3365;2.687
Case 6637;3;100;65.73;0.3364;2.687
Case 6638;3;100;65.72;0.3363;2.688
Case 6639;3;100;65.71;0.3362;2.688
Case 6640;3;100;65.7;0.3361;2.688
Case 6641;3;100;65.69;0.336;2.688
Case 6642;3;100;65.68;0.3359;2.688
Case 6643;3;100;65.67;0.3358;2.689
Case 6644;3;100;65.66;0.3357;2.689
Case 6645;3;100;65.65;0.3356;2.689
Case 6646;3;100;65.64;0.3355;2.689
Case 6647;3;100;65.63;0.3354;2.689
Case 6648;3;100;65.63;0.3353;2.69
Case 6649;3;100;65.62;0.3352;2.69
Case 6650;3;100;65.61;0.3351;2.69
Case 6651;3;100;65.6;0.335;2.69
Case 6652;3;100;65.59;0.3349;2.69
Case 6653;3;100;65.58;0.3348;2.691
Case 6654;3;100;65.57;0.3347;2.691
Case 6655;3;100;65.56;0.3346;2.691
Case 6656;3;100;65.55;0.3345;2.691
Case 6657;3;100;65.54;0.3344;2.691
Case 6658;3;100;65.53;0.3343;2.692
Case 6659;3;100;65.52;0.3342;2.692
Case 6660;3;100;65.52;0.3341;2.692
Case 6661;3;100;65.51;0.334;2.692
Case 6662;3;100;65.5;0.3339;2.692
Case 6663;3;100;65.49;0.3338;2.693
Case 6664;3;100;65.48;0.3337;2.693
Case 6665;3;100;65.47;0.3336;2.693
Case 6666;3;100;65.46;0.3335;2.693
Case 6667;3;100;65.45;0.3334;2.693
Case 6668;3;100;65.44;0.3333;2.694
Case 6669;3;100;65.43;0.3332;2.694
Case 6670;3;100;65.42;0.3331;2.694
Case 6671;3;100;65.42;0.333;2.694
Case 6672;3;100;65.41;0.3329;2.694
Case 6673;3;100;65.4;0.3328;2.695
Case 6674;3;100;65.39;0.3327;2.695
Case 6675;3;100;65.38;0.3326;2.695
Case 6676;3;100;65.37;0.3325;2.695
Case 6677;3;100;65.36;0.3324;2.695
Case 6678;3;100;65.35;0.3323;2.696
Case 6679;3;100;65.34;0.3322;2.696
Case 6680;3;100;65.33;0.3321;2.696
Case 6681;3;100;65.32;0.332;2.696
Case 6682;3;100;65.31;0.3319;2.696
Case 6683;3;100;65.31;0.3318;2.697
Case 6684;3;100;65.3;0.3317;2.697
Case 6685;3;100;65.29;0.3316;2.697
Case 6686;3;100;65.28;0.3315;2.697
Case 6687;3;100;65.27;0.3314;2.697
Case 6688;3;100;65.26;0.3313;2.698
Case 6689;3;100;65.25;0.3312;2.698
Case 6690;3;100;65.24;0.3311;2.698
Case 6691;3;100;65.23;0.331;2.698
Case 6692;3;100;65.22;0.3309;2.698
Case 6693;3;100;65.21;0.3308;2.699
Case 6694;3;100;65.2;0.3307;2.699
Case 6695;3;100;65.2;0.3306;2.699
Case 6696;3;100;65.19;0.3305;2.699
Case 6697;3;100;65.18;0.3304;2.699
Case 6698;3;100;65.17;0.3303;2.7
Case 6699;3;100;65.16;0.3302;2.7
Case 6700;3;100;65.15;0.3301;2.7
Case 6701;3;100;65.14;0.33;2.7
Case 6702;3;100;65.13;0.3299;2.7
Case 6703;3;100;65.12;0.3298;2.701
Case 6704;3;100;65.11;0.3297;2.701
Case 6705;3;100;65.1;0.3296;2.701
Case 6706;3;100;65.09;0.3295;2.701
Case 6707;3;100;65.08;0.3294;2.701
Case 6708;3;100;65.08;0.3293;2.702
Case 6709;3;100;65.07;0.3292;2.702
Case 6710;3;100;65.06;0.3291;2.702
Case 6711;3;100;65.05;0.329;2.702
Case 6712;3;100;65.04;0.3289;2.702
Case 6713;3;100;65.03;0.3288;2.703
Case 6714;3;100;65.02;0.3287;2.703
Case 6715;3;100;65.01;0.3286;2.703
Case 6716;3;100;65;0.3285;2.703
Case 6717;3;100;64.99;0.3284;2.703
Case 6718;3;100;64.98;0.3283;2.704
Case 6719;3;100;64.97;0.3282;2.704
Case 6720;3;100;64.96;0.3281;2.704
Case 6721;3;100;64.96;0.328;2.704
Case 6722;3;100;64.95;0.3279;2.704
Case 6723;3;100;64.94;0.3278;2.704
Case 6724;3;100;64.93;0.3277;2.705
Case 6725;3;100;64.92;0.3276;2.705
Case 6726;3;100;64.92;0.3275;2.705
Case 6727;3;100;64.91;0.3274;2.705
Case 6728;3;100;64.9;0.3273;2.705
Case 6729;3;100;64.89;0.3272;2.706
Case 6730;3;100;64.88;0.3271;2.706
Case 6731;3;100;64.87;0.327;2.706
Case 6732;3;100;64.86;0.3269;2.706
Case 6733;3;100;64.85;0.3268;2.706
Case 6734;3;100;64.85;0.3267;2.707
Case 6735;3;100;64.84;0.3266;2.707
Case 6736;3;100;64.83;0.3265;2.707
Case 6737;3;100;64.82;0.3264;2.707
Case 6738;3;100;64.81;0.3263;2.707
Case 6739;3;100;64.8;0.3262;2.708
Case 6740;3;100;64.79;0.3261;2.708
Case 6741;3;100;64.78;0.326;2.708
Case 6742;3;100;64.77;0.3259;2.708
Case 6743;3;100;64.76;0.3258;2.708
Case 6744;3;100;64.75;0.3257;2.709
Case 6745;3;100;64.74;0.3256;2.709
Case 6746;3;100;64.73;0.3255;2.709
Case 6747;3;100;64.72;0.3254;2.709
Case 6748;3;100;64.72;0.3253;2.709
Case 6749;3;100;64.71;0.3252;2.71
Case 6750;3;100;64.7;0.3251;2.71
Case 6751;3;100;64.69;0.325;2.71
Case 6752;3;100;64.68;0.3249;2.71
Case 6753;3;100;64.67;0.3248;2.71
Case 6754;3;100;64.66;0.3247;2.711
Case 6755;3;100;64.65;0.3246;2.711
Case 6756;3;100;64.64;0.3245;2.711
Case 6757;3;100;64.63;0.3244;2.711
Case 6758;3;100;64.62;0.3243;2.711
Case 6759;3;100;64.61;0.3242;2.711
Case 6760;3;100;64.6;0.3241;2.712
Case 6761;3;100;64.59;0.324;2.712
Case 6762;3;100;64.58;0.3239;2.712
Case 6763;3;100;64.58;0.3238;2.712
Case 6764;3;100;64.57;0.3237;2.712
Case 6765;3;100;64.56;0.3236;2.713
Case 6766;3;100;64.55;0.3235;2.713
Case 6767;3;100;64.54;0.3234;2.713
Case 6768;3;100;64.53;0.3233;2.713
Case 6769;3;100;64.52;0.3232;2.713
Case 6770;3;100;64.51;0.3231;2.714
Case 6771;3;100;64.5;0.323;2.714
Case 6772;3;100;64.49;0.3229;2.714
Case 6773;3;100;64.48;0.3228;2.714
Case 6774;3;100;64.47;0.3227;2.714
Case 6775;3;100;64.46;0.3226;2.715
Case 6776;3;100;64.45;0.3225;2.715
Case 6777;3;100;64.44;0.3224;2.715
Case 6778;3;100;64.43;0.3223;2.715
Case 6779;3;100;64.43;0.3222;2.715
Case 6780;3;100;64.42;0.3221;2.716
Case 6781;3;100;64.41;0.322;2.716
Case 6782;3;100;64.4;0.3219;2.716
Case 6783;3;100;64.39;0.3218;2.716
Case 6784;3;100;64.38;0.3217;2.716
Case 6785;3;100;64.37;0.3216;2.716
Case 6786;3;100;64.36;0.3215;2.717
Case 6787;3;100;64.35;0.3214;2.717
Case 6788;3;100;64.34;0.3213;2.717
Case 6789;3;100;64.33;0.3212;2.717
Case 6790;3;100;64.32;0.3211;2.717
Case 6791;3;100;64.31;0.321;2.718
Case 6792;3;100;64.3;0.3209;2.718
Case 6793;3;100;64.29;0.3208;2.718
Case 6794;3;100;64.28;0.3207;2.718
Case 6795;3;100;64.27;0.3206;2.718
Case 6796;3;100;64.27;0.3205;2.719
Case 6797;3;100;64.26;0.3204;2.719
Case 6798;3;100;64.25;0.3203;2.719
Case 6799;3;100;64.24;0.3202;2.719
Case 6800;3;100;64.23;0.3201;2.719
Case 6801;3;100;64.22;0.32;2.719
Case 6802;3;100;64.21;0.3199;2.72
Case 6803;3;100;64.2;0.3198;2.72
Case 6804;3;100;64.19;0.3197;2.72
Case 6805;3;100;64.18;0.3196;2.72
Case 6806;3;100;64.17;0.3195;2.72
Case 6807;3;100;64.16;0.3194;2.721
Case 6808;3;100;64.15;0.3193;2.721
Case 6809;3;100;64.14;0.3192;2.721
Case 6810;3;100;64.13;0.3191;2.721
Case 6811;3;100;64.12;0.319;2.721
Case 6812;3;100;64.11;0.3189;2.722
Case 6813;3;100;64.1;0.3188;2.722
Case 6814;3;100;64.09;0.3187;2.722
Case 6815;3;100;64.09;0.3186;2.722
Case 6816;3;100;64.08;0.3185;2.722
Case 6817;3;100;64.07;0.3184;2.723
Case 6818;3;100;64.06;0.3183;2.723
Case 6819;3;100;64.05;0.3182;2.723
Case 6820;3;100;64.04;0.3181;2.723
Case 6821;3;100;64.03;0.318;2.723
Case 6822;3;100;64.02;0.3179;2.723
Case 6823;3;100;64.01;0.3178;2.724
Case 6824;3;100;64;0.3177;2.724
Case 6825;3;100;63.99;0.3176;2.724
Case 6826;3;100;63.98;0.3175;2.724
Case 6827;3;100;63.97;0.3174;2.724
Case 6828;3;100;63.96;0.3173;2.725
Case 6829;3;100;63.95;0.3172;2.725
Case 6830;3;100;63.94;0.3171;2.725
Case 6831;3;100;63.93;0.317;2.725
Case 6832;3;100;63.92;0.3169;2.725
Case 6833;3;100;63.91;0.3168;2.726
Case 6834;3;100;63.9;0.3167;2.726
Case 6835;3;100;63.89;0.3166;2.726
Case 6836;3;100;63.89;0.3165;2.726
Case 6837;3;100;63.88;0.3164;2.726
Case 6838;3;100;63.87;0.3163;2.726
Case 6839;3;100;63.86;0.3162;2.727
Case 6840;3;100;63.85;0.3161;2.727
Case 6841;3;100;63.84;0.316;2.727
Case 6842;3;100;63.83;0.3159;2.727
Case 6843;3;100;63.82;0.3158;2.727
Case 6844;3;100;63.81;0.3157;2.728
Case 6845;3;100;63.8;0.3156;2.728
Case 6846;3;100;63.79;0.3155;2.728
Case 6847;3;100;63.78;0.3154;2.728
Case 6848;3;100;63.77;0.3153;2.728
Case 6849;3;100;63.76;0.3152;2.728
Case 6850;3;100;63.75;0.3151;2.729
Case 6851;3;100;63.74;0.315;2.729
Case 6852;3;100;63.73;0.3149;2.729
Case 6853;3;100;63.72;0.3148;2.729
Case 6854;3;100;63.71;0.3147;2.729
Case 6855;3;100;63.7;0.3146;2.73
Case 6856;3;100;63.69;0.3145;2.73
Case 6857;3;100;63.68;0.3144;2.73
Case 6858;3;100;63.67;0.3143;2.73
Case 6859;3;100;63.66;0.3142;2.73
Case 6860;3;100;63.66;0.3141;2.731
Case 6861;3;100;63.65;0.314;2.731
Case 6862;3;100;63.64;0.3139;2.731
Case 6863;3;100;63.63;0.3138;2.731
Case 6864;3;100;63.62;0.3137;2.731
Case 6865;3;100;63.61;0.3136;2.731
Case 6866;3;100;63.6;0.3135;2.732
Case 6867;3;100;63.59;0.3134;2.732
Case 6868;3;100;63.58;0.3133;2.732
Case 6869;3;100;63.57;0.3132;2.732
Case 6870;3;100;63.56;0.3131;2.732
Case 6871;3;100;63.55;0.313;2.733
Case 6872;3;100;63.54;0.3129;2.733
Case 6873;3;100;63.53;0.3128;2.733
Case 6874;3;100;63.52;0.3127;2.733
Case 6875;3;100;63.51;0.3126;2.733
Case 6876;3;100;63.5;0.3125;2.733
Case 6877;3;100;63.49;0.3124;2.734
Case 6878;3;100;63.48;0.3123;2.734
Case 6879;3;100;63.47;0.3122;2.734
Case 6880;3;100;63.46;0.3121;2.734
Case 6881;3;100;63.45;0.312;2.734
Case 6882;3;100;63.44;0.3119;2.735
Case 6883;3;100;63.43;0.3118;2.735
Case 6884;3;100;63.42;0.3117;2.735
Case 6885;3;100;63.41;0.3116;2.735
Case 6886;3;100;63.4;0.3115;2.735
Case 6887;3;100;63.39;0.3114;2.735
Case 6888;3;100;63.38;0.3113;2.736
Case 6889;3;100;63.37;0.3112;2.736
Case 6890;3;100;63.37;0.3111;2.736
Case 6891;3;100;63.36;0.311;2.736
Case 6892;3;100;63.35;0.3109;2.736
Case 6893;3;100;63.34;0.3108;2.737
Case 6894;3;100;63.33;0.3107;2.737
Case 6895;3;100;63.32;0.3106;2.737
Case 6896;3;100;63.31;0.3105;2.737
Case 6897;3;100;63.3;0.3104;2.737
Case 6898;3;100;63.29;0.3103;2.737
Case 6899;3;100;63.28;0.3102;2.738
Case 6900;3;100;63.27;0.3101;2.738
Case 6901;3;100;63.26;0.31;2.738
Case 6902;3;100;63.25;0.3099;2.738
Case 6903;3;100;63.24;0.3098;2.738
Case 6904;3;100;63.23;0.3097;2.739
Case 6905;3;100;63.22;0.3096;2.739
Case 6906;3;100;63.21;0.3095;2.739
Case 6907;3;100;63.2;0.3094;2.739
Case 6908;3;100;63.19;0.3093;2.739
Case 6909;3;100;63.18;0.3092;2.739
Case 6910;3;100;63.17;0.3091;2.74
Case 6911;3;100;63.16;0.309;2.74
Case 6912;3;100;63.15;0.3089;2.74
Case 6913;3;100;63.14;0.3088;2.74
Case 6914;3;100;63.13;0.3087;2.74
Case 6915;3;100;63.12;0.3086;2.741
Case 6916;3;100;63.11;0.3085;2.741
Case 6917;3;100;63.1;0.3084;2.741
Case 6918;3;100;63.09;0.3083;2.741
Case 6919;3;100;63.08;0.3082;2.741
Case 6920;3;100;63.07;0.3081;2.741
Case 6921;3;100;63.06;0.308;2.742
Case 6922;3;100;63.05;0.3079;2.742
Case 6923;3;100;63.04;0.3078;2.742
Case 6924;3;100;63.03;0.3077;2.742
Case 6925;3;100;63.02;0.3076;2.742
Case 6926;3;100;63.01;0.3075;2.743
Case 6927;3;100;63;0.3074;2.743
Case 6928;3;100;62.99;0.3073;2.743
Case 6929;3;100;62.98;0.3072;2.743
Case 6930;3;100;62.97;0.3071;2.743
Case 6931;3;100;62.96;0.307;2.743
Case 6932;3;100;62.95;0.3069;2.744
Case 6933;3;100;62.94;0.3068;2.744
Case 6934;3;100;62.93;0.3067;2.744
Case 6935;3;100;62.92;0.3066;2.744
Case 6936;3;100;62.91;0.3065;2.744
Case 6937;3;100;62.91;0.3064;2.744
Case 6938;3;100;62.9;0.3063;2.745
Case 6939;3;100;62.89;0.3062;2.745
Case 6940;3;100;62.88;0.3061;2.745
Case 6941;3;100;62.87;0.306;2.745
Case 6942;3;100;62.86;0.3059;2.745
Case 6943;3;100;62.85;0.3058;2.746
Case 6944;3;100;62.84;0.3057;2.746
Case 6945;3;100;62.83;0.3056;2.746
Case 6946;3;100;62.82;0.3055;2.746
Case 6947;3;100;62.81;0.3054;2.746
Case 6948;3;100;62.8;0.3053;2.746
Case 6949;3;100;62.79;0.3052;2.747
Case 6950;3;100;62.78;0.3051;2.747
Case 6951;3;100;62.77;0.305;2.747
Case 6952;3;100;62.76;0.3049;2.747
Case 6953;3;100;62.75;0.3048;2.747
Case 6954;3;100;62.74;0.3047;2.748
Case 6955;3;100;62.73;0.3046;2.748
Case 6956;3;100;62.72;0.3045;2.748
Case 6957;3;100;62.71;0.3044;2.748
Case 6958;3;100;62.7;0.3043;2.748
Case 6959;3;100;62.69;0.3042;2.748
Case 6960;3;100;62.68;0.3041;2.749
Case 6961;3;100;62.67;0.304;2.749
Case 6962;3;100;62.66;0.3039;2.749
Case 6963;3;100;62.65;0.3038;2.749
Case 6964;3;100;62.64;0.3037;2.749
Case 6965;3;100;62.63;0.3036;2.749
Case 6966;3;100;62.62;0.3035;2.75
Case 6967;3;100;62.61;0.3034;2.75
Case 6968;3;100;62.6;0.3033;2.75
Case 6969;3;100;62.59;0.3032;2.75
Case 6970;3;100;62.58;0.3031;2.75
Case 6971;3;100;62.57;0.303;2.751
Case 6972;3;100;62.56;0.3029;2.751
Case 6973;3;100;62.55;0.3028;2.751
Case 6974;3;100;62.54;0.3027;2.751
Case 6975;3;100;62.53;0.3026;2.751
Case 6976;3;100;62.52;0.3025;2.751
Case 6977;3;100;62.51;0.3024;2.752
Case 6978;3;100;62.5;0.3023;2.752
Case 6979;3;100;62.49;0.3022;2.752
Case 6980;3;100;62.48;0.3021;2.752
Case 6981;3;100;62.47;0.302;2.752
Case 6982;3;100;62.46;0.3019;2.752
Case 6983;3;100;62.45;0.3018;2.753
Case 6984;3;100;62.44;0.3017;2.753
Case 6985;3;100;62.43;0.3016;2.753
Case 6986;3;100;62.42;0.3015;2.753
Case 6987;3;100;62.41;0.3014;2.753
Case 6988;3;100;62.4;0.3013;2.754
Case 6989;3;100;62.39;0.3012;2.754
Case 6990;3;100;62.38;0.3011;2.754
Case 6991;3;100;62.37;0.301;2.754
Case 6992;3;100;62.36;0.3009;2.754
Case 6993;3;100;62.35;0.3008;2.754
Case 6994;3;100;62.34;0.3007;2.755
Case 6995;3;100;62.33;0.3006;2.755
Case 6996;3;100;62.32;0.3005;2.755
Case 6997;3;100;62.31;0.3004;2.755
Case 6998;3;100;62.3;0.3003;2.755
Case 6999;3;100;62.29;0.3002;2.755
Case 7000;3;100;62.28;0.3001;2.756
Case 7001;3;100;62.27;0.3;2.756
Case 7002;3;100;62.26;0.2999;2.756
Case 7003;3;100;62.25;0.2998;2.756
Case 7004;3;100;62.24;0.2997;2.756
Case 7005;3;100;62.23;0.2996;2.756
Case 7006;3;100;62.22;0.2995;2.757
Case 7007;3;100;62.21;0.2994;2.757
Case 7008;3;100;62.19;0.2993;2.757
Case 7009;3;100;62.18;0.2992;2.757
Case 7010;3;100;62.17;0.2991;2.757
Case 7011;3;100;62.16;0.299;2.758
Case 7012;3;100;62.15;0.2989;2.758
Case 7013;3;100;62.14;0.2988;2.758
Case 7014;3;100;62.13;0.2987;2.758
Case 7015;3;100;62.12;0.2986;2.758
Case 7016;3;100;62.11;0.2985;2.758
Case 7017;3;100;62.1;0.2984;2.759
Case 7018;3;100;62.09;0.2983;2.759
Case 7019;3;100;62.08;0.2982;2.759
Case 7020;3;100;62.07;0.2981;2.759
Case 7021;3;100;62.06;0.298;2.759
Case 7022;3;100;62.05;0.2979;2.759
Case 7023;3;100;62.04;0.2978;2.76
Case 7024;3;100;62.03;0.2977;2.76
Case 7025;3;100;62.02;0.2976;2.76
Case 7026;3;100;62.01;0.2975;2.76
Case 7027;3;100;62;0.2974;2.76
Case 7028;3;100;61.99;0.2973;2.76
Case 7029;3;100;61.98;0.2972;2.761
Case 7030;3;100;61.97;0.2971;2.761
Case 7031;3;100;61.96;0.297;2.761
Case 7032;3;100;61.95;0.2969;2.761
Case 7033;3;100;61.94;0.2968;2.761
Case 7034;3;100;61.93;0.2967;2.761
Case 7035;3;100;61.92;0.2966;2.762
Case 7036;3;100;61.91;0.2965;2.762
Case 7037;3;100;61.9;0.2964;2.762
Case 7038;3;100;61.89;0.2963;2.762
Case 7039;3;100;61.88;0.2962;2.762
Case 7040;3;100;61.87;0.2961;2.763
Case 7041;3;100;61.86;0.296;2.763
Case 7042;3;100;61.85;0.2959;2.763
Case 7043;3;100;61.84;0.2958;2.763
Case 7044;3;100;61.83;0.2957;2.763
Case 7045;3;100;61.82;0.2956;2.763
Case 7046;3;100;61.81;0.2955;2.764
Case 7047;3;100;61.8;0.2954;2.764
Case 7048;3;100;61.79;0.2953;2.764
Case 7049;3;100;61.78;0.2952;2.764
Case 7050;3;100;61.77;0.2951;2.764
Case 7051;3;100;61.76;0.295;2.764
Case 7052;3;100;61.75;0.2949;2.765
Case 7053;3;100;61.74;0.2948;2.765
Case 7054;3;100;61.73;0.2947;2.765
Case 7055;3;100;61.72;0.2946;2.765
Case 7056;3;100;61.71;0.2945;2.765
Case 7057;3;100;61.7;0.2944;2.765
Case 7058;3;100;61.68;0.2943;2.766
Case 7059;3;100;61.67;0.2942;2.766
Case 7060;3;100;61.66;0.2941;2.766
Case 7061;3;100;61.65;0.294;2.766
Case 7062;3;100;61.64;0.2939;2.766
Case 7063;3;100;61.63;0.2938;2.766
Case 7064;3;100;61.62;0.2937;2.767
Case 7065;3;100;61.61;0.2936;2.767
Case 7066;3;100;61.6;0.2935;2.767
Case 7067;3;100;61.59;0.2934;2.767
Case 7068;3;100;61.58;0.2933;2.767
Case 7069;3;100;61.57;0.2932;2.767
Case 7070;3;100;61.56;0.2931;2.768
Case 7071;3;100;61.55;0.293;2.768
Case 7072;3;100;61.54;0.2929;2.768
Case 7073;3;100;61.52;0.2928;2.768
Case 7074;3;100;61.52;0.2927;2.768
Case 7075;3;100;61.5;0.2926;2.768
Case 7076;3;100;61.49;0.2925;2.769
Case 7077;3;100;61.48;0.2924;2.769
Case 7078;3;100;61.47;0.2923;2.769
Case 7079;3;100;61.46;0.2922;2.769
Case 7080;3;100;61.45;0.2921;2.769
Case 7081;3;100;61.44;0.292;2.769
Case 7082;3;100;61.43;0.2919;2.77
Case 7083;3;100;61.42;0.2918;2.77
Case 7084;3;100;61.41;0.2917;2.77
Case 7085;3;100;61.4;0.2916;2.77
Case 7086;3;100;61.39;0.2915;2.77
Case 7087;3;100;61.38;0.2914;2.77
Case 7088;3;100;61.37;0.2913;2.771
Case 7089;3;100;61.36;0.2912;2.771
Case 7090;3;100;61.35;0.2911;2.771
Case 7091;3;100;61.34;0.291;2.771
Case 7092;3;100;61.33;0.2909;2.771
Case 7093;3;100;61.32;0.2908;2.771
Case 7094;3;100;61.31;0.2907;2.772
Case 7095;3;100;61.3;0.2906;2.772
Case 7096;3;100;61.29;0.2905;2.772
Case 7097;3;100;61.28;0.2904;2.772
Case 7098;3;100;61.27;0.2903;2.772
Case 7099;3;100;61.25;0.2902;2.772
Case 7100;3;100;61.25;0.2901;2.773
Case 7101;3;100;61.23;0.29;2.773
Case 7102;3;100;61.22;0.2899;2.773
Case 7103;3;100;61.21;0.2898;2.773
Case 7104;3;100;61.2;0.2897;2.773
Case 7105;3;100;61.19;0.2896;2.773
Case 7106;3;100;61.18;0.2895;2.774
Case 7107;3;100;61.17;0.2894;2.774
Case 7108;3;100;61.16;0.2893;2.774
Case 7109;3;100;61.15;0.2892;2.774
Case 7110;3;100;61.14;0.2891;2.774
Case 7111;3;100;61.13;0.289;2.774
Case 7112;3;100;61.12;0.2889;2.775
Case 7113;3;100;61.11;0.2888;2.775
Case 7114;3;100;61.1;0.2887;2.775
Case 7115;3;100;61.09;0.2886;2.775
Case 7116;3;100;61.08;0.2885;2.775
Case 7117;3;100;61.07;0.2884;2.775
Case 7118;3;100;61.06;0.2883;2.776
Case 7119;3;100;61.04;0.2882;2.776
Case 7120;3;100;61.03;0.2881;2.776
Case 7121;3;100;61.02;0.288;2.776
Case 7122;3;100;61.01;0.2879;2.776
Case 7123;3;100;61;0.2878;2.776
Case 7124;3;100;60.99;0.2877;2.777
Case 7125;3;100;60.98;0.2876;2.777
Case 7126;3;100;60.97;0.2875;2.777
Case 7127;3;100;60.96;0.2874;2.777
Case 7128;3;100;60.95;0.2873;2.777
Case 7129;3;100;60.93;0.2872;2.777
Case 7130;3;100;60.93;0.2871;2.778
Case 7131;3;100;60.91;0.287;2.778
Case 7132;3;100;60.9;0.2869;2.778
Case 7133;3;100;60.89;0.2868;2.778
Case 7134;3;100;60.88;0.2867;2.778
Case 7135;3;100;60.87;0.2866;2.778
Case 7136;3;100;60.86;0.2865;2.779
Case 7137;3;100;60.85;0.2864;2.779
Case 7138;3;100;60.84;0.2863;2.779
Case 7139;3;100;60.83;0.2862;2.779
Case 7140;3;100;60.82;0.2861;2.779
Case 7141;3;100;60.81;0.286;2.779
Case 7142;3;100;60.8;0.2859;2.78
Case 7143;3;100;60.79;0.2858;2.78
Case 7144;3;100;60.78;0.2857;2.78
Case 7145;3;100;60.76;0.2856;2.78
Case 7146;3;100;60.76;0.2855;2.78
Case 7147;3;100;60.74;0.2854;2.78
Case 7148;3;100;60.73;0.2853;2.781
Case 7149;3;100;60.72;0.2852;2.781
Case 7150;3;100;60.71;0.2851;2.781
Case 7151;3;100;60.7;0.285;2.781
Case 7152;3;100;60.69;0.2849;2.781
Case 7153;3;100;60.68;0.2848;2.781
Case 7154;3;100;60.67;0.2847;2.782
Case 7155;3;100;60.66;0.2846;2.782
Case 7156;3;100;60.65;0.2845;2.782
Case 7157;3;100;60.64;0.2844;2.782
Case 7158;3;100;60.63;0.2843;2.782
Case 7159;3;100;60.62;0.2842;2.782
Case 7160;3;100;60.6;0.2841;2.782
Case 7161;3;100;60.59;0.284;2.783
Case 7162;3;100;60.58;0.2839;2.783
Case 7163;3;100;60.57;0.2838;2.783
Case 7164;3;100;60.56;0.2837;2.783
Case 7165;3;100;60.55;0.2836;2.783
Case 7166;3;100;60.54;0.2835;2.783
Case 7167;3;100;60.52;0.2834;2.784
Case 7168;3;100;60.52;0.2833;2.784
Case 7169;3;100;60.5;0.2832;2.784
Case 7170;3;100;60.49;0.2831;2.784
Case 7171;3;100;60.48;0.283;2.784
Case 7172;3;100;60.47;0.2829;2.784
Case 7173;3;100;60.46;0.2828;2.785
Case 7174;3;100;60.45;0.2827;2.785
Case 7175;3;100;60.44;0.2826;2.785
Case 7176;3;100;60.43;0.2825;2.785
Case 7177;3;100;60.42;0.2824;2.785
Case 7178;3;100;60.41;0.2823;2.785
Case 7179;3;100;60.4;0.2822;2.786
Case 7180;3;100;60.38;0.2821;2.786
Case 7181;3;100;60.38;0.282;2.786
Case 7182;3;100;60.36;0.2819;2.786
Case 7183;3;100;60.35;0.2818;2.786
Case 7184;3;100;60.34;0.2817;2.786
Case 7185;3;100;60.33;0.2816;2.787
Case 7186;3;100;60.32;0.2815;2.787
Case 7187;3;100;60.31;0.2814;2.787
Case 7188;3;100;60.3;0.2813;2.787
Case 7189;3;100;60.29;0.2812;2.787
Case 7190;3;100;60.28;0.2811;2.787
Case 7191;3;100;60.27;0.281;2.787
Case 7192;3;100;60.26;0.2809;2.788
Case 7193;3;100;60.24;0.2808;2.788
Case 7194;3;100;60.23;0.2807;2.788
Case 7195;3;100;60.22;0.2806;2.788
Case 7196;3;100;60.21;0.2805;2.788
Case 7197;3;100;60.2;0.2804;2.788
Case 7198;3;100;60.18;0.2803;2.789
Case 7199;3;100;60.18;0.2802;2.789
Case 7200;3;100;60.16;0.2801;2.789
Case 7201;3;100;60.15;0.28;2.789
Case 7202;3;100;60.14;0.2799;2.789
Case 7203;3;100;60.13;0.2798;2.789
Case 7204;3;100;60.12;0.2797;2.79
Case 7205;3;100;60.11;0.2796;2.79
Case 7206;3;100;60.1;0.2795;2.79
Case 7207;3;100;60.09;0.2794;2.79
Case 7208;3;100;60.08;0.2793;2.79
Case 7209;3;100;60.07;0.2792;2.79
Case 7210;3;100;60.05;0.2791;2.791
Case 7211;3;100;60.04;0.279;2.791
Case 7212;3;100;60.03;0.2789;2.791
Case 7213;3;100;60.02;0.2788;2.791
Case 7214;3;100;60.01;0.2787;2.791
Case 7215;3;100;60;0.2786;2.791
Case 7216;3;100;59.99;0.2785;2.791
Case 7217;3;100;59.98;0.2784;2.792
Case 7218;3;100;59.97;0.2783;2.792
Case 7219;3;100;59.96;0.2782;2.792
Case 7220;3;100;59.95;0.2781;2.792
Case 7221;3;100;59.94;0.278;2.792
Case 7222;3;100;59.93;0.2779;2.792
Case 7223;3;100;59.92;0.2778;2.793
Case 7224;3;100;59.91;0.2777;2.793
Case 7225;3;100;59.9;0.2776;2.793
Case 7226;3;100;59.89;0.2775;2.793
Case 7227;3;100;59.88;0.2774;2.793
Case 7228;3;100;59.87;0.2773;2.793
Case 7229;3;100;59.86;0.2772;2.794
Case 7230;3;100;59.85;0.2771;2.794
Case 7231;3;100;59.84;0.277;2.794
Case 7232;3;100;59.83;0.2769;2.794
Case 7233;3;100;59.82;0.2768;2.794
Case 7234;3;100;59.81;0.2767;2.794
Case 7235;3;100;59.8;0.2766;2.794
Case 7236;3;100;59.79;0.2765;2.795
Case 7237;3;100;59.78;0.2764;2.795
Case 7238;3;100;59.77;0.2763;2.795
Case 7239;3;100;59.76;0.2762;2.795
Case 7240;3;100;59.75;0.2761;2.795
Case 7241;3;100;59.74;0.276;2.795
Case 7242;3;100;59.73;0.2759;2.796
Case 7243;3;100;59.72;0.2758;2.796
Case 7244;3;100;59.71;0.2757;2.796
Case 7245;3;100;59.7;0.2756;2.796
Case 7246;3;100;59.69;0.2755;2.796
Case 7247;3;100;59.68;0.2754;2.796
Case 7248;3;100;59.66;0.2753;2.796
Case 7249;3;100;59.65;0.2752;2.797
Case 7250;3;100;59.64;0.2751;2.797
Case 7251;3;100;59.63;0.275;2.797
Case 7252;3;100;59.62;0.2749;2.797
Case 7253;3;100;59.61;0.2748;2.797
Case 7254;3;100;59.6;0.2747;2.797
Case 7255;3;100;59.59;0.2746;2.798
Case 7256;3;100;59.58;0.2745;2.798
Case 7257;3;100;59.57;0.2744;2.798
Case 7258;3;100;59.56;0.2743;2.798
Case 7259;3;100;59.55;0.2742;2.798
Case 7260;3;100;59.54;0.2741;2.798
Case 7261;3;100;59.53;0.274;2.799
Case 7262;3;100;59.52;0.2739;2.799
Case 7263;3;100;59.51;0.2738;2.799
Case 7264;3;100;59.5;0.2737;2.799
Case 7265;3;100;59.49;0.2736;2.799
Case 7266;3;100;59.48;0.2735;2.799
Case 7267;3;100;59.47;0.2734;2.799
Case 7268;3;100;59.46;0.2733;2.8
Case 7269;3;100;59.45;0.2732;2.8
Case 7270;3;100;59.44;0.2731;2.8
Case 7271;3;100;59.43;0.273;2.8
Case 7272;3;100;59.42;0.2729;2.8
Case 7273;3;100;59.41;0.2728;2.8
Case 7274;3;100;59.4;0.2727;2.801
Case 7275;3;100;59.39;0.2726;2.801
Case 7276;3;100;59.37;0.2725;2.801
Case 7277;3;100;59.36;0.2724;2.801
Case 7278;3;100;59.35;0.2723;2.801
Case 7279;3;100;59.34;0.2722;2.801
Case 7280;3;100;59.33;0.2721;2.801
Case 7281;3;100;59.32;0.272;2.802
Case 7282;3;100;59.31;0.2719;2.802
Case 7283;3;100;59.3;0.2718;2.802
Case 7284;3;100;59.29;0.2717;2.802
Case 7285;3;100;59.28;0.2716;2.802
Case 7286;3;100;59.27;0.2715;2.802
Case 7287;3;100;59.26;0.2714;2.803
Case 7288;3;100;59.25;0.2713;2.803
Case 7289;3;100;59.24;0.2712;2.803
Case 7290;3;100;59.23;0.2711;2.803
Case 7291;3;100;59.22;0.271;2.803
Case 7292;3;100;59.21;0.2709;2.803
Case 7293;3;100;59.2;0.2708;2.803
Case 7294;3;100;59.19;0.2707;2.804
Case 7295;3;100;59.18;0.2706;2.804
Case 7296;3;100;59.17;0.2705;2.804
Case 7297;3;100;59.16;0.2704;2.804
Case 7298;3;100;59.15;0.2703;2.804
Case 7299;3;100;59.14;0.2702;2.804
Case 7300;3;100;59.13;0.2701;2.805
Case 7301;3;100;59.12;0.27;2.805
Case 7302;3;100;59.11;0.2699;2.805
Case 7303;3;100;59.1;0.2698;2.805
Case 7304;3;100;59.09;0.2697;2.805
Case 7305;3;100;59.08;0.2696;2.805
Case 7306;3;100;59.07;0.2695;2.805
Case 7307;3;100;59.06;0.2694;2.806
Case 7308;3;100;59.05;0.2693;2.806
Case 7309;3;100;59.04;0.2692;2.806
Case 7310;3;100;59.03;0.2691;2.806
Case 7311;3;100;59.02;0.269;2.806
Case 7312;3;100;59;0.2689;2.806
Case 7313;3;100;59;0.2688;2.806
Case 7314;3;100;58.98;0.2687;2.807
Case 7315;3;100;58.97;0.2686;2.807
Case 7316;3;100;58.96;0.2685;2.807
Case 7317;3;100;58.95;0.2684;2.807
Case 7318;3;100;58.94;0.2683;2.807
Case 7319;3;100;58.93;0.2682;2.807
Case 7320;3;100;58.92;0.2681;2.808
Case 7321;3;100;58.91;0.268;2.808
Case 7322;3;100;58.9;0.2679;2.808
Case 7323;3;100;58.89;0.2678;2.808
Case 7324;3;100;58.88;0.2677;2.808
Case 7325;3;100;58.87;0.2676;2.808
Case 7326;3;100;58.86;0.2675;2.808
Case 7327;3;100;58.85;0.2674;2.809
Case 7328;3;100;58.84;0.2673;2.809
Case 7329;3;100;58.83;0.2672;2.809
Case 7330;3;100;58.82;0.2671;2.809
Case 7331;3;100;58.81;0.267;2.809
Case 7332;3;100;58.8;0.2669;2.809
Case 7333;3;100;58.79;0.2668;2.81
Case 7334;3;100;58.78;0.2667;2.81
Case 7335;3;100;58.77;0.2666;2.81
Case 7336;3;100;58.76;0.2665;2.81
Case 7337;3;100;58.75;0.2664;2.81
Case 7338;3;100;58.74;0.2663;2.81
Case 7339;3;100;58.73;0.2662;2.81
Case 7340;3;100;58.72;0.2661;2.811
Case 7341;3;100;58.7;0.266;2.811
Case 7342;3;100;58.69;0.2659;2.811
Case 7343;3;100;58.68;0.2658;2.811
Case 7344;3;100;58.67;0.2657;2.811
Case 7345;3;100;58.66;0.2656;2.811
Case 7346;3;100;58.65;0.2655;2.811
Case 7347;3;100;58.64;0.2654;2.812
Case 7348;3;100;58.63;0.2653;2.812
Case 7349;3;100;58.62;0.2652;2.812
Case 7350;3;100;58.61;0.2651;2.812
Case 7351;3;100;58.6;0.265;2.812
Case 7352;3;100;58.59;0.2649;2.812
Case 7353;3;100;58.58;0.2648;2.813
Case 7354;3;100;58.57;0.2647;2.813
Case 7355;3;100;58.56;0.2646;2.813
Case 7356;3;100;58.55;0.2645;2.813
Case 7357;3;100;58.54;0.2644;2.813
Case 7358;3;100;58.53;0.2643;2.813
Case 7359;3;100;58.52;0.2642;2.813
Case 7360;3;100;58.51;0.2641;2.814
Case 7361;3;100;58.5;0.264;2.814
Case 7362;3;100;58.49;0.2639;2.814
Case 7363;3;100;58.48;0.2638;2.814
Case 7364;3;100;58.47;0.2637;2.814
Case 7365;3;100;58.46;0.2636;2.814
Case 7366;3;100;58.44;0.2635;2.814
Case 7367;3;100;58.43;0.2634;2.815
Case 7368;3;100;58.42;0.2633;2.815
Case 7369;3;100;58.41;0.2632;2.815
Case 7370;3;100;58.4;0.2631;2.815
Case 7371;3;100;58.39;0.263;2.815
Case 7372;3;100;58.38;0.2629;2.815
Case 7373;3;100;58.37;0.2628;2.815
Case 7374;3;100;58.36;0.2627;2.816
Case 7375;3;100;58.35;0.2626;2.816
Case 7376;3;100;58.34;0.2625;2.816
Case 7377;3;100;58.32;0.2624;2.816
Case 7378;3;100;58.32;0.2623;2.816
Case 7379;3;100;58.3;0.2622;2.816
Case 7380;3;100;58.29;0.2621;2.816
Case 7381;3;100;58.28;0.262;2.817
Case 7382;3;100;58.27;0.2619;2.817
Case 7383;3;100;58.26;0.2618;2.817
Case 7384;3;100;58.25;0.2617;2.817
Case 7385;3;100;58.24;0.2616;2.817
Case 7386;3;100;58.23;0.2615;2.817
Case 7387;3;100;58.22;0.2614;2.818
Case 7388;3;100;58.21;0.2613;2.818
Case 7389;3;100;58.2;0.2612;2.818
Case 7390;3;100;58.19;0.2611;2.818
Case 7391;3;100;58.18;0.261;2.818
Case 7392;3;100;58.17;0.2609;2.818
Case 7393;3;100;58.16;0.2608;2.818
Case 7394;3;100;58.15;0.2607;2.819
Case 7395;3;100;58.14;0.2606;2.819
Case 7396;3;100;58.13;0.2605;2.819
Case 7397;3;100;58.12;0.2604;2.819
Case 7398;3;100;58.1;0.2603;2.819
Case 7399;3;100;58.1;0.2602;2.819
Case 7400;3;100;58.08;0.2601;2.819
Case 7401;3;100;58.07;0.26;2.82
Case 7402;3;100;58.06;0.2599;2.82
Case 7403;3;100;58.05;0.2598;2.82
Case 7404;3;100;58.04;0.2597;2.82
Case 7405;3;100;58.03;0.2596;2.82
Case 7406;3;100;58.02;0.2595;2.82
Case 7407;3;100;58.01;0.2594;2.82
Case 7408;3;100;58;0.2593;2.821
Case 7409;3;100;57.99;0.2592;2.821
Case 7410;3;100;57.98;0.2591;2.821
Case 7411;3;100;57.97;0.259;2.821
Case 7412;3;100;57.96;0.2589;2.821
Case 7413;3;100;57.95;0.2588;2.821
Case 7414;3;100;57.94;0.2587;2.821
Case 7415;3;100;57.93;0.2586;2.822
Case 7416;3;100;57.92;0.2585;2.822
Case 7417;3;100;57.9;0.2584;2.822
Case 7418;3;100;57.89;0.2583;2.822
Case 7419;3;100;57.88;0.2582;2.822
Case 7420;3;100;57.87;0.2581;2.822
Case 7421;3;100;57.86;0.258;2.822
Case 7422;3;100;57.85;0.2579;2.823
Case 7423;3;100;57.84;0.2578;2.823
Case 7424;3;100;57.83;0.2577;2.823
Case 7425;3;100;57.81;0.2576;2.823
Case 7426;3;100;57.81;0.2575;2.823
Case 7427;3;100;57.79;0.2574;2.823
Case 7428;3;100;57.78;0.2573;2.823
Case 7429;3;100;57.77;0.2572;2.824
Case 7430;3;100;57.76;0.2571;2.824
Case 7431;3;100;57.75;0.257;2.824
Case 7432;3;100;57.74;0.2569;2.824
Case 7433;3;100;57.73;0.2568;2.824
Case 7434;3;100;57.72;0.2567;2.824
Case 7435;3;100;57.71;0.2566;2.824
Case 7436;3;100;57.7;0.2565;2.825
Case 7437;3;100;57.69;0.2564;2.825
Case 7438;3;100;57.68;0.2563;2.825
Case 7439;3;100;57.67;0.2562;2.825
Case 7440;3;100;57.66;0.2561;2.825
Case 7441;3;100;57.65;0.256;2.825
Case 7442;3;100;57.63;0.2559;2.825
Case 7443;3;100;57.63;0.2558;2.826
Case 7444;3;100;57.61;0.2557;2.826
Case 7445;3;100;57.6;0.2556;2.826
Case 7446;3;100;57.59;0.2555;2.826
Case 7447;3;100;57.58;0.2554;2.826
Case 7448;3;100;57.57;0.2553;2.826
Case 7449;3;100;57.56;0.2552;2.826
Case 7450;3;100;57.55;0.2551;2.827
Case 7451;3;100;57.54;0.255;2.827
Case 7452;3;100;57.53;0.2549;2.827
Case 7453;3;100;57.52;0.2548;2.827
Case 7454;3;100;57.51;0.2547;2.827
Case 7455;3;100;57.5;0.2546;2.827
Case 7456;3;100;57.49;0.2545;2.827
Case 7457;3;100;57.47;0.2544;2.828
Case 7458;3;100;57.46;0.2543;2.828
Case 7459;3;100;57.45;0.2542;2.828
Case 7460;3;100;57.44;0.2541;2.828
Case 7461;3;100;57.43;0.254;2.828
Case 7462;3;100;57.42;0.2539;2.828
Case 7463;3;100;57.41;0.2538;2.828
Case 7464;3;100;57.39;0.2537;2.829
Case 7465;3;100;57.39;0.2536;2.829
Case 7466;3;100;57.37;0.2535;2.829
Case 7467;3;100;57.36;0.2534;2.829
Case 7468;3;100;57.35;0.2533;2.829
Case 7469;3;100;57.34;0.2532;2.829
Case 7470;3;100;57.33;0.2531;2.829
Case 7471;3;100;57.32;0.253;2.83
Case 7472;3;100;57.31;0.2529;2.83
Case 7473;3;100;57.3;0.2528;2.83
Case 7474;3;100;57.29;0.2527;2.83
Case 7475;3;100;57.28;0.2526;2.83
Case 7476;3;100;57.27;0.2525;2.83
Case 7477;3;100;57.26;0.2524;2.83
Case 7478;3;100;57.24;0.2523;2.831
Case 7479;3;100;57.24;0.2522;2.831
Case 7480;3;100;57.22;0.2521;2.831
Case 7481;3;100;57.21;0.252;2.831
Case 7482;3;100;57.2;0.2519;2.831
Case 7483;3;100;57.19;0.2518;2.831
Case 7484;3;100;57.18;0.2517;2.831
Case 7485;3;100;57.17;0.2516;2.832
Case 7486;3;100;57.16;0.2515;2.832
Case 7487;3;100;57.15;0.2514;2.832
Case 7488;3;100;57.14;0.2513;2.832
Case 7489;3;100;57.13;0.2512;2.832
Case 7490;3;100;57.12;0.2511;2.832
Case 7491;3;100;57.1;0.251;2.832
Case 7492;3;100;57.09;0.2509;2.833
Case 7493;3;100;57.08;0.2508;2.833
Case 7494;3;100;57.07;0.2507;2.833
Case 7495;3;100;57.06;0.2506;2.833
Case 7496;3;100;57.05;0.2505;2.833
Case 7497;3;100;57.04;0.2504;2.833
Case 7498;3;100;57.02;0.2503;2.833
Case 7499;3;100;57.02;0.2502;2.834
Case 7500;3;100;57;0.2501;2.834
Case 7501;3;100;56.99;0.25;2.834
Case 7502;3;100;56.98;0.2499;2.834
Case 7503;3;100;56.97;0.2498;2.834
Case 7504;3;100;56.96;0.2497;2.834
Case 7505;3;100;56.95;0.2496;2.834
Case 7506;3;100;56.94;0.2495;2.834
Case 7507;3;100;56.93;0.2494;2.835
Case 7508;3;100;56.92;0.2493;2.835
Case 7509;3;100;56.91;0.2492;2.835
Case 7510;3;100;56.89;0.2491;2.835
Case 7511;3;100;56.89;0.249;2.835
Case 7512;3;100;56.87;0.2489;2.835
Case 7513;3;100;56.86;0.2488;2.835
Case 7514;3;100;56.85;0.2487;2.836
Case 7515;3;100;56.84;0.2486;2.836
Case 7516;3;100;56.83;0.2485;2.836
Case 7517;3;100;56.82;0.2484;2.836
Case 7518;3;100;56.81;0.2483;2.836
Case 7519;3;100;56.8;0.2482;2.836
Case 7520;3;100;56.79;0.2481;2.836
Case 7521;3;100;56.78;0.248;2.837
Case 7522;3;100;56.76;0.2479;2.837
Case 7523;3;100;56.75;0.2478;2.837
Case 7524;3;100;56.74;0.2477;2.837
Case 7525;3;100;56.73;0.2476;2.837
Case 7526;3;100;56.72;0.2475;2.837
Case 7527;3;100;56.71;0.2474;2.837
Case 7528;3;100;56.69;0.2473;2.838
Case 7529;3;100;56.69;0.2472;2.838
Case 7530;3;100;56.67;0.2471;2.838
Case 7531;3;100;56.66;0.247;2.838
Case 7532;3;100;56.65;0.2469;2.838
Case 7533;3;100;56.64;0.2468;2.838
Case 7534;3;100;56.63;0.2467;2.838
Case 7535;3;100;56.62;0.2466;2.838
Case 7536;3;100;56.61;0.2465;2.839
Case 7537;3;100;56.6;0.2464;2.839
Case 7538;3;100;56.59;0.2463;2.839
Case 7539;3;100;56.57;0.2462;2.839
Case 7540;3;100;56.57;0.2461;2.839
Case 7541;3;100;56.55;0.246;2.839
Case 7542;3;100;56.54;0.2459;2.839
Case 7543;3;100;56.53;0.2458;2.84
Case 7544;3;100;56.52;0.2457;2.84
Case 7545;3;100;56.51;0.2456;2.84
Case 7546;3;100;56.5;0.2455;2.84
Case 7547;3;100;56.49;0.2454;2.84
Case 7548;3;100;56.48;0.2453;2.84
Case 7549;3;100;56.46;0.2452;2.84
Case 7550;3;100;56.45;0.2451;2.841
Case 7551;3;100;56.44;0.245;2.841
Case 7552;3;100;56.43;0.2449;2.841
Case 7553;3;100;56.42;0.2448;2.841
Case 7554;3;100;56.4;0.2447;2.841
Case 7555;3;100;56.4;0.2446;2.841
Case 7556;3;100;56.38;0.2445;2.841
Case 7557;3;100;56.37;0.2444;2.841
Case 7558;3;100;56.36;0.2443;2.842
Case 7559;3;100;56.35;0.2442;2.842
Case 7560;3;100;56.34;0.2441;2.842
Case 7561;3;100;56.33;0.244;2.842
Case 7562;3;100;56.32;0.2439;2.842
Case 7563;3;100;56.31;0.2438;2.842
Case 7564;3;100;56.29;0.2437;2.842
Case 7565;3;100;56.28;0.2436;2.843
Case 7566;3;100;56.27;0.2435;2.843
Case 7567;3;100;56.26;0.2434;2.843
Case 7568;3;100;56.25;0.2433;2.843
Case 7569;3;100;56.24;0.2432;2.843
Case 7570;3;100;56.23;0.2431;2.843
Case 7571;3;100;56.22;0.243;2.843
Case 7572;3;100;56.21;0.2429;2.843
Case 7573;3;100;56.2;0.2428;2.844
Case 7574;3;100;56.18;0.2427;2.844
Case 7575;3;100;56.17;0.2426;2.844
Case 7576;3;100;56.16;0.2425;2.844
Case 7577;3;100;56.15;0.2424;2.844
Case 7578;3;100;56.14;0.2423;2.844
Case 7579;3;100;56.12;0.2422;2.844
Case 7580;3;100;56.12;0.2421;2.845
Case 7581;3;100;56.1;0.242;2.845
Case 7582;3;100;56.09;0.2419;2.845
Case 7583;3;100;56.08;0.2418;2.845
Case 7584;3;100;56.07;0.2417;2.845
Case 7585;3;100;56.05;0.2416;2.845
Case 7586;3;100;56.04;0.2415;2.845
Case 7587;3;100;56.03;0.2414;2.845
Case 7588;3;100;56.02;0.2413;2.846
Case 7589;3;100;56.01;0.2412;2.846
Case 7590;3;100;56;0.2411;2.846
Case 7591;3;100;55.99;0.241;2.846
Case 7592;3;100;55.98;0.2409;2.846
Case 7593;3;100;55.97;0.2408;2.846
Case 7594;3;100;55.95;0.2407;2.846
Case 7595;3;100;55.94;0.2406;2.847
Case 7596;3;100;55.93;0.2405;2.847
Case 7597;3;100;55.92;0.2404;2.847
Case 7598;3;100;55.91;0.2403;2.847
Case 7599;3;100;55.9;0.2402;2.847
Case 7600;3;100;55.89;0.2401;2.847
Case 7601;3;100;55.87;0.24;2.847
Case 7602;3;100;55.87;0.2399;2.847
Case 7603;3;100;55.85;0.2398;2.848
Case 7604;3;100;55.84;0.2397;2.848
Case 7605;3;100;55.83;0.2396;2.848
Case 7606;3;100;55.82;0.2395;2.848
Case 7607;3;100;55.8;0.2394;2.848
Case 7608;3;100;55.79;0.2393;2.848
Case 7609;3;100;55.78;0.2392;2.848
Case 7610;3;100;55.77;0.2391;2.849
Case 7611;3;100;55.76;0.239;2.849
Case 7612;3;100;55.75;0.2389;2.849
Case 7613;3;100;55.74;0.2388;2.849
Case 7614;3;100;55.73;0.2387;2.849
Case 7615;3;100;55.72;0.2386;2.849
Case 7616;3;100;55.71;0.2385;2.849
Case 7617;3;100;55.7;0.2384;2.849
Case 7618;3;100;55.68;0.2383;2.85
Case 7619;3;100;55.67;0.2382;2.85
Case 7620;3;100;55.66;0.2381;2.85
Case 7621;3;100;55.65;0.238;2.85
Case 7622;3;100;55.63;0.2379;2.85
Case 7623;3;100;55.63;0.2378;2.85
Case 7624;3;100;55.61;0.2377;2.85
Case 7625;3;100;55.6;0.2376;2.851
Case 7626;3;100;55.59;0.2375;2.851
Case 7627;3;100;55.58;0.2374;2.851
Case 7628;3;100;55.56;0.2373;2.851
Case 7629;3;100;55.55;0.2372;2.851
Case 7630;3;100;55.54;0.2371;2.851
Case 7631;3;100;55.53;0.237;2.851
Case 7632;3;100;55.52;0.2369;2.851
Case 7633;3;100;55.51;0.2368;2.852
Case 7634;3;100;55.5;0.2367;2.852
Case 7635;3;100;55.49;0.2366;2.852
Case 7636;3;100;55.47;0.2365;2.852
Case 7637;3;100;55.46;0.2364;2.852
Case 7638;3;100;55.45;0.2363;2.852
Case 7639;3;100;55.44;0.2362;2.852
Case 7640;3;100;55.43;0.2361;2.852
Case 7641;3;100;55.42;0.236;2.853
Case 7642;3;100;55.4;0.2359;2.853
Case 7643;3;100;55.4;0.2358;2.853
Case 7644;3;100;55.38;0.2357;2.853
Case 7645;3;100;55.37;0.2356;2.853
Case 7646;3;100;55.36;0.2355;2.853
Case 7647;3;100;55.35;0.2354;2.853
Case 7648;3;100;55.34;0.2353;2.854
Case 7649;3;100;55.33;0.2352;2.854
Case 7650;3;100;55.31;0.2351;2.854
Case 7651;3;100;55.29;0.235;2.854
Case 7652;3;100;55.28;0.2349;2.854
Case 7653;3;100;55.27;0.2348;2.854
Case 7654;3;100;55.26;0.2347;2.854
Case 7655;3;100;55.25;0.2346;2.854
Case 7656;3;100;55.24;0.2345;2.855
Case 7657;3;100;55.23;0.2344;2.855
Case 7658;3;100;55.22;0.2343;2.855
Case 7659;3;100;55.21;0.2342;2.855
Case 7660;3;100;55.2;0.2341;2.855
Case 7661;3;100;55.18;0.234;2.855
Case 7662;3;100;55.17;0.2339;2.855
Case 7663;3;100;55.16;0.2338;2.855
Case 7664;3;100;55.15;0.2337;2.856
Case 7665;3;100;55.14;0.2336;2.856
Case 7666;3;100;55.13;0.2335;2.856
Case 7667;3;100;55.12;0.2334;2.856
Case 7668;3;100;55.1;0.2333;2.856
Case 7669;3;100;55.08;0.2332;2.856
Case 7670;3;100;55.07;0.2331;2.856
Case 7671;3;100;55.06;0.233;2.856
Case 7672;3;100;55.05;0.2329;2.857
Case 7673;3;100;55.04;0.2328;2.857
Case 7674;3;100;55.03;0.2327;2.857
Case 7675;3;100;55.02;0.2326;2.857
Case 7676;3;100;55;0.2325;2.857
Case 7677;3;100;54.99;0.2324;2.857
Case 7678;3;100;54.98;0.2323;2.857
Case 7679;3;100;54.97;0.2322;2.857
Case 7680;3;100;54.96;0.2321;2.858
Case 7681;3;100;54.95;0.232;2.858
Case 7682;3;100;54.94;0.2319;2.858
Case 7683;3;100;54.92;0.2318;2.858
Case 7684;3;100;54.91;0.2317;2.858
Case 7685;3;100;54.9;0.2316;2.858
Case 7686;3;100;54.89;0.2315;2.858
Case 7687;3;100;54.88;0.2314;2.859
Case 7688;3;100;54.87;0.2313;2.859
Case 7689;3;100;54.86;0.2312;2.859
Case 7690;3;100;54.84;0.2311;2.859
Case 7691;3;100;54.83;0.231;2.859
Case 7692;3;100;54.82;0.2309;2.859
Case 7693;3;100;54.81;0.2308;2.859
Case 7694;3;100;54.8;0.2307;2.859
Case 7695;3;100;54.78;0.2306;2.86
Case 7696;3;100;54.78;0.2305;2.86
Case 7697;3;100;54.76;0.2304;2.86
Case 7698;3;100;54.75;0.2303;2.86
Case 7699;3;100;54.74;0.2302;2.86
Case 7700;3;100;54.72;0.2301;2.86
Case 7701;3;100;54.71;0.23;2.86
Case 7702;3;100;54.7;0.2299;2.86
Case 7703;3;100;54.69;0.2298;2.861
Case 7704;3;100;54.68;0.2297;2.861
Case 7705;3;100;54.67;0.2296;2.861
Case 7706;3;100;54.65;0.2295;2.861
Case 7707;3;100;54.64;0.2294;2.861
Case 7708;3;100;54.63;0.2293;2.861
Case 7709;3;100;54.62;0.2292;2.861
Case 7710;3;100;54.61;0.2291;2.861
Case 7711;3;100;54.59;0.229;2.862
Case 7712;3;100;54.59;0.2289;2.862
Case 7713;3;100;54.57;0.2288;2.862
Case 7714;3;100;54.56;0.2287;2.862
Case 7715;3;100;54.55;0.2286;2.862
Case 7716;3;100;54.54;0.2285;2.862
Case 7717;3;100;54.53;0.2284;2.862
Case 7718;3;100;54.51;0.2283;2.862
Case 7719;3;100;54.49;0.2282;2.863
Case 7720;3;100;54.48;0.2281;2.863
Case 7721;3;100;54.47;0.228;2.863
Case 7722;3;100;54.46;0.2279;2.863
Case 7723;3;100;54.45;0.2278;2.863
Case 7724;3;100;54.44;0.2277;2.863
Case 7725;3;100;54.42;0.2276;2.863
Case 7726;3;100;54.41;0.2275;2.863
Case 7727;3;100;54.4;0.2274;2.864
Case 7728;3;100;54.39;0.2273;2.864
Case 7729;3;100;54.38;0.2272;2.864
Case 7730;3;100;54.37;0.2271;2.864
Case 7731;3;100;54.35;0.227;2.864
Case 7732;3;100;54.34;0.2269;2.864
Case 7733;3;100;54.33;0.2268;2.864
Case 7734;3;100;54.32;0.2267;2.864
Case 7735;3;100;54.31;0.2266;2.865
Case 7736;3;100;54.29;0.2265;2.865
Case 7737;3;100;54.28;0.2264;2.865
Case 7738;3;100;54.27;0.2263;2.865
Case 7739;3;100;54.26;0.2262;2.865
Case 7740;3;100;54.25;0.2261;2.865
Case 7741;3;100;54.23;0.226;2.865
Case 7742;3;100;54.23;0.2259;2.865
Case 7743;3;100;54.21;0.2258;2.866
Case 7744;3;100;54.2;0.2257;2.866
Case 7745;3;100;54.18;0.2256;2.866
Case 7746;3;100;54.17;0.2255;2.866
Case 7747;3;100;54.16;0.2254;2.866
Case 7748;3;100;54.15;0.2253;2.866
Case 7749;3;100;54.14;0.2252;2.866
Case 7750;3;100;54.12;0.2251;2.866
Case 7751;3;100;54.11;0.225;2.866
Case 7752;3;100;54.1;0.2249;2.867
Case 7753;3;100;54.09;0.2248;2.867
Case 7754;3;100;54.08;0.2247;2.867
Case 7755;3;100;54.07;0.2246;2.867
Case 7756;3;100;54.05;0.2245;2.867
Case 7757;3;100;54.03;0.2244;2.867
Case 7758;3;100;54.02;0.2243;2.867
Case 7759;3;100;54.01;0.2242;2.867
Case 7760;3;100;54;0.2241;2.868
Case 7761;3;100;53.99;0.224;2.868
Case 7762;3;100;53.97;0.2239;2.868
Case 7763;3;100;53.96;0.2238;2.868
Case 7764;3;100;53.95;0.2237;2.868
Case 7765;3;100;53.94;0.2236;2.868
Case 7766;3;100;53.93;0.2235;2.868
Case 7767;3;100;53.92;0.2234;2.868
Case 7768;3;100;53.91;0.2233;2.869
Case 7769;3;100;53.89;0.2232;2.869
Case 7770;3;100;53.87;0.2231;2.869
Case 7771;3;100;53.86;0.223;2.869
Case 7772;3;100;53.85;0.2229;2.869
Case 7773;3;100;53.84;0.2228;2.869
Case 7774;3;100;53.83;0.2227;2.869
Case 7775;3;100;53.82;0.2226;2.869
Case 7776;3;100;53.8;0.2225;2.87
Case 7777;3;100;53.79;0.2224;2.87
Case 7778;3;100;53.78;0.2223;2.87
Case 7779;3;100;53.77;0.2222;2.87
Case 7780;3;100;53.76;0.2221;2.87
Case 7781;3;100;53.74;0.222;2.87
Case 7782;3;100;53.73;0.2219;2.87
Case 7783;3;100;53.72;0.2218;2.87
Case 7784;3;100;53.71;0.2217;2.871
Case 7785;3;100;53.7;0.2216;2.871
Case 7786;3;100;53.68;0.2215;2.871
Case 7787;3;100;53.67;0.2214;2.871
Case 7788;3;100;53.66;0.2213;2.871
Case 7789;3;100;53.65;0.2212;2.871
Case 7790;3;100;53.63;0.2211;2.871
Case 7791;3;100;53.62;0.221;2.871
Case 7792;3;100;53.61;0.2209;2.871
Case 7793;3;100;53.6;0.2208;2.872
Case 7794;3;100;53.59;0.2207;2.872
Case 7795;3;100;53.57;0.2206;2.872
Case 7796;3;100;53.55;0.2205;2.872
Case 7797;3;100;53.54;0.2204;2.872
Case 7798;3;100;53.53;0.2203;2.872
Case 7799;3;100;53.52;0.2202;2.872
Case 7800;3;100;53.51;0.2201;2.872
Case 7801;3;100;53.49;0.22;2.873
Case 7802;3;100;53.48;0.2199;2.873
Case 7803;3;100;53.47;0.2198;2.873
Case 7804;3;100;53.46;0.2197;2.873
Case 7805;3;100;53.45;0.2196;2.873
Case 7806;3;100;53.43;0.2195;2.873
Case 7807;3;100;53.42;0.2194;2.873
Case 7808;3;100;53.41;0.2193;2.873
Case 7809;3;100;53.4;0.2192;2.874
Case 7810;3;100;53.38;0.2191;2.874
Case 7811;3;100;53.37;0.219;2.874
Case 7812;3;100;53.36;0.2189;2.874
Case 7813;3;100;53.35;0.2188;2.874
Case 7814;3;100;53.34;0.2187;2.874
Case 7815;3;100;53.32;0.2186;2.874
Case 7816;3;100;53.31;0.2185;2.874
Case 7817;3;100;53.3;0.2184;2.874
Case 7818;3;100;53.29;0.2183;2.875
Case 7819;3;100;53.27;0.2182;2.875
Case 7820;3;100;53.25;0.2181;2.875
Case 7821;3;100;53.24;0.218;2.875
Case 7822;3;100;53.23;0.2179;2.875
Case 7823;3;100;53.22;0.2178;2.875
Case 7824;3;100;53.21;0.2177;2.875
Case 7825;3;100;53.19;0.2176;2.875
Case 7826;3;100;53.18;0.2175;2.876
Case 7827;3;100;53.17;0.2174;2.876
Case 7828;3;100;53.16;0.2173;2.876
Case 7829;3;100;53.15;0.2172;2.876
Case 7830;3;100;53.13;0.2171;2.876
Case 7831;3;100;53.12;0.217;2.876
Case 7832;3;100;53.11;0.2169;2.876
Case 7833;3;100;53.09;0.2168;2.876
Case 7834;3;100;53.08;0.2167;2.876
Case 7835;3;100;53.07;0.2166;2.877
Case 7836;3;100;53.06;0.2165;2.877
Case 7837;3;100;53.05;0.2164;2.877
Case 7838;3;100;53.03;0.2163;2.877
Case 7839;3;100;53.01;0.2162;2.877
Case 7840;3;100;53;0.2161;2.877
Case 7841;3;100;52.99;0.216;2.877
Case 7842;3;100;52.98;0.2159;2.877
Case 7843;3;100;52.96;0.2158;2.878
Case 7844;3;100;52.95;0.2157;2.878
Case 7845;3;100;52.94;0.2156;2.878
Case 7846;3;100;52.93;0.2155;2.878
Case 7847;3;100;52.91;0.2154;2.878
Case 7848;3;100;52.9;0.2153;2.878
Case 7849;3;100;52.89;0.2152;2.878
Case 7850;3;100;52.88;0.2151;2.878
Case 7851;3;100;52.87;0.215;2.878
Case 7852;3;100;52.85;0.2149;2.879
Case 7853;3;100;52.84;0.2148;2.879
Case 7854;3;100;52.83;0.2147;2.879
Case 7855;3;100;52.81;0.2146;2.879
Case 7856;3;100;52.8;0.2145;2.879
Case 7857;3;100;52.79;0.2144;2.879
Case 7858;3;100;52.78;0.2143;2.879
Case 7859;3;100;52.76;0.2142;2.879
Case 7860;3;100;52.74;0.2141;2.88
Case 7861;3;100;52.73;0.214;2.88
Case 7862;3;100;52.72;0.2139;2.88
Case 7863;3;100;52.71;0.2138;2.88
Case 7864;3;100;52.7;0.2137;2.88
Case 7865;3;100;52.68;0.2136;2.88
Case 7866;3;100;52.67;0.2135;2.88
Case 7867;3;100;52.66;0.2134;2.88
Case 7868;3;100;52.65;0.2133;2.88
Case 7869;3;100;52.63;0.2132;2.881
Case 7870;3;100;52.62;0.2131;2.881
Case 7871;3;100;52.61;0.213;2.881
Case 7872;3;100;52.59;0.2129;2.881
Case 7873;3;100;52.58;0.2128;2.881
Case 7874;3;100;52.57;0.2127;2.881
Case 7875;3;100;52.56;0.2126;2.881
Case 7876;3;100;52.54;0.2125;2.881
Case 7877;3;100;52.52;0.2124;2.881
Case 7878;3;100;52.51;0.2123;2.882
Case 7879;3;100;52.5;0.2122;2.882
Case 7880;3;100;52.49;0.2121;2.882
Case 7881;3;100;52.47;0.212;2.882
Case 7882;3;100;52.46;0.2119;2.882
Case 7883;3;100;52.45;0.2118;2.882
Case 7884;3;100;52.44;0.2117;2.882
Case 7885;3;100;52.42;0.2116;2.882
Case 7886;3;100;52.41;0.2115;2.883
Case 7887;3;100;52.4;0.2114;2.883
Case 7888;3;100;52.39;0.2113;2.883
Case 7889;3;100;52.37;0.2112;2.883
Case 7890;3;100;52.36;0.2111;2.883
Case 7891;3;100;52.35;0.211;2.883
Case 7892;3;100;52.33;0.2109;2.883
Case 7893;3;100;52.32;0.2108;2.883
Case 7894;3;100;52.31;0.2107;2.883
Case 7895;3;100;52.3;0.2106;2.884
Case 7896;3;100;52.28;0.2105;2.884
Case 7897;3;100;52.26;0.2104;2.884
Case 7898;3;100;52.25;0.2103;2.884
Case 7899;3;100;52.24;0.2102;2.884
Case 7900;3;100;52.23;0.2101;2.884
Case 7901;3;100;52.21;0.21;2.884
Case 7902;3;100;52.2;0.2099;2.884
Case 7903;3;100;52.19;0.2098;2.884
Case 7904;3;100;52.17;0.2097;2.885
Case 7905;3;100;52.16;0.2096;2.885
Case 7906;3;100;52.15;0.2095;2.885
Case 7907;3;100;52.13;0.2094;2.885
Case 7908;3;100;52.12;0.2093;2.885
Case 7909;3;100;52.11;0.2092;2.885
Case 7910;3;100;52.1;0.2091;2.885
Case 7911;3;100;52.08;0.209;2.885
Case 7912;3;100;52.07;0.2089;2.885
Case 7913;3;100;52.06;0.2088;2.886
Case 7914;3;100;52.05;0.2087;2.886
Case 7915;3;100;52.03;0.2086;2.886
Case 7916;3;100;52.01;0.2085;2.886
Case 7917;3;100;52;0.2084;2.886
Case 7918;3;100;51.99;0.2083;2.886
Case 7919;3;100;51.97;0.2082;2.886
Case 7920;3;100;51.96;0.2081;2.886
Case 7921;3;100;51.95;0.208;2.886
Case 7922;3;100;51.94;0.2079;2.887
Case 7923;3;100;51.92;0.2078;2.887
Case 7924;3;100;51.91;0.2077;2.887
Case 7925;3;100;51.9;0.2076;2.887
Case 7926;3;100;51.88;0.2075;2.887
Case 7927;3;100;51.87;0.2074;2.887
Case 7928;3;100;51.86;0.2073;2.887
Case 7929;3;100;51.84;0.2072;2.887
Case 7930;3;100;51.82;0.2071;2.887
Case 7931;3;100;51.81;0.207;2.888
Case 7932;3;100;51.8;0.2069;2.888
Case 7933;3;100;51.79;0.2068;2.888
Case 7934;3;100;51.77;0.2067;2.888
Case 7935;3;100;51.76;0.2066;2.888
Case 7936;3;100;51.75;0.2065;2.888
Case 7937;3;100;51.73;0.2064;2.888
Case 7938;3;100;51.72;0.2063;2.888
Case 7939;3;100;51.71;0.2062;2.889
Case 7940;3;100;51.69;0.2061;2.889
Case 7941;3;100;51.68;0.206;2.889
Case 7942;3;100;51.67;0.2059;2.889
Case 7943;3;100;51.65;0.2058;2.889
Case 7944;3;100;51.64;0.2057;2.889
Case 7945;3;100;51.63;0.2056;2.889
Case 7946;3;100;51.62;0.2055;2.889
Case 7947;3;100;51.6;0.2054;2.889
Case 7948;3;100;51.58;0.2053;2.89
Case 7949;3;100;51.57;0.2052;2.89
Case 7950;3;100;51.56;0.2051;2.89
Case 7951;3;100;51.54;0.205;2.89
Case 7952;3;100;51.53;0.2049;2.89
Case 7953;3;100;51.52;0.2048;2.89
Case 7954;3;100;51.5;0.2047;2.89
Case 7955;3;100;51.49;0.2046;2.89
Case 7956;3;100;51.48;0.2045;2.89
Case 7957;3;100;51.46;0.2044;2.89
Case 7958;3;100;51.45;0.2043;2.891
Case 7959;3;100;51.44;0.2042;2.891
Case 7960;3;100;51.42;0.2041;2.891
Case 7961;3;100;51.4;0.204;2.891
Case 7962;3;100;51.39;0.2039;2.891
Case 7963;3;100;51.38;0.2038;2.891
Case 7964;3;100;51.36;0.2037;2.891
Case 7965;3;100;51.35;0.2036;2.891
Case 7966;3;100;51.34;0.2035;2.891
Case 7967;3;100;51.33;0.2034;2.892
Case 7968;3;100;51.31;0.2033;2.892
Case 7969;3;100;51.3;0.2032;2.892
Case 7970;3;100;51.28;0.2031;2.892
Case 7971;3;100;51.27;0.203;2.892
Case 7972;3;100;51.26;0.2029;2.892
Case 7973;3;100;51.24;0.2028;2.892
Case 7974;3;100;51.23;0.2027;2.892
Case 7975;3;100;51.22;0.2026;2.892
Case 7976;3;100;51.2;0.2025;2.893
Case 7977;3;100;51.18;0.2024;2.893
Case 7978;3;100;51.17;0.2023;2.893
Case 7979;3;100;51.16;0.2022;2.893
Case 7980;3;100;51.14;0.2021;2.893
Case 7981;3;100;51.13;0.202;2.893
Case 7982;3;100;51.12;0.2019;2.893
Case 7983;3;100;51.1;0.2018;2.893
Case 7984;3;100;51.09;0.2017;2.893
Case 7985;3;100;51.08;0.2016;2.894
Case 7986;3;100;51.06;0.2015;2.894
Case 7987;3;100;51.05;0.2014;2.894
Case 7988;3;100;51.04;0.2013;2.894
Case 7989;3;100;51.02;0.2012;2.894
Case 7990;3;100;51;0.2011;2.894
Case 7991;3;100;50.99;0.201;2.894
Case 7992;3;100;50.98;0.2009;2.894
Case 7993;3;100;50.96;0.2008;2.894
Case 7994;3;100;50.95;0.2007;2.895
Case 7995;3;100;50.94;0.2006;2.895
Case 7996;3;100;50.92;0.2005;2.895
Case 7997;3;100;50.91;0.2004;2.895
Case 7998;3;100;50.89;0.2003;2.895
Case 7999;3;100;50.88;0.2002;2.895
Case 8000;3;100;50.87;0.2001;2.895
Case 8001;3;100;50.85;0.2;2.895
Case 8002;3;100;50.84;0.1999;2.895
Case 8003;3;100;50.83;0.1998;2.896
Case 8004;3;100;50.81;0.1997;2.896
Case 8005;3;100;50.79;0.1996;2.896
Case 8006;3;100;50.78;0.1995;2.896
Case 8007;3;100;50.77;0.1994;2.896
Case 8008;3;100;50.75;0.1993;2.896
Case 8009;3;100;50.74;0.1992;2.896
Case 8010;3;100;50.73;0.1991;2.896
Case 8011;3;100;50.71;0.199;2.896
Case 8012;3;100;50.7;0.1989;2.896
Case 8013;3;100;50.68;0.1988;2.897
Case 8014;3;100;50.67;0.1987;2.897
Case 8015;3;100;50.65;0.1986;2.897
Case 8016;3;100;50.63;0.1985;2.897
Case 8017;3;100;50.62;0.1984;2.897
Case 8018;3;100;50.61;0.1983;2.897
Case 8019;3;100;50.59;0.1982;2.897
Case 8020;3;100;50.58;0.1981;2.897
Case 8021;3;100;50.57;0.198;2.897
Case 8022;3;100;50.55;0.1979;2.898
Case 8023;3;100;50.54;0.1978;2.898
Case 8024;3;100;50.52;0.1977;2.898
Case 8025;3;100;50.51;0.1976;2.898
Case 8026;3;100;50.5;0.1975;2.898
Case 8027;3;100;50.48;0.1974;2.898
Case 8028;3;100;50.46;0.1973;2.898
Case 8029;3;100;50.45;0.1972;2.898
Case 8030;3;100;50.44;0.1971;2.898
Case 8031;3;100;50.42;0.197;2.898
Case 8032;3;100;50.41;0.1969;2.899
Case 8033;3;100;50.39;0.1968;2.899
Case 8034;3;100;50.38;0.1967;2.899
Case 8035;3;100;50.37;0.1966;2.899
Case 8036;3;100;50.35;0.1965;2.899
Case 8037;3;100;50.34;0.1964;2.899
Case 8038;3;100;50.32;0.1963;2.899
Case 8039;3;100;50.31;0.1962;2.899
Case 8040;3;100;50.29;0.1961;2.899
Case 8041;3;100;50.27;0.196;2.9
Case 8042;3;100;50.26;0.1959;2.9
Case 8043;3;100;50.25;0.1958;2.9
Case 8044;3;100;50.23;0.1957;2.9
Case 8045;3;100;50.22;0.1956;2.9
Case 8046;3;100;50.21;0.1955;2.9
Case 8047;3;100;50.19;0.1954;2.9
Case 8048;3;100;50.18;0.1953;2.9
Case 8049;3;100;50.16;0.1952;2.9
Case 8050;3;100;50.15;0.1951;2.9
Case 8051;3;100;50.13;0.195;2.901
Case 8052;3;100;50.11;0.1949;2.901
Case 8053;3;100;50.1;0.1948;2.901
Case 8054;3;100;50.09;0.1947;2.901
Case 8055;3;100;50.07;0.1946;2.901
Case 8056;3;100;50.06;0.1945;2.901
Case 8057;3;100;50.04;0.1944;2.901
Case 8058;3;100;50.03;0.1943;2.901
Case 8059;3;100;50.02;0.1942;2.901
Case 8060;3;100;50;0.1941;2.902
Case 8061;3;100;49.99;0.194;2.902
Case 8062;3;100;49.97;0.1939;2.902
Case 8063;3;100;49.96;0.1938;2.902
Case 8064;3;100;49.95;0.1937;2.902
Case 8065;3;100;49.93;0.1936;2.902
Case 8066;3;100;49.91;0.1935;2.902
Case 8067;3;100;49.9;0.1934;2.902
Case 8068;3;100;49.89;0.1933;2.902
Case 8069;3;100;49.88;0.1932;2.902
Case 8070;3;100;49.86;0.1931;2.903
Case 8071;3;100;49.85;0.193;2.903
Case 8072;3;100;49.84;0.1929;2.903
Case 8073;3;100;49.82;0.1928;2.903
Case 8074;3;100;49.81;0.1927;2.903
Case 8075;3;100;49.8;0.1926;2.903
Case 8076;3;100;49.78;0.1925;2.903
Case 8077;3;100;49.77;0.1924;2.903
Case 8078;3;100;49.76;0.1923;2.903
Case 8079;3;100;49.74;0.1922;2.903
Case 8080;3;100;49.72;0.1921;2.904
Case 8081;3;100;49.71;0.192;2.904
Case 8082;3;100;49.7;0.1919;2.904
Case 8083;3;100;49.68;0.1918;2.904
Case 8084;3;100;49.67;0.1917;2.904
Case 8085;3;100;49.66;0.1916;2.904
Case 8086;3;100;49.65;0.1915;2.904
Case 8087;3;100;49.63;0.1914;2.904
Case 8088;3;100;49.62;0.1913;2.904
Case 8089;3;100;49.61;0.1912;2.905
Case 8090;3;100;49.59;0.1911;2.905
Case 8091;3;100;49.58;0.191;2.905
Case 8092;3;100;49.57;0.1909;2.905
Case 8093;3;100;49.55;0.1908;2.905
Case 8094;3;100;49.54;0.1907;2.905
Case 8095;3;100;49.53;0.1906;2.905
Case 8096;3;100;49.51;0.1905;2.905
Case 8097;3;100;49.49;0.1904;2.905
Case 8098;3;100;49.48;0.1903;2.905
Case 8099;3;100;49.47;0.1902;2.906
Case 8100;3;100;49.45;0.1901;2.906
Case 8101;3;100;49.44;0.19;2.906
Case 8102;3;100;49.43;0.1899;2.906
Case 8103;3;100;49.41;0.1898;2.906
Case 8104;3;100;49.4;0.1897;2.906
Case 8105;3;100;49.39;0.1896;2.906
Case 8106;3;100;49.37;0.1895;2.906
Case 8107;3;100;49.36;0.1894;2.906
Case 8108;3;100;49.35;0.1893;2.906
Case 8109;3;100;49.33;0.1892;2.907
Case 8110;3;100;49.31;0.1891;2.907
Case 8111;3;100;49.3;0.189;2.907
Case 8112;3;100;49.29;0.1889;2.907
Case 8113;3;100;49.27;0.1888;2.907
Case 8114;3;100;49.26;0.1887;2.907
Case 8115;3;100;49.25;0.1886;2.907
Case 8116;3;100;49.23;0.1885;2.907
Case 8117;3;100;49.22;0.1884;2.907
Case 8118;3;100;49.21;0.1883;2.907
Case 8119;3;100;49.2;0.1882;2.908
Case 8120;3;100;49.18;0.1881;2.908
Case 8121;3;100;49.17;0.188;2.908
Case 8122;3;100;49.15;0.1879;2.908
Case 8123;3;100;49.14;0.1878;2.908
Case 8124;3;100;49.13;0.1877;2.908
Case 8125;3;100;49.11;0.1876;2.908
Case 8126;3;100;49.09;0.1875;2.908
Case 8127;3;100;49.08;0.1874;2.908
Case 8128;3;100;49.07;0.1873;2.908
Case 8129;3;100;49.05;0.1872;2.909
Case 8130;3;100;49.04;0.1871;2.909
Case 8131;3;100;49.03;0.187;2.909
Case 8132;3;100;49.01;0.1869;2.909
Case 8133;3;100;49;0.1868;2.909
Case 8134;3;100;48.98;0.1867;2.909
Case 8135;3;100;48.97;0.1866;2.909
Case 8136;3;100;48.96;0.1865;2.909
Case 8137;3;100;48.94;0.1864;2.909
Case 8138;3;100;48.92;0.1863;2.909
Case 8139;3;100;48.91;0.1862;2.91
Case 8140;3;100;48.9;0.1861;2.91
Case 8141;3;100;48.88;0.186;2.91
Case 8142;3;100;48.87;0.1859;2.91
Case 8143;3;100;48.86;0.1858;2.91
Case 8144;3;100;48.85;0.1857;2.91
Case 8145;3;100;48.83;0.1856;2.91
Case 8146;3;100;48.82;0.1855;2.91
Case 8147;3;100;48.81;0.1854;2.91
Case 8148;3;100;48.79;0.1853;2.91
Case 8149;3;100;48.78;0.1852;2.911
Case 8150;3;100;48.76;0.1851;2.911
Case 8151;3;100;48.75;0.185;2.911
Case 8152;3;100;48.74;0.1849;2.911
Case 8153;3;100;48.72;0.1848;2.911
Case 8154;3;100;48.7;0.1847;2.911
Case 8155;3;100;48.69;0.1846;2.911
Case 8156;3;100;48.68;0.1845;2.911
Case 8157;3;100;48.66;0.1844;2.911
Case 8158;3;100;48.65;0.1843;2.911
Case 8159;3;100;48.64;0.1842;2.912
Case 8160;3;100;48.62;0.1841;2.912
Case 8161;3;100;48.61;0.184;2.912
Case 8162;3;100;48.59;0.1839;2.912
Case 8163;3;100;48.58;0.1838;2.912
Case 8164;3;100;48.57;0.1837;2.912
Case 8165;3;100;48.55;0.1836;2.912
Case 8166;3;100;48.53;0.1835;2.912
Case 8167;3;100;48.53;0.1834;2.912
Case 8168;3;100;48.51;0.1833;2.912
Case 8169;3;100;48.49;0.1832;2.913
Case 8170;3;100;48.48;0.1831;2.913
Case 8171;3;100;48.46;0.183;2.913
Case 8172;3;100;48.45;0.1829;2.913
Case 8173;3;100;48.44;0.1828;2.913
Case 8174;3;100;48.42;0.1827;2.913
Case 8175;3;100;48.41;0.1826;2.913
Case 8176;3;100;48.39;0.1825;2.913
Case 8177;3;100;48.38;0.1824;2.913
Case 8178;3;100;48.37;0.1823;2.913
Case 8179;3;100;48.35;0.1822;2.913
Case 8180;3;100;48.33;0.1821;2.914
Case 8181;3;100;48.32;0.182;2.914
Case 8182;3;100;48.31;0.1819;2.914
Case 8183;3;100;48.29;0.1818;2.914
Case 8184;3;100;48.28;0.1817;2.914
Case 8185;3;100;48.27;0.1816;2.914
Case 8186;3;100;48.25;0.1815;2.914
Case 8187;3;100;48.24;0.1814;2.914
Case 8188;3;100;48.22;0.1813;2.914
Case 8189;3;100;48.21;0.1812;2.914
Case 8190;3;100;48.2;0.1811;2.915
Case 8191;3;100;48.18;0.181;2.915
Case 8192;3;100;48.17;0.1809;2.915
Case 8193;3;100;48.15;0.1808;2.915
Case 8194;3;100;48.13;0.1807;2.915
Case 8195;3;100;48.12;0.1806;2.915
Case 8196;3;100;48.11;0.1805;2.915
Case 8197;3;100;48.09;0.1804;2.915
Case 8198;3;100;48.08;0.1803;2.915
Case 8199;3;100;48.07;0.1802;2.915
Case 8200;3;100;48.05;0.1801;2.916
Case 8201;3;100;48.04;0.18;2.916
Case 8202;3;100;48.02;0.1799;2.916
Case 8203;3;100;48.01;0.1798;2.916
Case 8204;3;100;48;0.1797;2.916
Case 8205;3;100;47.98;0.1796;2.916
Case 8206;3;100;47.96;0.1795;2.916
Case 8207;3;100;47.95;0.1794;2.916
Case 8208;3;100;47.93;0.1793;2.916
Case 8209;3;100;47.92;0.1792;2.916
Case 8210;3;100;47.91;0.1791;2.916
Case 8211;3;100;47.89;0.179;2.917
Case 8212;3;100;47.88;0.1789;2.917
Case 8213;3;100;47.86;0.1788;2.917
Case 8214;3;100;47.85;0.1787;2.917
Case 8215;3;100;47.83;0.1786;2.917
Case 8216;3;100;47.81;0.1785;2.917
Case 8217;3;100;47.81;0.1784;2.917
Case 8218;3;100;47.79;0.1783;2.917
Case 8219;3;100;47.77;0.1782;2.917
Case 8220;3;100;47.76;0.1781;2.917
Case 8221;3;100;47.75;0.178;2.918
Case 8222;3;100;47.73;0.1779;2.918
Case 8223;3;100;47.72;0.1778;2.918
Case 8224;3;100;47.71;0.1777;2.918
Case 8225;3;100;47.69;0.1776;2.918
Case 8226;3;100;47.67;0.1775;2.918
Case 8227;3;100;47.66;0.1774;2.918
Case 8228;3;100;47.65;0.1773;2.918
Case 8229;3;100;47.63;0.1772;2.918
Case 8230;3;100;47.61;0.1771;2.918
Case 8231;3;100;47.6;0.177;2.918
Case 8232;3;100;47.59;0.1769;2.919
Case 8233;3;100;47.57;0.1768;2.919
Case 8234;3;100;47.56;0.1767;2.919
Case 8235;3;100;47.54;0.1766;2.919
Case 8236;3;100;47.53;0.1765;2.919
Case 8237;3;100;47.51;0.1764;2.919
Case 8238;3;100;47.5;0.1763;2.919
Case 8239;3;100;47.48;0.1762;2.919
Case 8240;3;100;47.46;0.1761;2.919
Case 8241;3;100;47.45;0.176;2.919
Case 8242;3;100;47.44;0.1759;2.92
Case 8243;3;100;47.42;0.1758;2.92
Case 8244;3;100;47.41;0.1757;2.92
Case 8245;3;100;47.4;0.1756;2.92
Case 8246;3;100;47.38;0.1755;2.92
Case 8247;3;100;47.37;0.1754;2.92
Case 8248;3;100;47.35;0.1753;2.92
Case 8249;3;100;47.34;0.1752;2.92
Case 8250;3;100;47.32;0.1751;2.92
Case 8251;3;100;47.31;0.175;2.92
Case 8252;3;100;47.29;0.1749;2.92
Case 8253;3;100;47.27;0.1748;2.921
Case 8254;3;100;47.26;0.1747;2.921
Case 8255;3;100;47.25;0.1746;2.921
Case 8256;3;100;47.23;0.1745;2.921
Case 8257;3;100;47.22;0.1744;2.921
Case 8258;3;100;47.2;0.1743;2.921
Case 8259;3;100;47.19;0.1742;2.921
Case 8260;3;100;47.17;0.1741;2.921
Case 8261;3;100;47.16;0.174;2.921
Case 8262;3;100;47.14;0.1739;2.921
Case 8263;3;100;47.12;0.1738;2.921
Case 8264;3;100;47.11;0.1737;2.922
Case 8265;3;100;47.1;0.1736;2.922
Case 8266;3;100;47.08;0.1735;2.922
Case 8267;3;100;47.07;0.1734;2.922
Case 8268;3;100;47.05;0.1733;2.922
Case 8269;3;100;47.04;0.1732;2.922
Case 8270;3;100;47.03;0.1731;2.922
Case 8271;3;100;47.01;0.173;2.922
Case 8272;3;100;46.99;0.1729;2.922
Case 8273;3;100;46.98;0.1728;2.922
Case 8274;3;100;46.97;0.1727;2.922
Case 8275;3;100;46.95;0.1726;2.923
Case 8276;3;100;46.93;0.1725;2.923
Case 8277;3;100;46.92;0.1724;2.923
Case 8278;3;100;46.9;0.1723;2.923
Case 8279;3;100;46.89;0.1722;2.923
Case 8280;3;100;46.88;0.1721;2.923
Case 8281;3;100;46.86;0.172;2.923
Case 8282;3;100;46.84;0.1719;2.923
Case 8283;3;100;46.83;0.1718;2.923
Case 8284;3;100;46.81;0.1717;2.923
Case 8285;3;100;46.79;0.1716;2.923
Case 8286;3;100;46.78;0.1715;2.924
Case 8287;3;100;46.77;0.1714;2.924
Case 8288;3;100;46.75;0.1713;2.924
Case 8289;3;100;46.74;0.1712;2.924
Case 8290;3;100;46.72;0.1711;2.924
Case 8291;3;100;46.71;0.171;2.924
Case 8292;3;100;46.7;0.1709;2.924
Case 8293;3;100;46.68;0.1708;2.924
Case 8294;3;100;46.66;0.1707;2.924
Case 8295;3;100;46.65;0.1706;2.924
Case 8296;3;100;46.63;0.1705;2.924
Case 8297;3;100;46.61;0.1704;2.925
Case 8298;3;100;46.6;0.1703;2.925
Case 8299;3;100;46.59;0.1702;2.925
Case 8300;3;100;46.57;0.1701;2.925
Case 8301;3;100;46.56;0.17;2.925
Case 8302;3;100;46.54;0.1699;2.925
Case 8303;3;100;46.52;0.1698;2.925
Case 8304;3;100;46.51;0.1697;2.925
Case 8305;3;100;46.5;0.1696;2.925
Case 8306;3;100;46.48;0.1695;2.925
Case 8307;3;100;46.46;0.1694;2.925
Case 8308;3;100;46.45;0.1693;2.926
Case 8309;3;100;46.43;0.1692;2.926
Case 8310;3;100;46.42;0.1691;2.926
Case 8311;3;100;46.4;0.169;2.926
Case 8312;3;100;46.39;0.1689;2.926
Case 8313;3;100;46.38;0.1688;2.926
Case 8314;3;100;46.36;0.1687;2.926
Case 8315;3;100;46.34;0.1686;2.926
Case 8316;3;100;46.33;0.1685;2.926
Case 8317;3;100;46.31;0.1684;2.926
Case 8318;3;100;46.29;0.1683;2.926
Case 8319;3;100;46.28;0.1682;2.927
Case 8320;3;100;46.26;0.1681;2.927
Case 8321;3;100;46.25;0.168;2.927
Case 8322;3;100;46.23;0.1679;2.927
Case 8323;3;100;46.22;0.1678;2.927
Case 8324;3;100;46.2;0.1677;2.927
Case 8325;3;100;46.18;0.1676;2.927
Case 8326;3;100;46.17;0.1675;2.927
Case 8327;3;100;46.16;0.1674;2.927
Case 8328;3;100;46.14;0.1673;2.927
Case 8329;3;100;46.13;0.1672;2.927
Case 8330;3;100;46.11;0.1671;2.928
Case 8331;3;100;46.09;0.167;2.928
Case 8332;3;100;46.08;0.1669;2.928
Case 8333;3;100;46.06;0.1668;2.928
Case 8334;3;100;46.05;0.1667;2.928
Case 8335;3;100;46.04;0.1666;2.928
Case 8336;3;100;46.01;0.1665;2.928
Case 8337;3;100;46;0.1664;2.928
Case 8338;3;100;45.99;0.1663;2.928
Case 8339;3;100;45.97;0.1662;2.928
Case 8340;3;100;45.95;0.1661;2.928
Case 8341;3;100;45.94;0.166;2.928
Case 8342;3;100;45.93;0.1659;2.929
Case 8343;3;100;45.9;0.1658;2.929
Case 8344;3;100;45.89;0.1657;2.929
Case 8345;3;100;45.88;0.1656;2.929
Case 8346;3;100;45.86;0.1655;2.929
Case 8347;3;100;45.84;0.1654;2.929
Case 8348;3;100;45.83;0.1653;2.929
Case 8349;3;100;45.81;0.1652;2.929
Case 8350;3;100;45.79;0.1651;2.929
Case 8351;3;100;45.78;0.165;2.929
Case 8352;3;100;45.76;0.1649;2.929
Case 8353;3;100;45.75;0.1648;2.93
Case 8354;3;100;45.74;0.1647;2.93
Case 8355;3;100;45.72;0.1646;2.93
Case 8356;3;100;45.7;0.1645;2.93
Case 8357;3;100;45.69;0.1644;2.93
Case 8358;3;100;45.67;0.1643;2.93
Case 8359;3;100;45.65;0.1642;2.93
Case 8360;3;100;45.64;0.1641;2.93
Case 8361;3;100;45.62;0.164;2.93
Case 8362;3;100;45.61;0.1639;2.93
Case 8363;3;100;45.59;0.1638;2.93
Case 8364;3;100;45.58;0.1637;2.93
Case 8365;3;100;45.56;0.1636;2.931
Case 8366;3;100;45.54;0.1635;2.931
Case 8367;3;100;45.53;0.1634;2.931
Case 8368;3;100;45.51;0.1633;2.931
Case 8369;3;100;45.5;0.1632;2.931
Case 8370;3;100;45.48;0.1631;2.931
Case 8371;3;100;45.47;0.163;2.931
Case 8372;3;100;45.45;0.1629;2.931
Case 8373;3;100;45.43;0.1628;2.931
Case 8374;3;100;45.42;0.1627;2.931
Case 8375;3;100;45.4;0.1626;2.931
Case 8376;3;100;45.38;0.1625;2.932
Case 8377;3;100;45.37;0.1624;2.932
Case 8378;3;100;45.35;0.1623;2.932
Case 8379;3;100;45.34;0.1622;2.932
Case 8380;3;100;45.32;0.1621;2.932
Case 8381;3;100;45.31;0.162;2.932
Case 8382;3;100;45.29;0.1619;2.932
Case 8383;3;100;45.27;0.1618;2.932
Case 8384;3;100;45.26;0.1617;2.932
Case 8385;3;100;45.24;0.1616;2.932
Case 8386;3;100;45.23;0.1615;2.932
Case 8387;3;100;45.21;0.1614;2.932
Case 8388;3;100;45.19;0.1613;2.933
Case 8389;3;100;45.18;0.1612;2.933
Case 8390;3;100;45.16;0.1611;2.933
Case 8391;3;100;45.15;0.161;2.933
Case 8392;3;100;45.13;0.1609;2.933
Case 8393;3;100;45.11;0.1608;2.933
Case 8394;3;100;45.1;0.1607;2.933
Case 8395;3;100;45.08;0.1606;2.933
Case 8396;3;100;45.07;0.1605;2.933
Case 8397;3;100;45.05;0.1604;2.933
Case 8398;3;100;45.03;0.1603;2.933
Case 8399;3;100;45.02;0.1602;2.933
Case 8400;3;100;45;0.1601;2.934
Case 8401;3;100;44.98;0.16;2.934
Case 8402;3;100;44.97;0.1599;2.934
Case 8403;3;100;44.95;0.1598;2.934
Case 8404;3;100;44.94;0.1597;2.934
Case 8405;3;100;44.92;0.1596;2.934
Case 8406;3;100;44.9;0.1595;2.934
Case 8407;3;100;44.89;0.1594;2.934
Case 8408;3;100;44.87;0.1593;2.934
Case 8409;3;100;44.85;0.1592;2.934
Case 8410;3;100;44.84;0.1591;2.934
Case 8411;3;100;44.82;0.159;2.934
Case 8412;3;100;44.8;0.1589;2.935
Case 8413;3;100;44.79;0.1588;2.935
Case 8414;3;100;44.77;0.1587;2.935
Case 8415;3;100;44.76;0.1586;2.935
Case 8416;3;100;44.74;0.1585;2.935
Case 8417;3;100;44.72;0.1584;2.935
Case 8418;3;100;44.71;0.1583;2.935
Case 8419;3;100;44.69;0.1582;2.935
Case 8420;3;100;44.67;0.1581;2.935
Case 8421;3;100;44.66;0.158;2.935
Case 8422;3;100;44.64;0.1579;2.935
Case 8423;3;100;44.62;0.1578;2.935
Case 8424;3;100;44.61;0.1577;2.936
Case 8425;3;100;44.59;0.1576;2.936
Case 8426;3;100;44.57;0.1575;2.936
Case 8427;3;100;44.56;0.1574;2.936
Case 8428;3;100;44.54;0.1573;2.936
Case 8429;3;100;44.53;0.1572;2.936
Case 8430;3;100;44.5;0.1571;2.936
Case 8431;3;100;44.49;0.157;2.936
Case 8432;3;100;44.48;0.1569;2.936
Case 8433;3;100;44.46;0.1568;2.936
Case 8434;3;100;44.44;0.1567;2.936
Case 8435;3;100;44.43;0.1566;2.936
Case 8436;3;100;44.4;0.1565;2.937
Case 8437;3;100;44.39;0.1564;2.937
Case 8438;3;100;44.38;0.1563;2.937
Case 8439;3;100;44.36;0.1562;2.937
Case 8440;3;100;44.33;0.1561;2.937
Case 8441;3;100;44.32;0.156;2.937
Case 8442;3;100;44.31;0.1559;2.937
Case 8443;3;100;44.29;0.1558;2.937
Case 8444;3;100;44.27;0.1557;2.937
Case 8445;3;100;44.26;0.1556;2.937
Case 8446;3;100;44.24;0.1555;2.937
Case 8447;3;100;44.23;0.1554;2.937
Case 8448;3;100;44.2;0.1553;2.938
Case 8449;3;100;44.19;0.1552;2.938
Case 8450;3;100;44.17;0.1551;2.938
Case 8451;3;100;44.16;0.155;2.938
Case 8452;3;100;44.14;0.1549;2.938
Case 8453;3;100;44.12;0.1548;2.938
Case 8454;3;100;44.1;0.1547;2.938
Case 8455;3;100;44.09;0.1546;2.938
Case 8456;3;100;44.07;0.1545;2.938
Case 8457;3;100;44.06;0.1544;2.938
Case 8458;3;100;44.04;0.1543;2.938
Case 8459;3;100;44.02;0.1542;2.938
Case 8460;3;100;44;0.1541;2.939
Case 8461;3;100;43.99;0.154;2.939
Case 8462;3;100;43.96;0.1539;2.939
Case 8463;3;100;43.95;0.1538;2.939
Case 8464;3;100;43.93;0.1537;2.939
Case 8465;3;100;43.92;0.1536;2.939
Case 8466;3;100;43.9;0.1535;2.939
Case 8467;3;100;43.89;0.1534;2.939
Case 8468;3;100;43.86;0.1533;2.939
Case 8469;3;100;43.85;0.1532;2.939
Case 8470;3;100;43.83;0.1531;2.939
Case 8471;3;100;43.82;0.153;2.939
Case 8472;3;100;43.79;0.1529;2.939
Case 8473;3;100;43.78;0.1528;2.94
Case 8474;3;100;43.76;0.1527;2.94
Case 8475;3;100;43.75;0.1526;2.94
Case 8476;3;100;43.72;0.1525;2.94
Case 8477;3;100;43.71;0.1524;2.94
Case 8478;3;100;43.69;0.1523;2.94
Case 8479;3;100;43.68;0.1522;2.94
Case 8480;3;100;43.65;0.1521;2.94
Case 8481;3;100;43.64;0.152;2.94
Case 8482;3;100;43.62;0.1519;2.94
Case 8483;3;100;43.61;0.1518;2.94
Case 8484;3;100;43.59;0.1517;2.94
Case 8485;3;100;43.58;0.1516;2.941
Case 8486;3;100;43.55;0.1515;2.941
Case 8487;3;100;43.54;0.1514;2.941
Case 8488;3;100;43.52;0.1513;2.941
Case 8489;3;100;43.51;0.1512;2.941
Case 8490;3;100;43.48;0.1511;2.941
Case 8491;3;100;43.47;0.151;2.941
Case 8492;3;100;43.45;0.1509;2.941
Case 8493;3;100;43.44;0.1508;2.941
Case 8494;3;100;43.41;0.1507;2.941
Case 8495;3;100;43.4;0.1506;2.941
Case 8496;3;100;43.38;0.1505;2.941
Case 8497;3;100;43.37;0.1504;2.941
Case 8498;3;100;43.34;0.1503;2.942
Case 8499;3;100;43.33;0.1502;2.942
Case 8500;3;100;43.31;0.1501;2.942
Case 8501;3;100;43.29;0.15;2.942
Case 8502;3;100;43.28;0.1499;2.942
Case 8503;3;100;43.26;0.1498;2.942
Case 8504;3;100;43.24;0.1497;2.942
Case 8505;3;100;43.22;0.1496;2.942
Case 8506;3;100;43.21;0.1495;2.942
Case 8507;3;100;43.19;0.1494;2.942
Case 8508;3;100;43.18;0.1493;2.942
Case 8509;3;100;43.15;0.1492;2.942
Case 8510;3;100;43.14;0.1491;2.942
Case 8511;3;100;43.12;0.149;2.943
Case 8512;3;100;43.1;0.1489;2.943
Case 8513;3;100;43.09;0.1488;2.943
Case 8514;3;100;43.06;0.1487;2.943
Case 8515;3;100;43.05;0.1486;2.943
Case 8516;3;100;43.03;0.1485;2.943
Case 8517;3;100;43.01;0.1484;2.943
Case 8518;3;100;42.99;0.1483;2.943
Case 8519;3;100;42.98;0.1482;2.943
Case 8520;3;100;42.96;0.1481;2.943
Case 8521;3;100;42.94;0.148;2.943
Case 8522;3;100;42.92;0.1479;2.943
Case 8523;3;100;42.91;0.1478;2.944
Case 8524;3;100;42.89;0.1477;2.944
Case 8525;3;100;42.86;0.1476;2.944
Case 8526;3;100;42.85;0.1475;2.944
Case 8527;3;100;42.83;0.1474;2.944
Case 8528;3;100;42.82;0.1473;2.944
Case 8529;3;100;42.79;0.1472;2.944
Case 8530;3;100;42.78;0.1471;2.944
Case 8531;3;100;42.76;0.147;2.944
Case 8532;3;100;42.75;0.1469;2.944
Case 8533;3;100;42.72;0.1468;2.944
Case 8534;3;100;42.71;0.1467;2.944
Case 8535;3;100;42.69;0.1466;2.944
Case 8536;3;100;42.67;0.1465;2.945
Case 8537;3;100;42.65;0.1464;2.945
Case 8538;3;100;42.64;0.1463;2.945
Case 8539;3;100;42.61;0.1462;2.945
Case 8540;3;100;42.6;0.1461;2.945
Case 8541;3;100;42.58;0.146;2.945
Case 8542;3;100;42.56;0.1459;2.945
Case 8543;3;100;42.54;0.1458;2.945
Case 8544;3;100;42.53;0.1457;2.945
Case 8545;3;100;42.5;0.1456;2.945
Case 8546;3;100;42.49;0.1455;2.945
Case 8547;3;100;42.47;0.1454;2.945
Case 8548;3;100;42.45;0.1453;2.945
Case 8549;3;100;42.43;0.1452;2.946
Case 8550;3;100;42.41;0.1451;2.946
Case 8551;3;100;42.4;0.145;2.946
Case 8552;3;100;42.38;0.1449;2.946
Case 8553;3;100;42.36;0.1448;2.946
Case 8554;3;100;42.34;0.1447;2.946
Case 8555;3;100;42.32;0.1446;2.946
Case 8556;3;100;42.31;0.1445;2.946
Case 8557;3;100;42.28;0.1444;2.946
Case 8558;3;100;42.27;0.1443;2.946
Case 8559;3;100;42.25;0.1442;2.946
Case 8560;3;100;42.23;0.1441;2.946
Case 8561;3;100;42.21;0.144;2.946
Case 8562;3;100;42.19;0.1439;2.946
Case 8563;3;100;42.17;0.1438;2.947
Case 8564;3;100;42.16;0.1437;2.947
Case 8565;3;100;42.14;0.1436;2.947
Case 8566;3;100;42.12;0.1435;2.947
Case 8567;3;100;42.1;0.1434;2.947
Case 8568;3;100;42.08;0.1433;2.947
Case 8569;3;100;42.06;0.1432;2.947
Case 8570;3;100;42.05;0.1431;2.947
Case 8571;3;100;42.02;0.143;2.947
Case 8572;3;100;42.01;0.1429;2.947
Case 8573;3;100;41.99;0.1428;2.947
Case 8574;3;100;41.96;0.1427;2.947
Case 8575;3;100;41.95;0.1426;2.947
Case 8576;3;100;41.93;0.1425;2.948
Case 8577;3;100;41.92;0.1424;2.948
Case 8578;3;100;41.9;0.1423;2.948
Case 8579;3;100;41.87;0.1422;2.948
Case 8580;3;100;41.86;0.1421;2.948
Case 8581;3;100;41.84;0.142;2.948
Case 8582;3;100;41.82;0.1419;2.948
Case 8583;3;100;41.8;0.1418;2.948
Case 8584;3;100;41.78;0.1417;2.948
Case 8585;3;100;41.76;0.1416;2.948
Case 8586;3;100;41.74;0.1415;2.948
Case 8587;3;100;41.73;0.1414;2.948
Case 8588;3;100;41.7;0.1413;2.948
Case 8589;3;100;41.69;0.1412;2.949
Case 8590;3;100;41.67;0.1411;2.949
Case 8591;3;100;41.65;0.141;2.949
Case 8592;3;100;41.63;0.1409;2.949
Case 8593;3;100;41.61;0.1408;2.949
Case 8594;3;100;41.59;0.1407;2.949
Case 8595;3;100;41.57;0.1406;2.949
Case 8596;3;100;41.56;0.1405;2.949
Case 8597;3;100;41.53;0.1404;2.949
Case 8598;3;100;41.52;0.1403;2.949
Case 8599;3;100;41.49;0.1402;2.949
Case 8600;3;100;41.48;0.1401;2.949
Case 8601;3;100;41.45;0.14;2.949
Case 8602;3;100;41.44;0.1399;2.949
Case 8603;3;100;41.41;0.1398;2.95
Case 8604;3;100;41.4;0.1397;2.95
Case 8605;3;100;41.38;0.1396;2.95
Case 8606;3;100;41.36;0.1395;2.95
Case 8607;3;100;41.34;0.1394;2.95
Case 8608;3;100;41.32;0.1393;2.95
Case 8609;3;100;41.3;0.1392;2.95
Case 8610;3;100;41.28;0.1391;2.95
Case 8611;3;100;41.26;0.139;2.95
Case 8612;3;100;41.24;0.1389;2.95
Case 8613;3;100;41.22;0.1388;2.95
Case 8614;3;100;41.2;0.1387;2.95
Case 8615;3;100;41.19;0.1386;2.95
Case 8616;3;100;41.17;0.1385;2.95
Case 8617;3;100;41.14;0.1384;2.951
Case 8618;3;100;41.13;0.1383;2.951
Case 8619;3;100;41.1;0.1382;2.951
Case 8620;3;100;41.09;0.1381;2.951
Case 8621;3;100;41.07;0.138;2.951
Case 8622;3;100;41.04;0.1379;2.951
Case 8623;3;100;41.03;0.1378;2.951
Case 8624;3;100;41;0.1377;2.951
Case 8625;3;100;40.99;0.1376;2.951
Case 8626;3;100;40.97;0.1375;2.951
Case 8627;3;100;40.94;0.1374;2.951
Case 8628;3;100;40.93;0.1373;2.951
Case 8629;3;100;40.9;0.1372;2.951
Case 8630;3;100;40.89;0.1371;2.951
Case 8631;3;100;40.87;0.137;2.952
Case 8632;3;100;40.85;0.1369;2.952
Case 8633;3;100;40.83;0.1368;2.952
Case 8634;3;100;40.8;0.1367;2.952
Case 8635;3;100;40.79;0.1366;2.952
Case 8636;3;100;40.77;0.1365;2.952
Case 8637;3;100;40.75;0.1364;2.952
Case 8638;3;100;40.73;0.1363;2.952
Case 8639;3;100;40.7;0.1362;2.952
Case 8640;3;100;40.69;0.1361;2.952
Case 8641;3;100;40.66;0.136;2.952
Case 8642;3;100;40.65;0.1359;2.952
Case 8643;3;100;40.63;0.1358;2.952
Case 8644;3;100;40.61;0.1357;2.952
Case 8645;3;100;40.59;0.1356;2.953
Case 8646;3;100;40.56;0.1355;2.953
Case 8647;3;100;40.55;0.1354;2.953
Case 8648;3;100;40.52;0.1353;2.953
Case 8649;3;100;40.51;0.1352;2.953
Case 8650;3;100;40.49;0.1351;2.953
Case 8651;3;100;40.46;0.135;2.953
Case 8652;3;100;40.44;0.1349;2.953
Case 8653;3;100;40.42;0.1348;2.953
Case 8654;3;100;40.4;0.1347;2.953
Case 8655;3;100;40.38;0.1346;2.953
Case 8656;3;100;40.37;0.1345;2.953
Case 8657;3;100;40.34;0.1344;2.953
Case 8658;3;100;40.32;0.1343;2.953
Case 8659;3;100;40.3;0.1342;2.954
Case 8660;3;100;40.28;0.1341;2.954
Case 8661;3;100;40.26;0.134;2.954
Case 8662;3;100;40.23;0.1339;2.954
Case 8663;3;100;40.22;0.1338;2.954
Case 8664;3;100;40.19;0.1337;2.954
Case 8665;3;100;40.18;0.1336;2.954
Case 8666;3;100;40.16;0.1335;2.954
Case 8667;3;100;40.14;0.1334;2.954
Case 8668;3;100;40.11;0.1333;2.954
Case 8669;3;100;40.1;0.1332;2.954
Case 8670;3;100;40.07;0.1331;2.954
Case 8671;3;100;40.05;0.133;2.954
Case 8672;3;100;40.03;0.1329;2.954
Case 8673;3;100;40.01;0.1328;2.955
Case 8674;3;100;39.98;0.1327;2.955
Case 8675;3;100;39.97;0.1326;2.955
Case 8676;3;100;39.95;0.1325;2.955
Case 8677;3;100;39.93;0.1324;2.955
Case 8678;3;100;39.91;0.1323;2.955
Case 8679;3;100;39.9;0.1322;2.955
Case 8680;3;100;39.87;0.1321;2.955
Case 8681;3;100;39.86;0.132;2.955
Case 8682;3;100;39.83;0.1319;2.955
Case 8683;3;100;39.82;0.1318;2.955
Case 8684;3;100;39.8;0.1317;2.955
Case 8685;3;100;39.77;0.1316;2.955
Case 8686;3;100;39.76;0.1315;2.955
Case 8687;3;100;39.74;0.1314;2.955
Case 8688;3;100;39.72;0.1313;2.956
Case 8689;3;100;39.7;0.1312;2.956
Case 8690;3;100;39.67;0.1311;2.956
Case 8691;3;100;39.66;0.131;2.956
Case 8692;3;100;39.64;0.1309;2.956
Case 8693;3;100;39.62;0.1308;2.956
Case 8694;3;100;39.6;0.1307;2.956
Case 8695;3;100;39.58;0.1306;2.956
Case 8696;3;100;39.56;0.1305;2.956
Case 8697;3;100;39.54;0.1304;2.956
Case 8698;3;100;39.52;0.1303;2.956
Case 8699;3;100;39.5;0.1302;2.956
Case 8700;3;100;39.49;0.1301;2.956
Case 8701;3;100;39.46;0.13;2.956
Case 8702;3;100;39.45;0.1299;2.957
Case 8703;3;100;39.42;0.1298;2.957
Case 8704;3;100;39.4;0.1297;2.957
Case 8705;3;100;39.39;0.1296;2.957
Case 8706;3;100;39.36;0.1295;2.957
Case 8707;3;100;39.35;0.1294;2.957
Case 8708;3;100;39.32;0.1293;2.957
Case 8709;3;100;39.31;0.1292;2.957
Case 8710;3;100;39.29;0.1291;2.957
Case 8711;3;100;39.26;0.129;2.957
Case 8712;3;100;39.24;0.1289;2.957
Case 8713;3;100;39.22;0.1288;2.957
Case 8714;3;100;39.21;0.1287;2.957
Case 8715;3;100;39.18;0.1286;2.957
Case 8716;3;100;39.17;0.1285;2.957
Case 8717;3;100;39.14;0.1284;2.958
Case 8718;3;100;39.12;0.1283;2.958
Case 8719;3;100;39.11;0.1282;2.958
Case 8720;3;100;39.08;0.1281;2.958
Case 8721;3;100;39.07;0.128;2.958
Case 8722;3;100;39.04;0.1279;2.958
Case 8723;3;100;39.03;0.1278;2.958
Case 8724;3;100;39;0.1277;2.958
Case 8725;3;100;38.98;0.1276;2.958
Case 8726;3;100;38.97;0.1275;2.958
Case 8727;3;100;38.94;0.1274;2.958
Case 8728;3;100;38.93;0.1273;2.958
Case 8729;3;100;38.9;0.1272;2.958
Case 8730;3;100;38.88;0.1271;2.958
Case 8731;3;100;38.86;0.127;2.958
Case 8732;3;100;38.84;0.1269;2.959
Case 8733;3;100;38.83;0.1268;2.959
Case 8734;3;100;38.8;0.1267;2.959
Case 8735;3;100;38.79;0.1266;2.959
Case 8736;3;100;38.76;0.1265;2.959
Case 8737;3;100;38.74;0.1264;2.959
Case 8738;3;100;38.72;0.1263;2.959
Case 8739;3;100;38.7;0.1262;2.959
Case 8740;3;100;38.68;0.1261;2.959
Case 8741;3;100;38.66;0.126;2.959
Case 8742;3;100;38.63;0.1259;2.959
Case 8743;3;100;38.62;0.1258;2.959
Case 8744;3;100;38.6;0.1257;2.959
Case 8745;3;100;38.58;0.1256;2.959
Case 8746;3;100;38.55;0.1255;2.959
Case 8747;3;100;38.54;0.1254;2.96
Case 8748;3;100;38.51;0.1253;2.96
Case 8749;3;100;38.5;0.1252;2.96
Case 8750;3;100;38.48;0.1251;2.96
Case 8751;3;100;38.45;0.125;2.96
Case 8752;3;100;38.43;0.1249;2.96
Case 8753;3;100;38.41;0.1248;2.96
Case 8754;3;100;38.4;0.1247;2.96
Case 8755;3;100;38.37;0.1246;2.96
Case 8756;3;100;38.35;0.1245;2.96
Case 8757;3;100;38.33;0.1244;2.96
Case 8758;3;100;38.31;0.1243;2.96
Case 8759;3;100;38.29;0.1242;2.96
Case 8760;3;100;38.26;0.1241;2.96
Case 8761;3;100;38.25;0.124;2.96
Case 8762;3;100;38.23;0.1239;2.96
Case 8763;3;100;38.21;0.1238;2.961
Case 8764;3;100;38.18;0.1237;2.961
Case 8765;3;100;38.17;0.1236;2.961
Case 8766;3;100;38.14;0.1235;2.961
Case 8767;3;100;38.13;0.1234;2.961
Case 8768;3;100;38.1;0.1233;2.961
Case 8769;3;100;38.08;0.1232;2.961
Case 8770;3;100;38.06;0.1231;2.961
Case 8771;3;100;38.04;0.123;2.961
Case 8772;3;100;38.01;0.1229;2.961
Case 8773;3;100;38;0.1228;2.961
Case 8774;3;100;37.97;0.1227;2.961
Case 8775;3;100;37.96;0.1226;2.961
Case 8776;3;100;37.93;0.1225;2.961
Case 8777;3;100;37.92;0.1224;2.961
Case 8778;3;100;37.89;0.1223;2.961
Case 8779;3;100;37.87;0.1222;2.962
Case 8780;3;100;37.85;0.1221;2.962
Case 8781;3;100;37.83;0.122;2.962
Case 8782;3;100;37.8;0.1219;2.962
Case 8783;3;100;37.79;0.1218;2.962
Case 8784;3;100;37.76;0.1217;2.962
Case 8785;3;100;37.75;0.1216;2.962
Case 8786;3;100;37.72;0.1215;2.962
Case 8787;3;100;37.7;0.1214;2.962
Case 8788;3;100;37.68;0.1213;2.962
Case 8789;3;100;37.66;0.1212;2.962
Case 8790;3;100;37.64;0.1211;2.962
Case 8791;3;100;37.62;0.121;2.962
Case 8792;3;100;37.59;0.1209;2.962
Case 8793;3;100;37.58;0.1208;2.962
Case 8794;3;100;37.55;0.1207;2.963
Case 8795;3;100;37.53;0.1206;2.963
Case 8796;3;100;37.51;0.1205;2.963
Case 8797;3;100;37.48;0.1204;2.963
Case 8798;3;100;37.47;0.1203;2.963
Case 8799;3;100;37.44;0.1202;2.963
Case 8800;3;100;37.43;0.1201;2.963
Case 8801;3;100;37.4;0.12;2.963
Case 8802;3;100;37.39;0.1199;2.963
Case 8803;3;100;37.36;0.1198;2.963
Case 8804;3;100;37.33;0.1197;2.963
Case 8805;3;100;37.32;0.1196;2.963
Case 8806;3;100;37.29;0.1195;2.963
Case 8807;3;100;37.28;0.1194;2.963
Case 8808;3;100;37.25;0.1193;2.963
Case 8809;3;100;37.22;0.1192;2.963
Case 8810;3;100;37.21;0.1191;2.964
Case 8811;3;100;37.18;0.119;2.964
Case 8812;3;100;37.17;0.1189;2.964
Case 8813;3;100;37.14;0.1188;2.964
Case 8814;3;100;37.12;0.1187;2.964
Case 8815;3;100;37.1;0.1186;2.964
Case 8816;3;100;37.07;0.1185;2.964
Case 8817;3;100;37.06;0.1184;2.964
Case 8818;3;100;37.03;0.1183;2.964
Case 8819;3;100;37.01;0.1182;2.964
Case 8820;3;100;36.99;0.1181;2.964
Case 8821;3;100;36.97;0.118;2.964
Case 8822;3;100;36.95;0.1179;2.964
Case 8823;3;100;36.92;0.1178;2.964
Case 8824;3;100;36.9;0.1177;2.964
Case 8825;3;100;36.88;0.1176;2.964
Case 8826;3;100;36.86;0.1175;2.964
Case 8827;3;100;36.83;0.1174;2.965
Case 8828;3;100;36.82;0.1173;2.965
Case 8829;3;100;36.79;0.1172;2.965
Case 8830;3;100;36.77;0.1171;2.965
Case 8831;3;100;36.75;0.117;2.965
Case 8832;3;100;36.72;0.1169;2.965
Case 8833;3;100;36.7;0.1168;2.965
Case 8834;3;100;36.68;0.1167;2.965
Case 8835;3;100;36.66;0.1166;2.965
Case 8836;3;100;36.63;0.1165;2.965
Case 8837;3;100;36.62;0.1164;2.965
Case 8838;3;100;36.59;0.1163;2.965
Case 8839;3;100;36.56;0.1162;2.965
Case 8840;3;100;36.55;0.1161;2.965
Case 8841;3;100;36.52;0.116;2.965
Case 8842;3;100;36.5;0.1159;2.965
Case 8843;3;100;36.48;0.1158;2.966
Case 8844;3;100;36.46;0.1157;2.966
Case 8845;3;100;36.43;0.1156;2.966
Case 8846;3;100;36.42;0.1155;2.966
Case 8847;3;100;36.39;0.1154;2.966
Case 8848;3;100;36.36;0.1153;2.966
Case 8849;3;100;36.34;0.1152;2.966
Case 8850;3;100;36.33;0.1151;2.966
Case 8851;3;100;36.3;0.115;2.966
Case 8852;3;100;36.27;0.1149;2.966
Case 8853;3;100;36.25;0.1148;2.966
Case 8854;3;100;36.23;0.1147;2.966
Case 8855;3;100;36.21;0.1146;2.966
Case 8856;3;100;36.18;0.1145;2.966
Case 8857;3;100;36.17;0.1144;2.966
Case 8858;3;100;36.14;0.1143;2.966
Case 8859;3;100;36.11;0.1142;2.966
Case 8860;3;100;36.09;0.1141;2.967
Case 8861;3;100;36.08;0.114;2.967
Case 8862;3;100;36.05;0.1139;2.967
Case 8863;3;100;36.02;0.1138;2.967
Case 8864;3;100;36;0.1137;2.967
Case 8865;3;100;35.97;0.1136;2.967
Case 8866;3;100;35.96;0.1135;2.967
Case 8867;3;100;35.93;0.1134;2.967
Case 8868;3;100;35.91;0.1133;2.967
Case 8869;3;100;35.88;0.1132;2.967
Case 8870;3;100;35.87;0.1131;2.967
Case 8871;3;100;35.84;0.113;2.967
Case 8872;3;100;35.82;0.1129;2.967
Case 8873;3;100;35.79;0.1128;2.967
Case 8874;3;100;35.77;0.1127;2.967
Case 8875;3;100;35.75;0.1126;2.967
Case 8876;3;100;35.72;0.1125;2.967
Case 8877;3;100;35.7;0.1124;2.968
Case 8878;3;100;35.68;0.1123;2.968
Case 8879;3;100;35.65;0.1122;2.968
Case 8880;3;100;35.64;0.1121;2.968
Case 8881;3;100;35.61;0.112;2.968
Case 8882;3;100;35.58;0.1119;2.968
Case 8883;3;100;35.56;0.1118;2.968
Case 8884;3;100;35.53;0.1117;2.968
Case 8885;3;100;35.51;0.1116;2.968
Case 8886;3;100;35.49;0.1115;2.968
Case 8887;3;100;35.47;0.1114;2.968
Case 8888;3;100;35.44;0.1113;2.968
Case 8889;3;100;35.42;0.1112;2.968
Case 8890;3;100;35.39;0.1111;2.968
Case 8891;3;100;35.37;0.111;2.968
Case 8892;3;100;35.34;0.1109;2.968
Case 8893;3;100;35.33;0.1108;2.968
Case 8894;3;100;35.3;0.1107;2.969
Case 8895;3;100;35.28;0.1106;2.969
Case 8896;3;100;35.25;0.1105;2.969
Case 8897;3;100;35.23;0.1104;2.969
Case 8898;3;100;35.2;0.1103;2.969
Case 8899;3;100;35.18;0.1102;2.969
Case 8900;3;100;35.15;0.1101;2.969
Case 8901;3;100;35.13;0.11;2.969
Case 8902;3;100;35.1;0.1099;2.969
Case 8903;3;100;35.09;0.1098;2.969
Case 8904;3;100;35.06;0.1097;2.969
Case 8905;3;100;35.04;0.1096;2.969
Case 8906;3;100;35.01;0.1095;2.969
Case 8907;3;100;34.99;0.1094;2.969
Case 8908;3;100;34.96;0.1093;2.969
Case 8909;3;100;34.94;0.1092;2.969
Case 8910;3;100;34.91;0.1091;2.969
Case 8911;3;100;34.89;0.109;2.969
Case 8912;3;100;34.86;0.1089;2.97
Case 8913;3;100;34.84;0.1088;2.97
Case 8914;3;100;34.82;0.1087;2.97
Case 8915;3;100;34.79;0.1086;2.97
Case 8916;3;100;34.77;0.1085;2.97
Case 8917;3;100;34.74;0.1084;2.97
Case 8918;3;100;34.72;0.1083;2.97
Case 8919;3;100;34.69;0.1082;2.97
Case 8920;3;100;34.67;0.1081;2.97
Case 8921;3;100;34.64;0.108;2.97
Case 8922;3;100;34.62;0.1079;2.97
Case 8923;3;100;34.59;0.1078;2.97
Case 8924;3;100;34.57;0.1077;2.97
Case 8925;3;100;34.54;0.1076;2.97
Case 8926;3;100;34.52;0.1075;2.97
Case 8927;3;100;34.49;0.1074;2.97
Case 8928;3;100;34.47;0.1073;2.97
Case 8929;3;100;34.44;0.1072;2.97
Case 8930;3;100;34.42;0.1071;2.971
Case 8931;3;100;34.4;0.107;2.971
Case 8932;3;100;34.37;0.1069;2.971
Case 8933;3;100;34.35;0.1068;2.971
Case 8934;3;100;34.32;0.1067;2.971
Case 8935;3;100;34.3;0.1066;2.971
Case 8936;3;100;34.27;0.1065;2.971
Case 8937;3;100;34.25;0.1064;2.971
Case 8938;3;100;34.22;0.1063;2.971
Case 8939;3;100;34.2;0.1062;2.971
Case 8940;3;100;34.17;0.1061;2.971
Case 8941;3;100;34.15;0.106;2.971
Case 8942;3;100;34.12;0.1059;2.971
Case 8943;3;100;34.1;0.1058;2.971
Case 8944;3;100;34.07;0.1057;2.971
Case 8945;3;100;34.05;0.1056;2.971
Case 8946;3;100;34.03;0.1055;2.971
Case 8947;3;100;34;0.1054;2.971
Case 8948;3;100;33.98;0.1053;2.972
Case 8949;3;100;33.94;0.1052;2.972
Case 8950;3;100;33.92;0.1051;2.972
Case 8951;3;100;33.89;0.105;2.972
Case 8952;3;100;33.87;0.1049;2.972
Case 8953;3;100;33.84;0.1048;2.972
Case 8954;3;100;33.82;0.1047;2.972
Case 8955;3;100;33.79;0.1046;2.972
Case 8956;3;100;33.77;0.1045;2.972
Case 8957;3;100;33.74;0.1044;2.972
Case 8958;3;100;33.71;0.1043;2.972
Case 8959;3;100;33.68;0.1042;2.972
Case 8960;3;100;33.66;0.1041;2.972
Case 8961;3;100;33.63;0.104;2.972
Case 8962;3;100;33.61;0.1039;2.972
Case 8963;3;100;33.59;0.1038;2.972
Case 8964;3;100;33.56;0.1037;2.972
Case 8965;3;100;33.54;0.1036;2.972
Case 8966;3;100;33.5;0.1035;2.973
Case 8967;3;100;33.48;0.1034;2.973
Case 8968;3;100;33.45;0.1033;2.973
Case 8969;3;100;33.43;0.1032;2.973
Case 8970;3;100;33.4;0.1031;2.973
Case 8971;3;100;33.38;0.103;2.973
Case 8972;3;100;33.34;0.1029;2.973
Case 8973;3;100;33.32;0.1028;2.973
Case 8974;3;100;33.29;0.1027;2.973
Case 8975;3;100;33.27;0.1026;2.973
Case 8976;3;100;33.24;0.1025;2.973
Case 8977;3;100;33.22;0.1024;2.973
Case 8978;3;100;33.19;0.1023;2.973
Case 8979;3;100;33.16;0.1022;2.973
Case 8980;3;100;33.14;0.1021;2.973
Case 8981;3;100;33.11;0.102;2.973
Case 8982;3;100;33.09;0.1019;2.973
Case 8983;3;100;33.05;0.1018;2.973
Case 8984;3;100;33.03;0.1017;2.973
Case 8985;3;100;33;0.1016;2.974
Case 8986;3;100;32.98;0.1015;2.974
Case 8987;3;100;32.94;0.1014;2.974
Case 8988;3;100;32.92;0.1013;2.974
Case 8989;3;100;32.89;0.1012;2.974
Case 8990;3;100;32.87;0.1011;2.974
Case 8991;3;100;32.83;0.101;2.974
Case 8992;3;100;32.81;0.1009;2.974
Case 8993;3;100;32.78;0.1008;2.974
Case 8994;3;100;32.76;0.1007;2.974
Case 8995;3;100;32.73;0.1006;2.974
Case 8996;3;100;32.7;0.1005;2.974
Case 8997;3;100;32.68;0.1004;2.974
Case 8998;3;100;32.65;0.1003;2.974
Case 8999;3;100;32.62;0.1002;2.974
Case 9000;3;100;32.59;0.1001;2.974
Case 9001;3;100;32.57;0.1;2.974
Case 9002;3;100;32.53;0.0999;2.974
Case 9003;3;100;32.51;0.0998;2.974
Case 9004;3;100;32.48;0.0997;2.974
Case 9005;3;100;32.45;0.0996;2.975
Case 9006;3;100;32.42;0.0995;2.975
Case 9007;3;100;32.4;0.0994;2.975
Case 9008;3;100;32.36;0.0993;2.975
Case 9009;3;100;32.34;0.0992;2.975
Case 9010;3;100;32.32;0.0991;2.975
Case 9011;3;100;32.28;0.099;2.975
Case 9012;3;100;32.26;0.0989;2.975
Case 9013;3;100;32.23;0.0988;2.975
Case 9014;3;100;32.2;0.0987;2.975
Case 9015;3;100;32.17;0.0986;2.975
Case 9016;3;100;32.15;0.0985;2.975
Case 9017;3;100;32.11;0.0984;2.975
Case 9018;3;100;32.09;0.0983;2.975
Case 9019;3;100;32.06;0.0982;2.975
Case 9020;3;100;32.03;0.0981;2.975
Case 9021;3;100;32;0.098;2.975
Case 9022;3;100;31.97;0.0979;2.975
Case 9023;3;100;31.94;0.0978;2.975
Case 9024;3;100;31.92;0.0977;2.976
Case 9025;3;100;31.89;0.0976;2.976
Case 9026;3;100;31.86;0.0975;2.976
Case 9027;3;100;31.83;0.0974;2.976
Case 9028;3;100;31.8;0.0973;2.976
Case 9029;3;100;31.77;0.0972;2.976
Case 9030;3;100;31.74;0.0971;2.976
Case 9031;3;100;31.72;0.097;2.976
Case 9032;3;100;31.68;0.0969;2.976
Case 9033;3;100;31.66;0.0968;2.976
Case 9034;3;100;31.62;0.0967;2.976
Case 9035;3;100;31.6;0.0966;2.976
Case 9036;3;100;31.56;0.0965;2.976
Case 9037;3;100;31.54;0.0964;2.976
Case 9038;3;100;31.5;0.0963;2.976
Case 9039;3;100;31.48;0.0962;2.976
Case 9040;3;100;31.45;0.0961;2.976
Case 9041;3;100;31.42;0.096;2.976
Case 9042;3;100;31.39;0.0959;2.976
Case 9043;3;100;31.36;0.0958;2.976
Case 9044;3;100;31.33;0.0957;2.977
Case 9045;3;100;31.3;0.0956;2.977
Case 9046;3;100;31.27;0.0955;2.977
Case 9047;3;100;31.24;0.0954;2.977
Case 9048;3;100;31.21;0.0953;2.977
Case 9049;3;100;31.18;0.0952;2.977
Case 9050;3;100;31.15;0.0951;2.977
Case 9051;3;100;31.12;0.095;2.977
Case 9052;3;100;31.09;0.0949;2.977
Case 9053;3;100;31.05;0.0948;2.977
Case 9054;3;100;31.03;0.0947;2.977
Case 9055;3;100;31;0.0946;2.977
Case 9056;3;100;30.97;0.0945;2.977
Case 9057;3;100;30.94;0.0944;2.977
Case 9058;3;100;30.9;0.0943;2.977
Case 9059;3;100;30.88;0.0942;2.977
Case 9060;3;100;30.84;0.0941;2.977
Case 9061;3;100;30.82;0.094;2.977
Case 9062;3;100;30.78;0.0939;2.977
Case 9063;3;100;30.75;0.0938;2.977
Case 9064;3;100;30.72;0.0937;2.977
Case 9065;3;100;30.69;0.0936;2.978
Case 9066;3;100;30.65;0.0935;2.978
Case 9067;3;100;30.63;0.0934;2.978
Case 9068;3;100;30.59;0.0933;2.978
Case 9069;3;100;30.56;0.0932;2.978
Case 9070;3;100;30.54;0.0931;2.978
Case 9071;3;100;30.5;0.093;2.978
Case 9072;3;100;30.47;0.0929;2.978
Case 9073;3;100;30.44;0.0928;2.978
Case 9074;3;100;30.41;0.0927;2.978
Case 9075;3;100;30.37;0.0926;2.978
Case 9076;3;100;30.34;0.0925;2.978
Case 9077;3;100;30.31;0.0924;2.978
Case 9078;3;100;30.28;0.0923;2.978
Case 9079;3;100;30.24;0.0922;2.978
Case 9080;3;100;30.22;0.0921;2.978
Case 9081;3;100;30.18;0.092;2.978
Case 9082;3;100;30.15;0.0919;2.978
Case 9083;3;100;30.11;0.0918;2.978
Case 9084;3;100;30.08;0.0917;2.978
Case 9085;3;100;30.06;0.0916;2.978
Case 9086;3;100;30.02;0.0915;2.979
Case 9087;3;100;29.99;0.0914;2.979
Case 9088;3;100;29.96;0.0913;2.979
Case 9089;3;100;29.93;0.0912;2.979
Case 9090;3;100;29.9;0.0911;2.979
Case 9091;3;100;29.88;0.091;2.979
Case 9092;3;100;29.84;0.0909;2.979
Case 9093;3;100;29.82;0.0908;2.979
Case 9094;3;100;29.79;0.0907;2.979
Case 9095;3;100;29.76;0.0906;2.979
Case 9096;3;100;29.74;0.0905;2.979
Case 9097;3;100;29.7;0.0904;2.979
Case 9098;3;100;29.68;0.0903;2.979
Case 9099;3;100;29.65;0.0902;2.979
Case 9100;3;100;29.62;0.0901;2.979
Case 9101;3;100;29.59;0.09;2.979
Case 9102;3;100;29.56;0.0899;2.979
Case 9103;3;100;29.53;0.0898;2.979
Case 9104;3;100;29.51;0.0897;2.979
Case 9105;3;100;29.47;0.0896;2.979
Case 9106;3;100;29.45;0.0895;2.979
Case 9107;3;100;29.41;0.0894;2.98
Case 9108;3;100;29.39;0.0893;2.98
Case 9109;3;100;29.36;0.0892;2.98
Case 9110;3;100;29.33;0.0891;2.98
Case 9111;3;100;29.31;0.089;2.98
Case 9112;3;100;29.27;0.0889;2.98
Case 9113;3;100;29.25;0.0888;2.98
Case 9114;3;100;29.21;0.0887;2.98
Case 9115;3;100;29.19;0.0886;2.98
Case 9116;3;100;29.15;0.0885;2.98
Case 9117;3;100;29.13;0.0884;2.98
Case 9118;3;100;29.1;0.0883;2.98
Case 9119;3;100;29.07;0.0882;2.98
Case 9120;3;100;29.04;0.0881;2.98
Case 9121;3;100;29.01;0.088;2.98
Case 9122;3;100;28.99;0.0879;2.98
Case 9123;3;100;28.95;0.0878;2.98
Case 9124;3;100;28.93;0.0877;2.98
Case 9125;3;100;28.89;0.0876;2.98
Case 9126;3;100;28.87;0.0875;2.98
Case 9127;3;100;28.83;0.0874;2.98
Case 9128;3;100;28.81;0.0873;2.98
Case 9129;3;100;28.77;0.0872;2.981
Case 9130;3;100;28.75;0.0871;2.981
Case 9131;3;100;28.72;0.087;2.981
Case 9132;3;100;28.69;0.0869;2.981
Case 9133;3;100;28.66;0.0868;2.981
Case 9134;3;100;28.63;0.0867;2.981
Case 9135;3;100;28.61;0.0866;2.981
Case 9136;3;100;28.57;0.0865;2.981
Case 9137;3;100;28.55;0.0864;2.981
Case 9138;3;100;28.51;0.0863;2.981
Case 9139;3;100;28.49;0.0862;2.981
Case 9140;3;100;28.45;0.0861;2.981
Case 9141;3;100;28.42;0.086;2.981
Case 9142;3;100;28.39;0.0859;2.981
Case 9143;3;100;28.36;0.0858;2.981
Case 9144;3;100;28.33;0.0857;2.981
Case 9145;3;100;28.3;0.0856;2.981
Case 9146;3;100;28.27;0.0855;2.981
Case 9147;3;100;28.24;0.0854;2.981
Case 9148;3;100;28.22;0.0853;2.981
Case 9149;3;100;28.18;0.0852;2.981
Case 9150;3;100;28.16;0.0851;2.981
Case 9151;3;100;28.12;0.085;2.981
Case 9152;3;100;28.1;0.0849;2.982
Case 9153;3;100;28.06;0.0848;2.982
Case 9154;3;100;28.03;0.0847;2.982
Case 9155;3;100;28;0.0846;2.982
Case 9156;3;100;27.97;0.0845;2.982
Case 9157;3;100;27.94;0.0844;2.982
Case 9158;3;100;27.91;0.0843;2.982
Case 9159;3;100;27.88;0.0842;2.982
Case 9160;3;100;27.85;0.0841;2.982
Case 9161;3;100;27.82;0.084;2.982
Case 9162;3;100;27.79;0.0839;2.982
Case 9163;3;100;27.76;0.0838;2.982
Case 9164;3;100;27.73;0.0837;2.982
Case 9165;3;100;27.7;0.0836;2.982
Case 9166;3;100;27.66;0.0835;2.982
Case 9167;3;100;27.64;0.0834;2.982
Case 9168;3;100;27.6;0.0833;2.982
Case 9169;3;100;27.58;0.0832;2.982
Case 9170;3;100;27.54;0.0831;2.982
Case 9171;3;100;27.51;0.083;2.982
Case 9172;3;100;27.48;0.0829;2.982
Case 9173;3;100;27.45;0.0828;2.982
Case 9174;3;100;27.43;0.0827;2.982
Case 9175;3;100;27.39;0.0826;2.983
Case 9176;3;100;27.36;0.0825;2.983
Case 9177;3;100;27.33;0.0824;2.983
Case 9178;3;100;27.3;0.0823;2.983
Case 9179;3;100;27.26;0.0822;2.983
Case 9180;3;100;27.24;0.0821;2.983
Case 9181;3;100;27.2;0.082;2.983
Case 9182;3;100;27.17;0.0819;2.983
Case 9183;3;100;27.14;0.0818;2.983
Case 9184;3;100;27.11;0.0817;2.983
Case 9185;3;100;27.07;0.0816;2.983
Case 9186;3;100;27.05;0.0815;2.983
Case 9187;3;100;27.02;0.0814;2.983
Case 9188;3;100;26.98;0.0813;2.983
Case 9189;3;100;26.96;0.0812;2.983
Case 9190;3;100;26.92;0.0811;2.983
Case 9191;3;100;26.89;0.081;2.983
Case 9192;3;100;26.86;0.0809;2.983
Case 9193;3;100;26.83;0.0808;2.983
Case 9194;3;100;26.79;0.0807;2.983
Case 9195;3;100;26.76;0.0806;2.983
Case 9196;3;100;26.73;0.0805;2.983
Case 9197;3;100;26.7;0.0804;2.983
Case 9198;3;100;26.67;0.0803;2.983
Case 9199;3;100;26.64;0.0802;2.984
Case 9200;3;100;26.61;0.0801;2.984
Case 9201;3;100;26.57;0.08;2.984
Case 9202;3;100;26.54;0.0799;2.984
Case 9203;3;100;26.51;0.0798;2.984
Case 9204;3;100;26.48;0.0797;2.984
Case 9205;3;100;26.44;0.0796;2.984
Case 9206;3;100;26.41;0.0795;2.984
Case 9207;3;100;26.38;0.0794;2.984
Case 9208;3;100;26.35;0.0793;2.984
Case 9209;3;100;26.31;0.0792;2.984
Case 9210;3;100;26.28;0.0791;2.984
Case 9211;3;100;26.26;0.079;2.984
Case 9212;3;100;26.22;0.0789;2.984
Case 9213;3;100;26.19;0.0788;2.984
Case 9214;3;100;26.15;0.0787;2.984
Case 9215;3;100;26.12;0.0786;2.984
Case 9216;3;100;26.09;0.0785;2.984
Case 9217;3;100;26.06;0.0784;2.984
Case 9218;3;100;26.02;0.0783;2.984
Case 9219;3;100;25.99;0.0782;2.984
Case 9220;3;100;25.95;0.0781;2.984
Case 9221;3;100;25.93;0.078;2.984
Case 9222;3;100;25.89;0.0779;2.984
Case 9223;3;100;25.86;0.0778;2.985
Case 9224;3;100;25.83;0.0777;2.985
Case 9225;3;100;25.79;0.0776;2.985
Case 9226;3;100;25.76;0.0775;2.985
Case 9227;3;100;25.73;0.0774;2.985
Case 9228;3;100;25.7;0.0773;2.985
Case 9229;3;100;25.66;0.0772;2.985
Case 9230;3;100;25.63;0.0771;2.985
Case 9231;3;100;25.59;0.077;2.985
Case 9232;3;100;25.56;0.0769;2.985
Case 9233;3;100;25.52;0.0768;2.985
Case 9234;3;100;25.49;0.0767;2.985
Case 9235;3;100;25.47;0.0766;2.985
Case 9236;3;100;25.43;0.0765;2.985
Case 9237;3;100;25.4;0.0764;2.985
Case 9238;3;100;25.36;0.0763;2.985
Case 9239;3;100;25.33;0.0762;2.985
Case 9240;3;100;25.29;0.0761;2.985
Case 9241;3;100;25.26;0.076;2.985
Case 9242;3;100;25.22;0.0759;2.985
Case 9243;3;100;25.19;0.0758;2.985
Case 9244;3;100;25.15;0.0757;2.985
Case 9245;3;100;25.13;0.0756;2.985
Case 9246;3;100;25.09;0.0755;2.985
Case 9247;3;100;25.06;0.0754;2.985
Case 9248;3;100;25.03;0.0753;2.985
Case 9249;3;100;24.99;0.0752;2.986
Case 9250;3;100;24.96;0.0751;2.986
Case 9251;3;100;24.92;0.075;2.986
Case 9252;3;100;24.89;0.0749;2.986
Case 9253;3;100;24.85;0.0748;2.986
Case 9254;3;100;24.82;0.0747;2.986
Case 9255;3;100;24.78;0.0746;2.986
Case 9256;3;100;24.75;0.0745;2.986
Case 9257;3;100;24.71;0.0744;2.986
Case 9258;3;100;24.68;0.0743;2.986
Case 9259;3;100;24.65;0.0742;2.986
Case 9260;3;100;24.61;0.0741;2.986
Case 9261;3;100;24.58;0.074;2.986
Case 9262;3;100;24.54;0.0739;2.986
Case 9263;3;100;24.51;0.0738;2.986
Case 9264;3;100;24.47;0.0737;2.986
Case 9265;3;100;24.44;0.0736;2.986
Case 9266;3;100;24.4;0.0735;2.986
Case 9267;3;100;24.37;0.0734;2.986
Case 9268;3;100;24.33;0.0733;2.986
Case 9269;3;100;24.3;0.0732;2.986
Case 9270;3;100;24.27;0.0731;2.986
Case 9271;3;100;24.23;0.073;2.986
Case 9272;3;100;24.2;0.0729;2.986
Case 9273;3;100;24.15;0.0728;2.986
Case 9274;3;100;24.12;0.0727;2.986
Case 9275;3;100;24.08;0.0726;2.987
Case 9276;3;100;24.05;0.0725;2.987
Case 9277;3;100;24.01;0.0724;2.987
Case 9278;3;100;23.98;0.0723;2.987
Case 9279;3;100;23.94;0.0722;2.987
Case 9280;3;100;23.91;0.0721;2.987
Case 9281;3;100;23.88;0.072;2.987
Case 9282;3;100;23.84;0.0719;2.987
Case 9283;3;100;23.8;0.0718;2.987
Case 9284;3;100;23.76;0.0717;2.987
Case 9285;3;100;23.73;0.0716;2.987
Case 9286;3;100;23.69;0.0715;2.987
Case 9287;3;100;23.66;0.0714;2.987
Case 9288;3;100;23.62;0.0713;2.987
Case 9289;3;100;23.59;0.0712;2.987
Case 9290;3;100;23.54;0.0711;2.987
Case 9291;3;100;23.51;0.071;2.987
Case 9292;3;100;23.48;0.0709;2.987
Case 9293;3;100;23.44;0.0708;2.987
Case 9294;3;100;23.41;0.0707;2.987
Case 9295;3;100;23.36;0.0706;2.987
Case 9296;3;100;23.33;0.0705;2.987
Case 9297;3;100;23.29;0.0704;2.987
Case 9298;3;100;23.26;0.0703;2.987
Case 9299;3;100;23.22;0.0702;2.987
Case 9300;3;100;23.18;0.0701;2.987
Case 9301;3;100;23.14;0.07;2.987
Case 9302;3;100;23.11;0.0699;2.988
Case 9303;3;100;23.08;0.0698;2.988
Case 9304;3;100;23.03;0.0697;2.988
Case 9305;3;100;23;0.0696;2.988
Case 9306;3;100;22.96;0.0695;2.988
Case 9307;3;100;22.93;0.0694;2.988
Case 9308;3;100;22.88;0.0693;2.988
Case 9309;3;100;22.85;0.0692;2.988
Case 9310;3;100;22.81;0.0691;2.988
Case 9311;3;100;22.77;0.069;2.988
Case 9312;3;100;22.74;0.0689;2.988
Case 9313;3;100;22.7;0.0688;2.988
Case 9314;3;100;22.66;0.0687;2.988
Case 9315;3;100;22.62;0.0686;2.988
Case 9316;3;100;22.59;0.0685;2.988
Case 9317;3;100;22.54;0.0684;2.988
Case 9318;3;100;22.51;0.0683;2.988
Case 9319;3;100;22.47;0.0682;2.988
Case 9320;3;100;22.43;0.0681;2.988
Case 9321;3;100;22.39;0.068;2.988
Case 9322;3;100;22.36;0.0679;2.988
Case 9323;3;100;22.32;0.0678;2.988
Case 9324;3;100;22.28;0.0677;2.988
Case 9325;3;100;22.24;0.0676;2.988
Case 9326;3;100;22.2;0.0675;2.988
Case 9327;3;100;22.17;0.0674;2.988
Case 9328;3;100;22.12;0.0673;2.988
Case 9329;3;100;22.09;0.0672;2.988
Case 9330;3;100;22.04;0.0671;2.988
Case 9331;3;100;22.01;0.067;2.989
Case 9332;3;100;21.97;0.0669;2.989
Case 9333;3;100;21.93;0.0668;2.989
Case 9334;3;100;21.89;0.0667;2.989
Case 9335;3;100;21.85;0.0666;2.989
Case 9336;3;100;21.81;0.0665;2.989
Case 9337;3;100;21.77;0.0664;2.989
Case 9338;3;100;21.74;0.0663;2.989
Case 9339;3;100;21.69;0.0662;2.989
Case 9340;3;100;21.65;0.0661;2.989
Case 9341;3;100;21.62;0.066;2.989
Case 9342;3;100;21.57;0.0659;2.989
Case 9343;3;100;21.54;0.0658;2.989
Case 9344;3;100;21.49;0.0657;2.989
Case 9345;3;100;21.46;0.0656;2.989
Case 9346;3;100;21.41;0.0655;2.989
Case 9347;3;100;21.38;0.0654;2.989
Case 9348;3;100;21.33;0.0653;2.989
Case 9349;3;100;21.3;0.0652;2.989
Case 9350;3;100;21.26;0.0651;2.989
Case 9351;3;100;21.21;0.065;2.989
Case 9352;3;100;21.18;0.0649;2.989
Case 9353;3;100;21.13;0.0648;2.989
Case 9354;3;100;21.09;0.0647;2.989
Case 9355;3;100;21.05;0.0646;2.989
Case 9356;3;100;21.01;0.0645;2.989
Case 9357;3;100;20.97;0.0644;2.989
Case 9358;3;100;20.93;0.0643;2.989
Case 9359;3;100;20.89;0.0642;2.989
Case 9360;3;100;20.84;0.0641;2.989
Case 9361;3;100;20.81;0.064;2.99
Case 9362;3;100;20.76;0.0639;2.99
Case 9363;3;100;20.72;0.0638;2.99
Case 9364;3;100;20.68;0.0637;2.99
Case 9365;3;100;20.64;0.0636;2.99
Case 9366;3;100;20.59;0.0635;2.99
Case 9367;3;100;20.55;0.0634;2.99
Case 9368;3;100;20.52;0.0633;2.99
Case 9369;3;100;20.47;0.0632;2.99
Case 9370;3;100;20.43;0.0631;2.99
Case 9371;3;100;20.38;0.063;2.99
Case 9372;3;100;20.35;0.0629;2.99
Case 9373;3;100;20.3;0.0628;2.99
Case 9374;3;100;20.26;0.0627;2.99
Case 9375;3;100;20.21;0.0626;2.99
Case 9376;3;100;20.17;0.0625;2.99
Case 9377;3;100;20.13;0.0624;2.99
Case 9378;3;100;20.09;0.0623;2.99
Case 9379;3;100;20.05;0.0622;2.99
Case 9380;3;100;20;0.0621;2.99
Case 9381;3;100;19.96;0.062;2.99
Case 9382;3;100;19.92;0.0619;2.99
Case 9383;3;100;19.88;0.0618;2.99
Case 9384;3;100;19.83;0.0617;2.99
Case 9385;3;100;19.8;0.0616;2.99
Case 9386;3;100;19.76;0.0615;2.99
Case 9387;3;100;19.71;0.0614;2.99
Case 9388;3;100;19.68;0.0613;2.99
Case 9389;3;100;19.63;0.0612;2.99
Case 9390;3;100;19.59;0.0611;2.99
Case 9391;3;100;19.55;0.061;2.99
Case 9392;3;100;19.51;0.0609;2.991
Case 9393;3;100;19.47;0.0608;2.991
Case 9394;3;100;19.42;0.0607;2.991
Case 9395;3;100;19.39;0.0606;2.991
Case 9396;3;100;19.34;0.0605;2.991
Case 9397;3;100;19.3;0.0604;2.991
Case 9398;3;100;19.25;0.0603;2.991
Case 9399;3;100;19.22;0.0602;2.991
Case 9400;3;100;19.17;0.0601;2.991
Case 9401;3;100;19.13;0.06;2.991
Case 9402;3;100;19.09;0.0599;2.991
Case 9403;3;100;19.05;0.0598;2.991
Case 9404;3;100;19.01;0.0597;2.991
Case 9405;3;100;18.96;0.0596;2.991
Case 9406;3;100;18.92;0.0595;2.991
Case 9407;3;100;18.87;0.0594;2.991
Case 9408;3;100;18.84;0.0593;2.991
Case 9409;3;100;18.79;0.0592;2.991
Case 9410;3;100;18.75;0.0591;2.991
Case 9411;3;100;18.71;0.059;2.991
Case 9412;3;100;18.66;0.0589;2.991
Case 9413;3;100;18.62;0.0588;2.991
Case 9414;3;100;18.57;0.0587;2.991
Case 9415;3;100;18.54;0.0586;2.991
Case 9416;3;100;18.49;0.0585;2.991
Case 9417;3;100;18.45;0.0584;2.991
Case 9418;3;100;18.41;0.0583;2.991
Case 9419;3;100;18.36;0.0582;2.991
Case 9420;3;100;18.32;0.0581;2.991
Case 9421;3;100;18.27;0.058;2.991
Case 9422;3;100;18.23;0.0579;2.991
Case 9423;3;100;18.18;0.0578;2.991
Case 9424;3;100;18.14;0.0577;2.991
Case 9425;3;100;18.1;0.0576;2.992
Case 9426;3;100;18.05;0.0575;2.992
Case 9427;3;100;18.01;0.0574;2.992
Case 9428;3;100;17.96;0.0573;2.992
Case 9429;3;100;17.92;0.0572;2.992
Case 9430;3;100;17.87;0.0571;2.992
Case 9431;3;100;17.83;0.057;2.992
Case 9432;3;100;17.78;0.0569;2.992
Case 9433;3;100;17.74;0.0568;2.992
Case 9434;3;100;17.7;0.0567;2.992
Case 9435;3;100;17.65;0.0566;2.992
Case 9436;3;100;17.61;0.0565;2.992
Case 9437;3;100;17.56;0.0564;2.992
Case 9438;3;100;17.52;0.0563;2.992
Case 9439;3;100;17.47;0.0562;2.992
Case 9440;3;100;17.43;0.0561;2.992
Case 9441;3;100;17.39;0.056;2.992
Case 9442;3;100;17.34;0.0559;2.992
Case 9443;3;100;17.29;0.0558;2.992
Case 9444;3;100;17.24;0.0557;2.992
Case 9445;3;100;17.2;0.0556;2.992
Case 9446;3;100;17.15;0.0555;2.992
Case 9447;3;100;17.11;0.0554;2.992
Case 9448;3;100;17.07;0.0553;2.992
Case 9449;3;100;17.02;0.0552;2.992
Case 9450;3;100;16.97;0.0551;2.992
Case 9451;3;100;16.92;0.055;2.992
Case 9452;3;100;16.88;0.0549;2.992
Case 9453;3;100;16.83;0.0548;2.992
Case 9454;3;100;16.78;0.0547;2.992
Case 9455;3;100;16.74;0.0546;2.992
Case 9456;3;100;16.69;0.0545;2.992
Case 9457;3;100;16.65;0.0544;2.992
Case 9458;3;100;16.59;0.0543;2.992
Case 9459;3;100;16.55;0.0542;2.992
Case 9460;3;100;16.5;0.0541;2.993
Case 9461;3;100;16.46;0.054;2.993
Case 9462;3;100;16.41;0.0539;2.993
Case 9463;3;100;16.36;0.0538;2.993
Case 9464;3;100;16.32;0.0537;2.993
Case 9465;3;100;16.26;0.0536;2.993
Case 9466;3;100;16.22;0.0535;2.993
Case 9467;3;100;16.17;0.0534;2.993
Case 9468;3;100;16.12;0.0533;2.993
Case 9469;3;100;16.08;0.0532;2.993
Case 9470;3;100;16.02;0.0531;2.993
Case 9471;3;100;15.98;0.053;2.993
Case 9472;3;100;15.93;0.0529;2.993
Case 9473;3;100;15.88;0.0528;2.993
Case 9474;3;100;15.83;0.0527;2.993
Case 9475;3;100;15.78;0.0526;2.993
Case 9476;3;100;15.74;0.0525;2.993
Case 9477;3;100;15.68;0.0524;2.993
Case 9478;3;100;15.64;0.0523;2.993
Case 9479;3;100;15.58;0.0522;2.993
Case 9480;3;100;15.54;0.0521;2.993
Case 9481;3;100;15.48;0.052;2.993
Case 9482;3;100;15.44;0.0519;2.993
Case 9483;3;100;15.39;0.0518;2.993
Case 9484;3;100;15.34;0.0517;2.993
Case 9485;3;100;15.29;0.0516;2.993
Case 9486;3;100;15.24;0.0515;2.993
Case 9487;3;100;15.19;0.0514;2.993
Case 9488;3;100;15.13;0.0513;2.993
Case 9489;3;100;15.09;0.0512;2.993
Case 9490;3;100;15.04;0.0511;2.993
Case 9491;3;100;14.98;0.051;2.993
Case 9492;3;100;14.94;0.0509;2.993
Case 9493;3;100;14.88;0.0508;2.993
Case 9494;3;100;14.83;0.0507;2.993
Case 9495;3;100;14.78;0.0506;2.993
Case 9496;3;100;14.73;0.0505;2.993
Case 9497;3;100;14.68;0.0504;2.994
Case 9498;3;100;14.63;0.0503;2.994
Case 9499;3;100;14.58;0.0502;2.994
Case 9500;3;100;14.52;0.0501;2.994
Case 9501;3;100;14.47;0.05;2.994
Case 9502;3;100;14.41;0.0499;2.994
Case 9503;3;100;14.37;0.0498;2.994
Case 9504;3;100;14.32;0.0497;2.994
Case 9505;3;100;14.26;0.0496;2.994
Case 9506;3;100;14.21;0.0495;2.994
Case 9507;3;100;14.15;0.0494;2.994
Case 9508;3;100;14.1;0.0493;2.994
Case 9509;3;100;14.05;0.0492;2.994
Case 9510;3;100;14;0.0491;2.994
Case 9511;3;100;13.95;0.049;2.994
Case 9512;3;100;13.89;0.0489;2.994
Case 9513;3;100;13.84;0.0488;2.994
Case 9514;3;100;13.78;0.0487;2.994
Case 9515;3;100;13.73;0.0486;2.994
Case 9516;3;100;13.68;0.0485;2.994
Case 9517;3;100;13.62;0.0484;2.994
Case 9518;3;100;13.57;0.0483;2.994
Case 9519;3;100;13.51;0.0482;2.994
Case 9520;3;100;13.46;0.0481;2.994
Case 9521;3;100;13.4;0.048;2.994
Case 9522;3;100;13.34;0.0479;2.994
Case 9523;3;100;13.29;0.0478;2.994
Case 9524;3;100;13.23;0.0477;2.994
Case 9525;3;100;13.18;0.0476;2.994
Case 9526;3;100;13.12;0.0475;2.994
Case 9527;3;100;13.07;0.0474;2.994
Case 9528;3;100;13.01;0.0473;2.994
Case 9529;3;100;12.95;0.0472;2.994
Case 9530;3;100;12.9;0.0471;2.994
Case 9531;3;100;12.84;0.047;2.994
Case 9532;3;100;12.79;0.0469;2.994
Case 9533;3;100;12.72;0.0468;2.994
Case 9534;3;100;12.67;0.0467;2.994
Case 9535;3;100;12.62;0.0466;2.994
Case 9536;3;100;12.55;0.0465;2.994
Case 9537;3;100;12.5;0.0464;2.995
Case 9538;3;100;12.43;0.0463;2.995
Case 9539;3;100;12.38;0.0462;2.995
Case 9540;3;100;12.32;0.0461;2.995
Case 9541;3;100;12.26;0.046;2.995
Case 9542;3;100;12.21;0.0459;2.995
Case 9543;3;100;12.14;0.0458;2.995
Case 9544;3;100;12.09;0.0457;2.995
Case 9545;3;100;12.02;0.0456;2.995
Case 9546;3;100;11.97;0.0455;2.995
Case 9547;3;100;11.9;0.0454;2.995
Case 9548;3;100;11.85;0.0453;2.995
Case 9549;3;100;11.79;0.0452;2.995
Case 9550;3;100;11.72;0.0451;2.995
Case 9551;3;100;11.67;0.045;2.995
Case 9552;3;100;11.6;0.0449;2.995
Case 9553;3;100;11.54;0.0448;2.995
Case 9554;3;100;11.49;0.0447;2.995
Case 9555;3;100;11.42;0.0446;2.995
Case 9556;3;100;11.36;0.0445;2.995
Case 9557;3;100;11.29;0.0444;2.995
Case 9558;3;100;11.23;0.0443;2.995
Case 9559;3;100;11.17;0.0442;2.995
Case 9560;3;100;11.11;0.0441;2.995
Case 9561;3;100;11.05;0.044;2.995
Case 9562;3;100;10.98;0.0439;2.995
Case 9563;3;100;10.92;0.0438;2.995
Case 9564;3;100;10.85;0.0437;2.995
Case 9565;3;100;10.79;0.0436;2.995
Case 9566;3;100;10.73;0.0435;2.995
Case 9567;3;100;10.66;0.0434;2.995
Case 9568;3;100;10.6;0.0433;2.995
Case 9569;3;100;10.53;0.0432;2.995
Case 9570;3;100;10.47;0.0431;2.995
Case 9571;3;100;10.4;0.043;2.995
Case 9572;3;100;10.33;0.0429;2.995
Case 9573;3;100;10.27;0.0428;2.995
Case 9574;3;100;10.2;0.0427;2.995
Case 9575;3;100;10.14;0.0426;2.995
Case 9576;3;100;10.06;0.0425;2.995
Case 9577;3;100;10;0.0424;2.995
Case 9578;3;100;9.94;0.0423;2.995
Case 9579;3;100;9.88;0.0422;2.995
Case 9580;3;100;9.82;0.0421;2.995
Case 9581;3;100;9.76;0.042;2.995
Case 9582;3;100;9.7;0.0419;2.996
Case 9583;3;100;9.65;0.0418;2.996
Case 9584;3;100;9.58;0.0417;2.996
Case 9585;3;100;9.52;0.0416;2.996
Case 9586;3;100;9.46;0.0415;2.996
Case 9587;3;100;9.4;0.0414;2.996
Case 9588;3;100;9.35;0.0413;2.996
Case 9589;3;100;9.28;0.0412;2.996
Case 9590;3;100;9.22;0.0411;2.996
Case 9591;3;100;9.16;0.041;2.996
Case 9592;3;100;9.1;0.0409;2.996
Case 9593;3;100;9.04;0.0408;2.996
Case 9594;3;100;8.98;0.0407;2.996
Case 9595;3;100;8.92;0.0406;2.996
Case 9596;3;100;8.85;0.0405;2.996
Case 9597;3;100;8.79;0.0404;2.996
Case 9598;3;100;8.74;0.0403;2.996
Case 9599;3;100;8.67;0.0402;2.996
Case 9600;3;100;8.61;0.0401;2.996
Case 9601;3;100;8.54;0.04;2.996
Case 9602;3;100;8.48;0.0399;2.996
Case 9603;3;100;8.42;0.0398;2.996
Case 9604;3;100;8.36;0.0397;2.996
Case 9605;3;100;8.3;0.0396;2.996
Case 9606;3;100;8.23;0.0395;2.996
Case 9607;3;100;8.17;0.0394;2.996
Case 9608;3;100;8.1;0.0393;2.996
Case 9609;3;100;8.04;0.0392;2.996
Case 9610;3;100;7.98;0.0391;2.996
Case 9611;3;100;7.92;0.039;2.996
Case 9612;3;100;7.86;0.0389;2.996
Case 9613;3;100;7.79;0.0388;2.996
Case 9614;3;100;7.73;0.0387;2.996
Case 9615;3;100;7.67;0.0386;2.996
Case 9616;3;100;7.6;0.0385;2.996
Case 9617;3;100;7.54;0.0384;2.996
Case 9618;3;100;7.47;0.0383;2.996
Case 9619;3;100;7.41;0.0382;2.996
Case 9620;3;100;7.34;0.0381;2.996
Case 9621;3;100;7.27;0.038;2.996
Case 9622;3;100;7.21;0.0379;2.996
Case 9623;3;100;7.14;0.0378;2.996
Case 9624;3;100;7.08;0.0377;2.996
Case 9625;3;100;7.02;0.0376;2.996
Case 9626;3;100;6.95;0.0375;2.996
Case 9627;3;100;6.88;0.0374;2.996
Case 9628;3;100;6.81;0.0373;2.996
Case 9629;3;100;6.75;0.0372;2.996
Case 9630;3;100;6.69;0.0371;2.996
Case 9631;3;100;6.62;0.037;2.997
Case 9632;3;100;6.55;0.0369;2.997
Case 9633;3;100;6.48;0.0368;2.997
Case 9634;3;100;6.42;0.0367;2.997
Case 9635;3;100;6.35;0.0366;2.997
Case 9636;3;100;6.28;0.0365;2.997
Case 9637;3;100;6.22;0.0364;2.997
Case 9638;3;100;6.15;0.0363;2.997
Case 9639;3;100;6.08;0.0362;2.997
Case 9640;3;100;6.02;0.0361;2.997
Case 9641;3;100;5.94;0.036;2.997
Case 9642;3;100;5.88;0.0359;2.997
Case 9643;3;100;5.81;0.0358;2.997
Case 9644;3;100;5.74;0.0357;2.997
Case 9645;3;100;5.67;0.0356;2.997
Case 9646;3;100;5.6;0.0355;2.997
Case 9647;3;100;5.53;0.0354;2.997
Case 9648;3;100;5.47;0.0353;2.997
Case 9649;3;100;5.39;0.0352;2.997
Case 9650;3;100;5.32;0.0351;2.997
Case 9651;3;100;5.25;0.035;2.997
Case 9652;3;100;5.18;0.0349;2.997
Case 9653;3;100;5.12;0.0348;2.997
Case 9654;3;100;5.04;0.0347;2.997
Case 9655;3;100;4.97;0.0346;2.997
Case 9656;3;100;4.9;0.0345;2.997
Case 9657;3;100;4.83;0.0344;2.997
Case 9658;3;100;4.76;0.0343;2.997
Case 9659;3;100;4.68;0.0342;2.997
Case 9660;3;100;4.61;0.0341;2.997
Case 9661;3;100;4.54;0.034;2.997
Case 9662;3;100;4.47;0.0339;2.997
Case 9663;3;100;4.4;0.0338;2.997
Case 9664;3;100;4.32;0.0337;2.997
Case 9665;3;100;4.25;0.0336;2.997
Case 9666;3;100;4.18;0.0335;2.997
Case 9667;3;100;4.1;0.0334;2.997
Case 9668;3;100;4.03;0.0333;2.997
Case 9669;3;100;3.95;0.0332;2.997
Case 9670;3;100;3.88;0.0331;2.997
Case 9671;3;100;3.81;0.033;2.997
Case 9672;3;100;3.73;0.0329;2.997
Case 9673;3;100;3.66;0.0328;2.997
Case 9674;3;100;3.58;0.0327;2.997
Case 9675;3;100;3.51;0.0326;2.997
Case 9676;3;100;3.44;0.0325;2.997
Case 9677;3;100;3.36;0.0324;2.997
Case 9678;3;100;3.28;0.0323;2.997
Case 9679;3;100;3.21;0.0322;2.997
Case 9680;3;100;3.13;0.0321;2.997
Case 9681;3;100;3.06;0.032;2.997
Case 9682;3;100;2.97;0.0319;2.997
Case 9683;3;100;2.9;0.0318;2.997
Case 9684;3;100;2.83;0.0317;2.997
Case 9685;3;100;2.74;0.0316;2.997
Case 9686;3;100;2.67;0.0315;2.997
Case 9687;3;100;2.58;0.0314;2.997
Case 9688;3;100;2.51;0.0313;2.998
Case 9689;3;100;2.43;0.0312;2.998
Case 9690;3;100;2.35;0.0311;2.998
Case 9691;3;100;2.27;0.031;2.998
Case 9692;3;100;2.2;0.0309;2.998
Case 9693;3;100;2.11;0.0308;2.998
Case 9694;3;100;2.03;0.0307;2.998
Case 9695;3;100;1.95;0.0306;2.998
Case 9696;3;100;1.87;0.0305;2.998
Case 9697;3;100;1.79;0.0304;2.998
Case 9698;3;100;1.71;0.0303;2.998
Case 9699;3;100;1.63;0.0302;2.998
Case 9700;3;100;1.55;0.0301;2.998
Case 9701;3;100;1.46;0.03;2.998
Case 9702;3;100;1.38;0.0299;2.998
Case 9703;3;100;1.29;0.0298;2.998
Case 9704;3;100;1.21;0.0297;2.998
Case 9705;3;100;1.13;0.0296;2.998
Case 9706;3;100;1.04;0.0295;2.998
Case 9707;3;100;0.96;0.0294;2.998
Case 9708;3;100;0.88;0.0293;2.998
Case 9709;3;100;0.79;0.0292;2.998
Case 9710;3;100;0.71;0.0291;2.998
Case 9711;3;100;0.62;0.029;2.998
Case 9712;3;100;0.53;0.0289;2.998
Case 9713;3;100;0.45;0.0288;2.998
Case 9714;3;100;0.36;0.0287;2.998
Case 9715;3;100;0.28;0.0286;2.998
Case 9716;3;100;0.19;0.0285;2.998
Case 9717;3;100;0.1;0.0284;2.998
Case 9718;3;100;0.01;0.0283;2.998
Case 9719;3;100;0;0.0282;2.998
Case 9720;3;100;0;0.0281;2.998
Case 9721;3;100;0;0.028;2.998
Case 9722;3;100;0;0.0279;2.998
Case 9723;3;100;0;0.0278;2.998
Case 9724;3;100;0;0.0277;2.998
Case 9725;3;100;0;0.0276;2.998
Case 9726;3;100;0;0.0275;2.998
Case 9727;3;100;0;0.0274;2.998
Case 9728;3;100;0;0.0273;2.998
Case 9729;3;100;0;0.0272;2.998
Case 9730;3;100;0;0.0271;2.998
Case 9731;3;100;0;0.027;2.998
Case 9732;3;100;0;0.0269;2.998
Case 9733;3;100;0;0.0268;2.998
Case 9734;3;100;0;0.0267;2.998
Case 9735;3;100;0;0.0266;2.998
Case 9736;3;100;0;0.0265;2.998
Case 9737;3;100;0;0.0264;2.998
Case 9738;3;100;0;0.0263;2.998
Case 9739;3;100;0;0.0262;2.998
Case 9740;3;100;0;0.0261;2.998
Case 9741;3;100;0;0.026;2.998
Case 9742;3;100;0;0.0259;2.998
Case 9743;3;100;0;0.0258;2.998
Case 9744;3;100;0;0.0257;2.998
Case 9745;3;100;0;0.0256;2.998
Case 9746;3;100;0;0.0255;2.998
Case 9747;3;100;0;0.0254;2.998
Case 9748;3;100;0;0.0253;2.998
Case 9749;3;100;0;0.0252;2.998
Case 9750;3;100;0;0.0251;2.998
Case 9751;3;100;0;0.025;2.998
Case 9752;3;100;0;0.0249;2.998
Case 9753;3;100;0;0.0248;2.998
Case 9754;3;100;0;0.0247;2.998
Case 9755;3;100;0;0.0246;2.998
Case 9756;3;100;0;0.0245;2.998
Case 9757;3;100;0;0.0244;2.998
Case 9758;3;100;0;0.0243;2.998
Case 9759;3;100;0;0.0242;2.999
Case 9760;3;100;0;0.0241;2.999
Case 9761;3;100;0;0.024;2.999
Case 9762;3;100;0;0.0239;2.999
Case 9763;3;100;0;0.0238;2.999
Case 9764;3;100;0;0.0237;2.999
Case 9765;3;100;0;0.0236;2.999
Case 9766;3;100;0;0.0235;2.999
Case 9767;3;100;0;0.0234;2.999
Case 9768;3;100;0;0.0233;2.999
Case 9769;3;100;0;0.0232;2.999
Case 9770;3;100;0;0.0231;2.999
Case 9771;3;100;0;0.023;2.999
Case 9772;3;100;0;0.0229;2.999
Case 9773;3;100;0;0.0228;2.999
Case 9774;3;100;0;0.0227;2.999
Case 9775;3;100;0;0.0226;2.999
Case 9776;3;100;0;0.0225;2.999
Case 9777;3;100;0;0.0224;2.999
Case 9778;3;100;0;0.0223;2.999
Case 9779;3;100;0;0.0222;2.999
Case 9780;3;100;0;0.0221;2.999
Case 9781;3;100;0;0.022;2.999
Case 9782;3;100;0;0.0219;2.999
Case 9783;3;100;0;0.0218;2.999
Case 9784;3;100;0;0.0217;2.999
Case 9785;3;100;0;0.0216;2.999
Case 9786;3;100;0;0.0215;2.999
Case 9787;3;100;0;0.0214;2.999
Case 9788;3;100;0;0.0213;2.999
Case 9789;3;100;0;0.0212;2.999
Case 9790;3;100;0;0.0211;2.999
Case 9791;3;100;0;0.021;2.999
Case 9792;3;100;0;0.0209;2.999
Case 9793;3;100;0;0.0208;2.999
Case 9794;3;100;0;0.0207;2.999
Case 9795;3;100;0;0.0206;2.999
Case 9796;3;100;0;0.0205;2.999
Case 9797;3;100;0;0.0204;2.999
Case 9798;3;100;0;0.0203;2.999
Case 9799;3;100;0;0.0202;2.999
Case 9800;3;100;0;0.0201;2.999
Case 9801;3;100;0;0.02;2.999
Case 9802;3;100;0;0.0199;2.999
Case 9803;3;100;0;0.0198;2.999
Case 9804;3;100;0;0.0197;2.999
Case 9805;3;100;0;0.0196;2.999
Case 9806;3;100;0;0.0195;2.999
Case 9807;3;100;0;0.0194;2.999
Case 9808;3;100;0;0.0193;2.999
Case 9809;3;100;0;0.0192;2.999
Case 9810;3;100;0;0.0191;2.999
Case 9811;3;100;0;0.019;2.999
Case 9812;3;100;0;0.0189;2.999
Case 9813;3;100;0;0.0188;2.999
Case 9814;3;100;0;0.0187;2.999
Case 9815;3;100;0;0.0186;2.999
Case 9816;3;100;0;0.0185;2.999
Case 9817;3;100;0;0.0184;2.999
Case 9818;3;100;0;0.0183;2.999
Case 9819;3;100;0;0.0182;2.999
Case 9820;3;100;0;0.0181;2.999
Case 9821;3;100;0;0.018;2.999
Case 9822;3;100;0;0.0179;2.999
Case 9823;3;100;0;0.0178;2.999
Case 9824;3;100;0;0.0177;2.999
Case 9825;3;100;0;0.0176;2.999
Case 9826;3;100;0;0.0175;2.999
Case 9827;3;100;0;0.0174;2.999
Case 9828;3;100;0;0.0173;2.999
Case 9829;3;100;0;0.0172;2.999
Case 9830;3;100;0;0.0171;2.999
Case 9831;3;100;0;0.017;2.999
Case 9832;3;100;0;0.0169;2.999
Case 9833;3;100;0;0.0168;2.999
Case 9834;3;100;0;0.0167;2.999
Case 9835;3;100;0;0.0166;2.999
Case 9836;3;100;0;0.0165;2.999
Case 9837;3;100;0;0.0164;2.999
Case 9838;3;100;0;0.0163;2.999
Case 9839;3;100;0;0.0162;2.999
Case 9840;3;100;0;0.0161;2.999
Case 9841;3;100;0;0.016;2.999
Case 9842;3;100;0;0.0159;2.999
Case 9843;3;100;0;0.0158;2.999
Case 9844;3;100;0;0.0157;2.999
Case 9845;3;100;0;0.0156;2.999
Case 9846;3;100;0;0.0155;2.999
Case 9847;3;100;0;0.0154;2.999
Case 9848;3;100;0;0.0153;2.999
Case 9849;3;100;0;0.0152;2.999
Case 9850;3;100;0;0.0151;2.999
Case 9851;3;100;0;0.015;2.999
Case 9852;3;100;0;0.0149;2.999
Case 9853;3;100;0;0.0148;2.999
Case 9854;3;100;0;0.0147;2.999
Case 9855;3;100;0;0.0146;2.999
Case 9856;3;100;0;0.0145;2.999
Case 9857;3;100;0;0.0144;2.999
Case 9858;3;100;0;0.0143;2.999
Case 9859;3;100;0;0.0142;2.999
Case 9860;3;100;0;0.0141;2.999
Case 9861;3;100;0;0.014;3
Case 9862;3;100;0;0.0139;3
Case 9863;3;100;0;0.0138;3
Case 9864;3;100;0;0.0137;3
Case 9865;3;100;0;0.0136;3
Case 9866;3;100;0;0.0135;3
Case 9867;3;100;0;0.0134;3
Case 9868;3;100;0;0.0133;3
Case 9869;3;100;0;0.0132;3
Case 9870;3;100;0;0.0131;3
Case 9871;3;100;0;0.013;3
Case 9872;3;100;0;0.0129;3
Case 9873;3;100;0;0.0128;3
Case 9874;3;100;0;0.0127;3
Case 9875;3;100;0;0.0126;3
Case 9876;3;100;0;0.0125;3
Case 9877;3;100;0;0.0124;3
Case 9878;3;100;0;0.0123;3
Case 9879;3;100;0;0.0122;3
Case 9880;3;100;0;0.0121;3
Case 9881;3;100;0;0.012;3
Case 9882;3;100;0;0.0119;3
Case 9883;3;100;0;0.0118;3
Case 9884;3;100;0;0.0117;3
Case 9885;3;100;0;0.0116;3
Case 9886;3;100;0;0.0115;3
Case 9887;3;100;0;0.0114;3
Case 9888;3;100;0;0.0113;3
Case 9889;3;100;0;0.0112;3
Case 9890;3;100;0;0.0111;3
Case 9891;3;100;0;0.011;3
Case 9892;3;100;0;0.0109;3
Case 9893;3;100;0;0.0108;3
Case 9894;3;100;0;0.0107;3
Case 9895;3;100;0;0.0106;3
Case 9896;3;100;0;0.0105;3
Case 9897;3;100;0;0.0104;3
Case 9898;3;100;0;0.0103;3
Case 9899;3;100;0;0.0102;3
Case 9900;3;100;0;0.0101;3
Case 9901;3;100;0;0.01;3
Case 9902;3;100;0;0.0099;3
Case 9903;3;100;0;0.0098;3
Case 9904;3;100;0;0.0097;3
Case 9905;3;100;0;0.0096;3
Case 9906;3;100;0;0.0095;3
Case 9907;3;100;0;0.0094;3
Case 9908;3;100;0;0.0093;3
Case 9909;3;100;0;0.0092;3
Case 9910;3;100;0;0.0091;3
Case 9911;3;100;0;0.009;3
Case 9912;3;100;0;0.0089;3
Case 9913;3;100;0;0.0088;3
Case 9914;3;100;0;0.0087;3
Case 9915;3;100;0;0.0086;3
Case 9916;3;100;0;0.0085;3
Case 9917;3;100;0;0.0084;3
Case 9918;3;100;0;0.0083;3
Case 9919;3;100;0;0.0082;3
Case 9920;3;100;0;0.0081;3
Case 9921;3;100;0;0.008;3
Case 9922;3;100;0;0.0079;3
Case 9923;3;100;0;0.0078;3
Case 9924;3;100;0;0.0077;3
Case 9925;3;100;0;0.0076;3
Case 9926;3;100;0;0.0075;3
Case 9927;3;100;0;0.0074;3
Case 9928;3;100;0;0.0073;3
Case 9929;3;100;0;0.0072;3
Case 9930;3;100;0;0.0071;3
Case 9931;3;100;0;0.007;3
Case 9932;3;100;0;0.0069;3
Case 9933;3;100;0;0.0068;3
Case 9934;3;100;0;0.0067;3
Case 9935;3;100;0;0.0066;3
Case 9936;3;100;0;0.0065;3
Case 9937;3;100;0;0.0064;3
Case 9938;3;100;0;0.0063;3
Case 9939;3;100;0;0.0062;3
Case 9940;3;100;0;0.0061;3
Case 9941;3;100;0;0.006;3
Case 9942;3;100;0;0.0059;3
Case 9943;3;100;0;0.0058;3
Case 9944;3;100;0;0.0057;3
Case 9945;3;100;0;0.0056;3
Case 9946;3;100;0;0.0055;3
Case 9947;3;100;0;0.0054;3
Case 9948;3;100;0;0.0053;3
Case 9949;3;100;0;0.0052;3
Case 9950;3;100;0;0.0051;3
Case 9951;3;100;0;0.005;3
Case 9952;3;100;0;0.0049;3
Case 9953;3;100;0;0.0048;3
Case 9954;3;100;0;0.0047;3
Case 9955;3;100;0;0.0046;3
Case 9956;3;100;0;0.0045;3
Case 9957;3;100;0;0.0044;3
Case 9958;3;100;0;0.0043;3
Case 9959;3;100;0;0.0042;3
Case 9960;3;100;0;0.0041;3
Case 9961;3;100;0;0.004;3
Case 9962;3;100;0;0.0039;3
Case 9963;3;100;0;0.0038;3
Case 9964;3;100;0;0.0037;3
Case 9965;3;100;0;0.0036;3
Case 9966;3;100;0;0.0035;3
Case 9967;3;100;0;0.0034;3
Case 9968;3;100;0;0.0033;3
Case 9969;3;100;0;0.0032;3
Case 9970;3;100;0;0.0031;3
Case 9971;3;100;0;0.003;3
Case 9972;3;100;0;0.0029;3
Case 9973;3;100;0;0.0028;3
Case 9974;3;100;0;0.0027;3
Case 9975;3;100;0;0.0026;3
Case 9976;3;100;0;0.0025;3
Case 9977;3;100;0;0.0024;3
Case 9978;3;100;0;0.0023;3
Case 9979;3;100;0;0.0022;3
Case 9980;3;100;0;0.0021;3
Case 9981;3;100;0;0.002;3
Case 9982;3;100;0;0.0019;3
Case 9983;3;100;0;0.0018;3
Case 9984;3;100;0;0.0017;3
Case 9985;3;100;0;0.0016;3
Case 9986;3;100;0;0.0015;3
Case 9987;3;100;0;0.0014;3
Case 9988;3;100;0;0.0013;3
Case 9989;3;100;0;0.0012;3
Case 9990;3;100;0;0.0011;3
Case 9991;3;100;0;0.001;3
Case 15401;3;90;100;0.4591;0.415
Case 15402;3;90;100;0.459;0.4417
Case 15403;3;90;100;0.4589;0.462
Case 15404;3;90;100;0.4588;0.479
Case 15405;3;90;100;0.4587;0.4939
Case 15406;3;90;100;0.4586;0.5073
Case 15407;3;90;100;0.4585;0.5196
Case 15408;3;90;100;0.4584;0.5311
Case 15409;3;90;100;0.4583;0.5418
Case 15410;3;90;100;0.4582;0.5519
Case 15411;3;90;100;0.4581;0.5615
Case 15412;3;90;100;0.458;0.5707
Case 15413;3;90;100;0.4579;0.5795
Case 15414;3;90;100;0.4578;0.5879
Case 15415;3;90;100;0.4577;0.596
Case 15416;3;90;100;0.4576;0.6039
Case 15417;3;90;100;0.4575;0.6115
Case 15418;3;90;100;0.4574;0.6189
Case 15419;3;90;100;0.4573;0.626
Case 15420;3;90;100;0.4572;0.633
Case 15421;3;90;100;0.4571;0.6398
Case 15422;3;90;100;0.457;0.6464
Case 15423;3;90;100;0.4569;0.6529
Case 15424;3;90;100;0.4568;0.6592
Case 15425;3;90;100;0.4567;0.6654
Case 15426;3;90;100;0.4566;0.6715
Case 15427;3;90;100;0.4565;0.6774
Case 15428;3;90;100;0.4564;0.6832
Case 15429;3;90;100;0.4563;0.6889
Case 15430;3;90;100;0.4562;0.6946
Case 15431;3;90;100;0.4561;0.7001
Case 15432;3;90;100;0.456;0.7055
Case 15433;3;90;100;0.4559;0.7108
Case 15434;3;90;100;0.4558;0.7161
Case 15435;3;90;100;0.4557;0.7213
Case 15436;3;90;100;0.4556;0.7263
Case 15437;3;90;100;0.4555;0.7314
Case 15438;3;90;100;0.4554;0.7363
Case 15439;3;90;100;0.4553;0.7412
Case 15440;3;90;100;0.4552;0.746
Case 15441;3;90;100;0.4551;0.7508
Case 15442;3;90;100;0.455;0.7554
Case 15443;3;90;100;0.4549;0.7601
Case 15444;3;90;100;0.4548;0.7646
Case 15445;3;90;100;0.4547;0.7692
Case 15446;3;90;100;0.4546;0.7736
Case 15447;3;90;100;0.4545;0.778
Case 15448;3;90;100;0.4544;0.7824
Case 15449;3;90;100;0.4543;0.7867
Case 15450;3;90;100;0.4542;0.791
Case 15451;3;90;100;0.4541;0.7952
Case 15452;3;90;100;0.454;0.7994
Case 15453;3;90;100;0.4539;0.8035
Case 15454;3;90;100;0.4538;0.8076
Case 15455;3;90;100;0.4537;0.8117
Case 15456;3;90;100;0.4536;0.8157
Case 15457;3;90;100;0.4535;0.8197
Case 15458;3;90;100;0.4534;0.8236
Case 15459;3;90;100;0.4533;0.8275
Case 15460;3;90;100;0.4532;0.8314
Case 15461;3;90;100;0.4531;0.8352
Case 15462;3;90;100;0.453;0.839
Case 15463;3;90;100;0.4529;0.8428
Case 15464;3;90;100;0.4528;0.8465
Case 15465;3;90;100;0.4527;0.8502
Case 15466;3;90;100;0.4526;0.8539
Case 15467;3;90;100;0.4525;0.8576
Case 15468;3;90;100;0.4524;0.8612
Case 15469;3;90;100;0.4523;0.8648
Case 15470;3;90;100;0.4522;0.8683
Case 15471;3;90;100;0.4521;0.8718
Case 15472;3;90;100;0.452;0.8754
Case 15473;3;90;100;0.4519;0.8788
Case 15474;3;90;100;0.4518;0.8823
Case 15475;3;90;100;0.4517;0.8857
Case 15476;3;90;100;0.4516;0.8891
Case 15477;3;90;100;0.4515;0.8925
Case 15478;3;90;100;0.4514;0.8958
Case 15479;3;90;100;0.4513;0.8992
Case 15480;3;90;100;0.4512;0.9025
Case 15481;3;90;100;0.4511;0.9058
Case 15482;3;90;100;0.451;0.909
Case 15483;3;90;100;0.4509;0.9123
Case 15484;3;90;100;0.4508;0.9155
Case 15485;3;90;100;0.4507;0.9187
Case 15486;3;90;100;0.4506;0.9219
Case 15487;3;90;100;0.4505;0.925
Case 15488;3;90;100;0.4504;0.9282
Case 15489;3;90;100;0.4503;0.9313
Case 15490;3;90;100;0.4502;0.9344
Case 15491;3;90;100;0.4501;0.9375
Case 15492;3;90;100;0.45;0.9406
Case 15493;3;90;100;0.4499;0.9436
Case 15494;3;90;100;0.4498;0.9466
Case 15495;3;90;100;0.4497;0.9496
Case 15496;3;90;100;0.4496;0.9526
Case 15497;3;90;100;0.4495;0.9556
Case 15498;3;90;100;0.4494;0.9586
Case 15499;3;90;100;0.4493;0.9615
Case 15500;3;90;100;0.4492;0.9644
Case 15501;3;90;100;0.4491;0.9674
Case 15502;3;90;100;0.449;0.9703
Case 15503;3;90;100;0.4489;0.9731
Case 15504;3;90;100;0.4488;0.976
Case 15505;3;90;100;0.4487;0.9788
Case 15506;3;90;100;0.4486;0.9817
Case 15507;3;90;100;0.4485;0.9845
Case 15508;3;90;100;0.4484;0.9873
Case 15509;3;90;100;0.4483;0.9901
Case 15510;3;90;100;0.4482;0.9929
Case 15511;3;90;100;0.4481;0.9956
Case 15512;3;90;100;0.448;0.9984
Case 15513;3;90;100;0.4479;1.001
Case 15514;3;90;100;0.4478;1.004
Case 15515;3;90;100;0.4477;1.007
Case 15516;3;90;100;0.4476;1.009
Case 15517;3;90;100;0.4475;1.012
Case 15518;3;90;100;0.4474;1.015
Case 15519;3;90;100;0.4473;1.017
Case 15520;3;90;100;0.4472;1.02
Case 15521;3;90;100;0.4471;1.023
Case 15522;3;90;100;0.447;1.025
Case 15523;3;90;100;0.4469;1.028
Case 15524;3;90;100;0.4468;1.03
Case 15525;3;90;100;0.4467;1.033
Case 15526;3;90;100;0.4466;1.036
Case 15527;3;90;100;0.4465;1.038
Case 15528;3;90;100;0.4464;1.041
Case 15529;3;90;100;0.4463;1.043
Case 15530;3;90;100;0.4462;1.046
Case 15531;3;90;100;0.4461;1.048
Case 15532;3;90;100;0.446;1.051
Case 15533;3;90;100;0.4459;1.053
Case 15534;3;90;100;0.4458;1.056
Case 15535;3;90;100;0.4457;1.058
Case 15536;3;90;100;0.4456;1.061
Case 15537;3;90;100;0.4455;1.063
Case 15538;3;90;99.9;0.4454;1.066
Case 15539;3;90;99.76;0.4453;1.068
Case 15540;3;90;99.63;0.4452;1.07
Case 15541;3;90;99.5;0.4451;1.073
Case 15542;3;90;99.37;0.445;1.075
Case 15543;3;90;99.24;0.4449;1.078
Case 15544;3;90;99.12;0.4448;1.08
Case 15545;3;90;98.99;0.4447;1.082
Case 15546;3;90;98.87;0.4446;1.085
Case 15547;3;90;98.74;0.4445;1.087
Case 15548;3;90;98.63;0.4444;1.09
Case 15549;3;90;98.5;0.4443;1.092
Case 15550;3;90;98.39;0.4442;1.094
Case 15551;3;90;98.27;0.4441;1.097
Case 15552;3;90;98.16;0.444;1.099
Case 15553;3;90;98.05;0.4439;1.101
Case 15554;3;90;97.94;0.4438;1.103
Case 15555;3;90;97.82;0.4437;1.106
Case 15556;3;90;97.72;0.4436;1.108
Case 15557;3;90;97.61;0.4435;1.11
Case 15558;3;90;97.51;0.4434;1.113
Case 15559;3;90;97.4;0.4433;1.115
Case 15560;3;90;97.3;0.4432;1.117
Case 15561;3;90;97.19;0.4431;1.119
Case 15562;3;90;97.09;0.443;1.122
Case 15563;3;90;96.99;0.4429;1.124
Case 15564;3;90;96.89;0.4428;1.126
Case 15565;3;90;96.79;0.4427;1.128
Case 15566;3;90;96.7;0.4426;1.13
Case 15567;3;90;96.6;0.4425;1.133
Case 15568;3;90;96.51;0.4424;1.135
Case 15569;3;90;96.41;0.4423;1.137
Case 15570;3;90;96.32;0.4422;1.139
Case 15571;3;90;96.22;0.4421;1.141
Case 15572;3;90;96.13;0.442;1.143
Case 15573;3;90;96.04;0.4419;1.146
Case 15574;3;90;95.95;0.4418;1.148
Case 15575;3;90;95.86;0.4417;1.15
Case 15576;3;90;95.78;0.4416;1.152
Case 15577;3;90;95.69;0.4415;1.154
Case 15578;3;90;95.6;0.4414;1.156
Case 15579;3;90;95.52;0.4413;1.158
Case 15580;3;90;95.43;0.4412;1.16
Case 15581;3;90;95.35;0.4411;1.163
Case 15582;3;90;95.26;0.441;1.165
Case 15583;3;90;95.19;0.4409;1.167
Case 15584;3;90;95.1;0.4408;1.169
Case 15585;3;90;95.02;0.4407;1.171
Case 15586;3;90;94.94;0.4406;1.173
Case 15587;3;90;94.86;0.4405;1.175
Case 15588;3;90;94.78;0.4404;1.177
Case 15589;3;90;94.7;0.4403;1.179
Case 15590;3;90;94.62;0.4402;1.181
Case 15591;3;90;94.55;0.4401;1.183
Case 15592;3;90;94.47;0.44;1.185
Case 15593;3;90;94.4;0.4399;1.187
Case 15594;3;90;94.32;0.4398;1.189
Case 15595;3;90;94.25;0.4397;1.191
Case 15596;3;90;94.17;0.4396;1.193
Case 15597;3;90;94.1;0.4395;1.195
Case 15598;3;90;94.02;0.4394;1.197
Case 15599;3;90;93.95;0.4393;1.199
Case 15600;3;90;93.88;0.4392;1.201
Case 15601;3;90;93.81;0.4391;1.203
Case 15602;3;90;93.74;0.439;1.205
Case 15603;3;90;93.67;0.4389;1.207
Case 15604;3;90;93.6;0.4388;1.209
Case 15605;3;90;93.53;0.4387;1.211
Case 15606;3;90;93.46;0.4386;1.213
Case 15607;3;90;93.39;0.4385;1.215
Case 15608;3;90;93.32;0.4384;1.217
Case 15609;3;90;93.26;0.4383;1.219
Case 15610;3;90;93.19;0.4382;1.221
Case 15611;3;90;93.13;0.4381;1.223
Case 15612;3;90;93.06;0.438;1.225
Case 15613;3;90;93;0.4379;1.226
Case 15614;3;90;92.93;0.4378;1.228
Case 15615;3;90;92.87;0.4377;1.23
Case 15616;3;90;92.8;0.4376;1.232
Case 15617;3;90;92.74;0.4375;1.234
Case 15618;3;90;92.67;0.4374;1.236
Case 15619;3;90;92.61;0.4373;1.238
Case 15620;3;90;92.55;0.4372;1.24
Case 15621;3;90;92.49;0.4371;1.242
Case 15622;3;90;92.42;0.437;1.243
Case 15623;3;90;92.37;0.4369;1.245
Case 15624;3;90;92.3;0.4368;1.247
Case 15625;3;90;92.25;0.4367;1.249
Case 15626;3;90;92.18;0.4366;1.251
Case 15627;3;90;92.13;0.4365;1.253
Case 15628;3;90;92.06;0.4364;1.255
Case 15629;3;90;92.01;0.4363;1.256
Case 15630;3;90;91.94;0.4362;1.258
Case 15631;3;90;91.89;0.4361;1.26
Case 15632;3;90;91.83;0.436;1.262
Case 15633;3;90;91.78;0.4359;1.264
Case 15634;3;90;91.71;0.4358;1.265
Case 15635;3;90;91.66;0.4357;1.267
Case 15636;3;90;91.61;0.4356;1.269
Case 15637;3;90;91.55;0.4355;1.271
Case 15638;3;90;91.5;0.4354;1.273
Case 15639;3;90;91.44;0.4353;1.274
Case 15640;3;90;91.39;0.4352;1.276
Case 15641;3;90;91.33;0.4351;1.278
Case 15642;3;90;91.28;0.435;1.28
Case 15643;3;90;91.22;0.4349;1.282
Case 15644;3;90;91.17;0.4348;1.283
Case 15645;3;90;91.11;0.4347;1.285
Case 15646;3;90;91.06;0.4346;1.287
Case 15647;3;90;91.01;0.4345;1.289
Case 15648;3;90;90.96;0.4344;1.29
Case 15649;3;90;90.9;0.4343;1.292
Case 15650;3;90;90.85;0.4342;1.294
Case 15651;3;90;90.8;0.4341;1.296
Case 15652;3;90;90.75;0.434;1.297
Case 15653;3;90;90.69;0.4339;1.299
Case 15654;3;90;90.65;0.4338;1.301
Case 15655;3;90;90.59;0.4337;1.302
Case 15656;3;90;90.55;0.4336;1.304
Case 15657;3;90;90.49;0.4335;1.306
Case 15658;3;90;90.45;0.4334;1.308
Case 15659;3;90;90.39;0.4333;1.309
Case 15660;3;90;90.35;0.4332;1.311
Case 15661;3;90;90.29;0.4331;1.313
Case 15662;3;90;90.25;0.433;1.314
Case 15663;3;90;90.19;0.4329;1.316
Case 15664;3;90;90.15;0.4328;1.318
Case 15665;3;90;90.1;0.4327;1.319
Case 15666;3;90;90.05;0.4326;1.321
Case 15667;3;90;90;0.4325;1.323
Case 15668;3;90;89.96;0.4324;1.324
Case 15669;3;90;89.91;0.4323;1.326
Case 15670;3;90;89.86;0.4322;1.328
Case 15671;3;90;89.81;0.4321;1.329
Case 15672;3;90;89.77;0.432;1.331
Case 15673;3;90;89.72;0.4319;1.333
Case 15674;3;90;89.68;0.4318;1.334
Case 15675;3;90;89.63;0.4317;1.336
Case 15676;3;90;89.59;0.4316;1.338
Case 15677;3;90;89.53;0.4315;1.339
Case 15678;3;90;89.49;0.4314;1.341
Case 15679;3;90;89.44;0.4313;1.343
Case 15680;3;90;89.4;0.4312;1.344
Case 15681;3;90;89.35;0.4311;1.346
Case 15682;3;90;89.31;0.431;1.347
Case 15683;3;90;89.26;0.4309;1.349
Case 15684;3;90;89.23;0.4308;1.351
Case 15685;3;90;89.18;0.4307;1.352
Case 15686;3;90;89.14;0.4306;1.354
Case 15687;3;90;89.09;0.4305;1.355
Case 15688;3;90;89.05;0.4304;1.357
Case 15689;3;90;89;0.4303;1.359
Case 15690;3;90;88.96;0.4302;1.36
Case 15691;3;90;88.92;0.4301;1.362
Case 15692;3;90;88.88;0.43;1.363
Case 15693;3;90;88.83;0.4299;1.365
Case 15694;3;90;88.79;0.4298;1.367
Case 15695;3;90;88.75;0.4297;1.368
Case 15696;3;90;88.71;0.4296;1.37
Case 15697;3;90;88.66;0.4295;1.371
Case 15698;3;90;88.62;0.4294;1.373
Case 15699;3;90;88.58;0.4293;1.374
Case 15700;3;90;88.54;0.4292;1.376
Case 15701;3;90;88.5;0.4291;1.377
Case 15702;3;90;88.46;0.429;1.379
Case 15703;3;90;88.41;0.4289;1.381
Case 15704;3;90;88.38;0.4288;1.382
Case 15705;3;90;88.33;0.4287;1.384
Case 15706;3;90;88.3;0.4286;1.385
Case 15707;3;90;88.25;0.4285;1.387
Case 15708;3;90;88.22;0.4284;1.388
Case 15709;3;90;88.17;0.4283;1.39
Case 15710;3;90;88.14;0.4282;1.391
Case 15711;3;90;88.09;0.4281;1.393
Case 15712;3;90;88.06;0.428;1.394
Case 15713;3;90;88.01;0.4279;1.396
Case 15714;3;90;87.98;0.4278;1.397
Case 15715;3;90;87.93;0.4277;1.399
Case 15716;3;90;87.9;0.4276;1.4
Case 15717;3;90;87.87;0.4275;1.402
Case 15718;3;90;87.82;0.4274;1.403
Case 15719;3;90;87.79;0.4273;1.405
Case 15720;3;90;87.74;0.4272;1.406
Case 15721;3;90;87.71;0.4271;1.408
Case 15722;3;90;87.67;0.427;1.409
Case 15723;3;90;87.63;0.4269;1.411
Case 15724;3;90;87.59;0.4268;1.412
Case 15725;3;90;87.56;0.4267;1.414
Case 15726;3;90;87.52;0.4266;1.415
Case 15727;3;90;87.48;0.4265;1.417
Case 15728;3;90;87.44;0.4264;1.418
Case 15729;3;90;87.41;0.4263;1.42
Case 15730;3;90;87.37;0.4262;1.421
Case 15731;3;90;87.33;0.4261;1.423
Case 15732;3;90;87.29;0.426;1.424
Case 15733;3;90;87.26;0.4259;1.426
Case 15734;3;90;87.22;0.4258;1.427
Case 15735;3;90;87.19;0.4257;1.429
Case 15736;3;90;87.15;0.4256;1.43
Case 15737;3;90;87.11;0.4255;1.432
Case 15738;3;90;87.07;0.4254;1.433
Case 15739;3;90;87.04;0.4253;1.434
Case 15740;3;90;87;0.4252;1.436
Case 15741;3;90;86.97;0.4251;1.437
Case 15742;3;90;86.93;0.425;1.439
Case 15743;3;90;86.9;0.4249;1.44
Case 15744;3;90;86.86;0.4248;1.442
Case 15745;3;90;86.83;0.4247;1.443
Case 15746;3;90;86.79;0.4246;1.445
Case 15747;3;90;86.76;0.4245;1.446
Case 15748;3;90;86.72;0.4244;1.447
Case 15749;3;90;86.69;0.4243;1.449
Case 15750;3;90;86.65;0.4242;1.45
Case 15751;3;90;86.62;0.4241;1.452
Case 15752;3;90;86.58;0.424;1.453
Case 15753;3;90;86.55;0.4239;1.454
Case 15754;3;90;86.51;0.4238;1.456
Case 15755;3;90;86.48;0.4237;1.457
Case 15756;3;90;86.44;0.4236;1.459
Case 15757;3;90;86.41;0.4235;1.46
Case 15758;3;90;86.37;0.4234;1.462
Case 15759;3;90;86.34;0.4233;1.463
Case 15760;3;90;86.3;0.4232;1.464
Case 15761;3;90;86.28;0.4231;1.466
Case 15762;3;90;86.24;0.423;1.467
Case 15763;3;90;86.21;0.4229;1.468
Case 15764;3;90;86.17;0.4228;1.47
Case 15765;3;90;86.14;0.4227;1.471
Case 15766;3;90;86.1;0.4226;1.473
Case 15767;3;90;86.08;0.4225;1.474
Case 15768;3;90;86.04;0.4224;1.475
Case 15769;3;90;86.01;0.4223;1.477
Case 15770;3;90;85.97;0.4222;1.478
Case 15771;3;90;85.94;0.4221;1.479
Case 15772;3;90;85.91;0.422;1.481
Case 15773;3;90;85.88;0.4219;1.482
Case 15774;3;90;85.84;0.4218;1.484
Case 15775;3;90;85.81;0.4217;1.485
Case 15776;3;90;85.78;0.4216;1.486
Case 15777;3;90;85.75;0.4215;1.488
Case 15778;3;90;85.71;0.4214;1.489
Case 15779;3;90;85.68;0.4213;1.49
Case 15780;3;90;85.65;0.4212;1.492
Case 15781;3;90;85.62;0.4211;1.493
Case 15782;3;90;85.58;0.421;1.494
Case 15783;3;90;85.56;0.4209;1.496
Case 15784;3;90;85.52;0.4208;1.497
Case 15785;3;90;85.49;0.4207;1.498
Case 15786;3;90;85.46;0.4206;1.5
Case 15787;3;90;85.43;0.4205;1.501
Case 15788;3;90;85.39;0.4204;1.502
Case 15789;3;90;85.37;0.4203;1.504
Case 15790;3;90;85.33;0.4202;1.505
Case 15791;3;90;85.3;0.4201;1.506
Case 15792;3;90;85.27;0.42;1.508
Case 15793;3;90;85.24;0.4199;1.509
Case 15794;3;90;85.21;0.4198;1.51
Case 15795;3;90;85.18;0.4197;1.512
Case 15796;3;90;85.14;0.4196;1.513
Case 15797;3;90;85.12;0.4195;1.514
Case 15798;3;90;85.08;0.4194;1.516
Case 15799;3;90;85.06;0.4193;1.517
Case 15800;3;90;85.02;0.4192;1.518
Case 15801;3;90;85;0.4191;1.52
Case 15802;3;90;84.96;0.419;1.521
Case 15803;3;90;84.94;0.4189;1.522
Case 15804;3;90;84.9;0.4188;1.523
Case 15805;3;90;84.88;0.4187;1.525
Case 15806;3;90;84.84;0.4186;1.526
Case 15807;3;90;84.82;0.4185;1.527
Case 15808;3;90;84.78;0.4184;1.529
Case 15809;3;90;84.76;0.4183;1.53
Case 15810;3;90;84.72;0.4182;1.531
Case 15811;3;90;84.7;0.4181;1.533
Case 15812;3;90;84.66;0.418;1.534
Case 15813;3;90;84.64;0.4179;1.535
Case 15814;3;90;84.6;0.4178;1.536
Case 15815;3;90;84.58;0.4177;1.538
Case 15816;3;90;84.54;0.4176;1.539
Case 15817;3;90;84.52;0.4175;1.54
Case 15818;3;90;84.48;0.4174;1.541
Case 15819;3;90;84.46;0.4173;1.543
Case 15820;3;90;84.43;0.4172;1.544
Case 15821;3;90;84.4;0.4171;1.545
Case 15822;3;90;84.37;0.417;1.547
Case 15823;3;90;84.34;0.4169;1.548
Case 15824;3;90;84.31;0.4168;1.549
Case 15825;3;90;84.29;0.4167;1.55
Case 15826;3;90;84.25;0.4166;1.552
Case 15827;3;90;84.23;0.4165;1.553
Case 15828;3;90;84.2;0.4164;1.554
Case 15829;3;90;84.17;0.4163;1.555
Case 15830;3;90;84.15;0.4162;1.557
Case 15831;3;90;84.11;0.4161;1.558
Case 15832;3;90;84.09;0.416;1.559
Case 15833;3;90;84.06;0.4159;1.56
Case 15834;3;90;84.03;0.4158;1.562
Case 15835;3;90;84;0.4157;1.563
Case 15836;3;90;83.98;0.4156;1.564
Case 15837;3;90;83.94;0.4155;1.565
Case 15838;3;90;83.92;0.4154;1.567
Case 15839;3;90;83.89;0.4153;1.568
Case 15840;3;90;83.86;0.4152;1.569
Case 15841;3;90;83.83;0.4151;1.57
Case 15842;3;90;83.81;0.415;1.571
Case 15843;3;90;83.78;0.4149;1.573
Case 15844;3;90;83.75;0.4148;1.574
Case 15845;3;90;83.72;0.4147;1.575
Case 15846;3;90;83.7;0.4146;1.576
Case 15847;3;90;83.66;0.4145;1.578
Case 15848;3;90;83.64;0.4144;1.579
Case 15849;3;90;83.61;0.4143;1.58
Case 15850;3;90;83.59;0.4142;1.581
Case 15851;3;90;83.55;0.4141;1.582
Case 15852;3;90;83.53;0.414;1.584
Case 15853;3;90;83.5;0.4139;1.585
Case 15854;3;90;83.48;0.4138;1.586
Case 15855;3;90;83.45;0.4137;1.587
Case 15856;3;90;83.42;0.4136;1.588
Case 15857;3;90;83.39;0.4135;1.59
Case 15858;3;90;83.37;0.4134;1.591
Case 15859;3;90;83.34;0.4133;1.592
Case 15860;3;90;83.31;0.4132;1.593
Case 15861;3;90;83.28;0.4131;1.594
Case 15862;3;90;83.26;0.413;1.596
Case 15863;3;90;83.23;0.4129;1.597
Case 15864;3;90;83.21;0.4128;1.598
Case 15865;3;90;83.18;0.4127;1.599
Case 15866;3;90;83.15;0.4126;1.6
Case 15867;3;90;83.12;0.4125;1.602
Case 15868;3;90;83.1;0.4124;1.603
Case 15869;3;90;83.07;0.4123;1.604
Case 15870;3;90;83.05;0.4122;1.605
Case 15871;3;90;83.02;0.4121;1.606
Case 15872;3;90;82.99;0.412;1.607
Case 15873;3;90;82.96;0.4119;1.609
Case 15874;3;90;82.94;0.4118;1.61
Case 15875;3;90;82.91;0.4117;1.611
Case 15876;3;90;82.89;0.4116;1.612
Case 15877;3;90;82.86;0.4115;1.613
Case 15878;3;90;82.84;0.4114;1.614
Case 15879;3;90;82.81;0.4113;1.616
Case 15880;3;90;82.78;0.4112;1.617
Case 15881;3;90;82.75;0.4111;1.618
Case 15882;3;90;82.73;0.411;1.619
Case 15883;3;90;82.7;0.4109;1.62
Case 15884;3;90;82.68;0.4108;1.621
Case 15885;3;90;82.65;0.4107;1.623
Case 15886;3;90;82.63;0.4106;1.624
Case 15887;3;90;82.6;0.4105;1.625
Case 15888;3;90;82.58;0.4104;1.626
Case 15889;3;90;82.55;0.4103;1.627
Case 15890;3;90;82.53;0.4102;1.628
Case 15891;3;90;82.49;0.4101;1.63
Case 15892;3;90;82.47;0.41;1.631
Case 15893;3;90;82.44;0.4099;1.632
Case 15894;3;90;82.42;0.4098;1.633
Case 15895;3;90;82.39;0.4097;1.634
Case 15896;3;90;82.37;0.4096;1.635
Case 15897;3;90;82.34;0.4095;1.636
Case 15898;3;90;82.32;0.4094;1.638
Case 15899;3;90;82.29;0.4093;1.639
Case 15900;3;90;82.27;0.4092;1.64
Case 15901;3;90;82.24;0.4091;1.641
Case 15902;3;90;82.22;0.409;1.642
Case 15903;3;90;82.19;0.4089;1.643
Case 15904;3;90;82.17;0.4088;1.644
Case 15905;3;90;82.14;0.4087;1.645
Case 15906;3;90;82.12;0.4086;1.647
Case 15907;3;90;82.09;0.4085;1.648
Case 15908;3;90;82.07;0.4084;1.649
Case 15909;3;90;82.04;0.4083;1.65
Case 15910;3;90;82.02;0.4082;1.651
Case 15911;3;90;81.99;0.4081;1.652
Case 15912;3;90;81.97;0.408;1.653
Case 15913;3;90;81.94;0.4079;1.654
Case 15914;3;90;81.92;0.4078;1.656
Case 15915;3;90;81.89;0.4077;1.657
Case 15916;3;90;81.87;0.4076;1.658
Case 15917;3;90;81.84;0.4075;1.659
Case 15918;3;90;81.82;0.4074;1.66
Case 15919;3;90;81.79;0.4073;1.661
Case 15920;3;90;81.77;0.4072;1.662
Case 15921;3;90;81.74;0.4071;1.663
Case 15922;3;90;81.72;0.407;1.664
Case 15923;3;90;81.69;0.4069;1.665
Case 15924;3;90;81.67;0.4068;1.667
Case 15925;3;90;81.64;0.4067;1.668
Case 15926;3;90;81.62;0.4066;1.669
Case 15927;3;90;81.59;0.4065;1.67
Case 15928;3;90;81.57;0.4064;1.671
Case 15929;3;90;81.54;0.4063;1.672
Case 15930;3;90;81.53;0.4062;1.673
Case 15931;3;90;81.5;0.4061;1.674
Case 15932;3;90;81.48;0.406;1.675
Case 15933;3;90;81.45;0.4059;1.676
Case 15934;3;90;81.43;0.4058;1.678
Case 15935;3;90;81.4;0.4057;1.679
Case 15936;3;90;81.38;0.4056;1.68
Case 15937;3;90;81.35;0.4055;1.681
Case 15938;3;90;81.33;0.4054;1.682
Case 15939;3;90;81.3;0.4053;1.683
Case 15940;3;90;81.29;0.4052;1.684
Case 15941;3;90;81.26;0.4051;1.685
Case 15942;3;90;81.23;0.405;1.686
Case 15943;3;90;81.21;0.4049;1.687
Case 15944;3;90;81.18;0.4048;1.688
Case 15945;3;90;81.16;0.4047;1.689
Case 15946;3;90;81.13;0.4046;1.69
Case 15947;3;90;81.12;0.4045;1.692
Case 15948;3;90;81.09;0.4044;1.693
Case 15949;3;90;81.07;0.4043;1.694
Case 15950;3;90;81.04;0.4042;1.695
Case 15951;3;90;81.02;0.4041;1.696
Case 15952;3;90;80.99;0.404;1.697
Case 15953;3;90;80.98;0.4039;1.698
Case 15954;3;90;80.95;0.4038;1.699
Case 15955;3;90;80.93;0.4037;1.7
Case 15956;3;90;80.9;0.4036;1.701
Case 15957;3;90;80.88;0.4035;1.702
Case 15958;3;90;80.85;0.4034;1.703
Case 15959;3;90;80.84;0.4033;1.704
Case 15960;3;90;80.81;0.4032;1.705
Case 15961;3;90;80.78;0.4031;1.706
Case 15962;3;90;80.76;0.403;1.707
Case 15963;3;90;80.73;0.4029;1.708
Case 15964;3;90;80.72;0.4028;1.709
Case 15965;3;90;80.69;0.4027;1.711
Case 15966;3;90;80.67;0.4026;1.712
Case 15967;3;90;80.64;0.4025;1.713
Case 15968;3;90;80.62;0.4024;1.714
Case 15969;3;90;80.6;0.4023;1.715
Case 15970;3;90;80.57;0.4022;1.716
Case 15971;3;90;80.55;0.4021;1.717
Case 15972;3;90;80.52;0.402;1.718
Case 15973;3;90;80.51;0.4019;1.719
Case 15974;3;90;80.48;0.4018;1.72
Case 15975;3;90;80.46;0.4017;1.721
Case 15976;3;90;80.43;0.4016;1.722
Case 15977;3;90;80.42;0.4015;1.723
Case 15978;3;90;80.39;0.4014;1.724
Case 15979;3;90;80.36;0.4013;1.725
Case 15980;3;90;80.34;0.4012;1.726
Case 15981;3;90;80.32;0.4011;1.727
Case 15982;3;90;80.3;0.401;1.728
Case 15983;3;90;80.27;0.4009;1.729
Case 15984;3;90;80.25;0.4008;1.73
Case 15985;3;90;80.23;0.4007;1.731
Case 15986;3;90;80.2;0.4006;1.732
Case 15987;3;90;80.18;0.4005;1.733
Case 15988;3;90;80.15;0.4004;1.734
Case 15989;3;90;80.14;0.4003;1.735
Case 15990;3;90;80.11;0.4002;1.736
Case 15991;3;90;80.09;0.4001;1.737
Case 15992;3;90;80.07;0.4;1.738
Case 15993;3;90;80.04;0.3999;1.739
Case 15994;3;90;80.02;0.3998;1.74
Case 15995;3;90;79.99;0.3997;1.741
Case 15996;3;90;79.98;0.3996;1.742
Case 15997;3;90;79.95;0.3995;1.743
Case 15998;3;90;79.94;0.3994;1.744
Case 15999;3;90;79.92;0.3993;1.745
Case 16000;3;90;79.89;0.3992;1.746
Case 16001;3;90;79.88;0.3991;1.747
Case 16002;3;90;79.85;0.399;1.748
Case 16003;3;90;79.84;0.3989;1.749
Case 16004;3;90;79.81;0.3988;1.75
Case 16005;3;90;79.79;0.3987;1.751
Case 16006;3;90;79.78;0.3986;1.752
Case 16007;3;90;79.75;0.3985;1.753
Case 16008;3;90;79.73;0.3984;1.754
Case 16009;3;90;79.71;0.3983;1.755
Case 16010;3;90;79.69;0.3982;1.756
Case 16011;3;90;79.67;0.3981;1.757
Case 16012;3;90;79.65;0.398;1.758
Case 16013;3;90;79.63;0.3979;1.759
Case 16014;3;90;79.61;0.3978;1.76
Case 16015;3;90;79.59;0.3977;1.761
Case 16016;3;90;79.57;0.3976;1.762
Case 16017;3;90;79.55;0.3975;1.763
Case 16018;3;90;79.53;0.3974;1.764
Case 16019;3;90;79.51;0.3973;1.765
Case 16020;3;90;79.49;0.3972;1.766
Case 16021;3;90;79.47;0.3971;1.767
Case 16022;3;90;79.45;0.397;1.768
Case 16023;3;90;79.43;0.3969;1.769
Case 16024;3;90;79.41;0.3968;1.77
Case 16025;3;90;79.39;0.3967;1.771
Case 16026;3;90;79.37;0.3966;1.772
Case 16027;3;90;79.36;0.3965;1.773
Case 16028;3;90;79.33;0.3964;1.774
Case 16029;3;90;79.31;0.3963;1.775
Case 16030;3;90;79.3;0.3962;1.776
Case 16031;3;90;79.27;0.3961;1.777
Case 16032;3;90;79.26;0.396;1.778
Case 16033;3;90;79.23;0.3959;1.779
Case 16034;3;90;79.22;0.3958;1.78
Case 16035;3;90;79.19;0.3957;1.781
Case 16036;3;90;79.18;0.3956;1.782
Case 16037;3;90;79.15;0.3955;1.783
Case 16038;3;90;79.14;0.3954;1.784
Case 16039;3;90;79.12;0.3953;1.785
Case 16040;3;90;79.09;0.3952;1.786
Case 16041;3;90;79.08;0.3951;1.787
Case 16042;3;90;79.06;0.395;1.788
Case 16043;3;90;79.04;0.3949;1.789
Case 16044;3;90;79.02;0.3948;1.79
Case 16045;3;90;79;0.3947;1.791
Case 16046;3;90;78.98;0.3946;1.791
Case 16047;3;90;78.96;0.3945;1.792
Case 16048;3;90;78.95;0.3944;1.793
Case 16049;3;90;78.92;0.3943;1.794
Case 16050;3;90;78.91;0.3942;1.795
Case 16051;3;90;78.88;0.3941;1.796
Case 16052;3;90;78.87;0.394;1.797
Case 16053;3;90;78.84;0.3939;1.798
Case 16054;3;90;78.83;0.3938;1.799
Case 16055;3;90;78.81;0.3937;1.8
Case 16056;3;90;78.79;0.3936;1.801
Case 16057;3;90;78.77;0.3935;1.802
Case 16058;3;90;78.75;0.3934;1.803
Case 16059;3;90;78.73;0.3933;1.804
Case 16060;3;90;78.71;0.3932;1.805
Case 16061;3;90;78.7;0.3931;1.806
Case 16062;3;90;78.67;0.393;1.807
Case 16063;3;90;78.66;0.3929;1.808
Case 16064;3;90;78.64;0.3928;1.809
Case 16065;3;90;78.61;0.3927;1.809
Case 16066;3;90;78.6;0.3926;1.81
Case 16067;3;90;78.58;0.3925;1.811
Case 16068;3;90;78.56;0.3924;1.812
Case 16069;3;90;78.54;0.3923;1.813
Case 16070;3;90;78.52;0.3922;1.814
Case 16071;3;90;78.5;0.3921;1.815
Case 16072;3;90;78.49;0.392;1.816
Case 16073;3;90;78.46;0.3919;1.817
Case 16074;3;90;78.45;0.3918;1.818
Case 16075;3;90;78.43;0.3917;1.819
Case 16076;3;90;78.41;0.3916;1.82
Case 16077;3;90;78.39;0.3915;1.821
Case 16078;3;90;78.37;0.3914;1.822
Case 16079;3;90;78.35;0.3913;1.822
Case 16080;3;90;78.34;0.3912;1.823
Case 16081;3;90;78.31;0.3911;1.824
Case 16082;3;90;78.3;0.391;1.825
Case 16083;3;90;78.28;0.3909;1.826
Case 16084;3;90;78.26;0.3908;1.827
Case 16085;3;90;78.25;0.3907;1.828
Case 16086;3;90;78.22;0.3906;1.829
Case 16087;3;90;78.21;0.3905;1.83
Case 16088;3;90;78.19;0.3904;1.831
Case 16089;3;90;78.16;0.3903;1.832
Case 16090;3;90;78.15;0.3902;1.833
Case 16091;3;90;78.13;0.3901;1.834
Case 16092;3;90;78.11;0.39;1.834
Case 16093;3;90;78.1;0.3899;1.835
Case 16094;3;90;78.08;0.3898;1.836
Case 16095;3;90;78.05;0.3897;1.837
Case 16096;3;90;78.05;0.3896;1.838
Case 16097;3;90;78.02;0.3895;1.839
Case 16098;3;90;78.01;0.3894;1.84
Case 16099;3;90;77.99;0.3893;1.841
Case 16100;3;90;77.97;0.3892;1.842
Case 16101;3;90;77.96;0.3891;1.843
Case 16102;3;90;77.93;0.389;1.843
Case 16103;3;90;77.92;0.3889;1.844
Case 16104;3;90;77.9;0.3888;1.845
Case 16105;3;90;77.87;0.3887;1.846
Case 16106;3;90;77.86;0.3886;1.847
Case 16107;3;90;77.84;0.3885;1.848
Case 16108;3;90;77.83;0.3884;1.849
Case 16109;3;90;77.8;0.3883;1.85
Case 16110;3;90;77.79;0.3882;1.851
Case 16111;3;90;77.77;0.3881;1.852
Case 16112;3;90;77.76;0.388;1.852
Case 16113;3;90;77.74;0.3879;1.853
Case 16114;3;90;77.71;0.3878;1.854
Case 16115;3;90;77.7;0.3877;1.855
Case 16116;3;90;77.68;0.3876;1.856
Case 16117;3;90;77.67;0.3875;1.857
Case 16118;3;90;77.65;0.3874;1.858
Case 16119;3;90;77.62;0.3873;1.859
Case 16120;3;90;77.61;0.3872;1.86
Case 16121;3;90;77.59;0.3871;1.86
Case 16122;3;90;77.57;0.387;1.861
Case 16123;3;90;77.56;0.3869;1.862
Case 16124;3;90;77.54;0.3868;1.863
Case 16125;3;90;77.52;0.3867;1.864
Case 16126;3;90;77.5;0.3866;1.865
Case 16127;3;90;77.49;0.3865;1.866
Case 16128;3;90;77.46;0.3864;1.867
Case 16129;3;90;77.45;0.3863;1.868
Case 16130;3;90;77.43;0.3862;1.868
Case 16131;3;90;77.41;0.3861;1.869
Case 16132;3;90;77.4;0.386;1.87
Case 16133;3;90;77.38;0.3859;1.871
Case 16134;3;90;77.36;0.3858;1.872
Case 16135;3;90;77.34;0.3857;1.873
Case 16136;3;90;77.33;0.3856;1.874
Case 16137;3;90;77.3;0.3855;1.875
Case 16138;3;90;77.29;0.3854;1.875
Case 16139;3;90;77.27;0.3853;1.876
Case 16140;3;90;77.26;0.3852;1.877
Case 16141;3;90;77.23;0.3851;1.878
Case 16142;3;90;77.22;0.385;1.879
Case 16143;3;90;77.2;0.3849;1.88
Case 16144;3;90;77.19;0.3848;1.881
Case 16145;3;90;77.16;0.3847;1.881
Case 16146;3;90;77.15;0.3846;1.882
Case 16147;3;90;77.13;0.3845;1.883
Case 16148;3;90;77.12;0.3844;1.884
Case 16149;3;90;77.09;0.3843;1.885
Case 16150;3;90;77.08;0.3842;1.886
Case 16151;3;90;77.06;0.3841;1.887
Case 16152;3;90;77.05;0.384;1.888
Case 16153;3;90;77.03;0.3839;1.888
Case 16154;3;90;77.02;0.3838;1.889
Case 16155;3;90;76.99;0.3837;1.89
Case 16156;3;90;76.98;0.3836;1.891
Case 16157;3;90;76.96;0.3835;1.892
Case 16158;3;90;76.95;0.3834;1.893
Case 16159;3;90;76.92;0.3833;1.894
Case 16160;3;90;76.91;0.3832;1.894
Case 16161;3;90;76.89;0.3831;1.895
Case 16162;3;90;76.88;0.383;1.896
Case 16163;3;90;76.86;0.3829;1.897
Case 16164;3;90;76.85;0.3828;1.898
Case 16165;3;90;76.82;0.3827;1.899
Case 16166;3;90;76.81;0.3826;1.899
Case 16167;3;90;76.79;0.3825;1.9
Case 16168;3;90;76.78;0.3824;1.901
Case 16169;3;90;76.75;0.3823;1.902
Case 16170;3;90;76.74;0.3822;1.903
Case 16171;3;90;76.73;0.3821;1.904
Case 16172;3;90;76.71;0.382;1.905
Case 16173;3;90;76.68;0.3819;1.905
Case 16174;3;90;76.67;0.3818;1.906
Case 16175;3;90;76.66;0.3817;1.907
Case 16176;3;90;76.64;0.3816;1.908
Case 16177;3;90;76.62;0.3815;1.909
Case 16178;3;90;76.61;0.3814;1.91
Case 16179;3;90;76.58;0.3813;1.91
Case 16180;3;90;76.57;0.3812;1.911
Case 16181;3;90;76.56;0.3811;1.912
Case 16182;3;90;76.54;0.381;1.913
Case 16183;3;90;76.51;0.3809;1.914
Case 16184;3;90;76.5;0.3808;1.915
Case 16185;3;90;76.49;0.3807;1.915
Case 16186;3;90;76.47;0.3806;1.916
Case 16187;3;90;76.45;0.3805;1.917
Case 16188;3;90;76.44;0.3804;1.918
Case 16189;3;90;76.42;0.3803;1.919
Case 16190;3;90;76.4;0.3802;1.92
Case 16191;3;90;76.38;0.3801;1.92
Case 16192;3;90;76.37;0.38;1.921
Case 16193;3;90;76.35;0.3799;1.922
Case 16194;3;90;76.34;0.3798;1.923
Case 16195;3;90;76.32;0.3797;1.924
Case 16196;3;90;76.3;0.3796;1.925
Case 16197;3;90;76.28;0.3795;1.925
Case 16198;3;90;76.27;0.3794;1.926
Case 16199;3;90;76.25;0.3793;1.927
Case 16200;3;90;76.24;0.3792;1.928
Case 16201;3;90;76.22;0.3791;1.929
Case 16202;3;90;76.2;0.379;1.93
Case 16203;3;90;76.18;0.3789;1.93
Case 16204;3;90;76.17;0.3788;1.931
Case 16205;3;90;76.15;0.3787;1.932
Case 16206;3;90;76.14;0.3786;1.933
Case 16207;3;90;76.12;0.3785;1.934
Case 16208;3;90;76.1;0.3784;1.934
Case 16209;3;90;76.08;0.3783;1.935
Case 16210;3;90;76.07;0.3782;1.936
Case 16211;3;90;76.05;0.3781;1.937
Case 16212;3;90;76.04;0.378;1.938
Case 16213;3;90;76.02;0.3779;1.938
Case 16214;3;90;76;0.3778;1.939
Case 16215;3;90;75.99;0.3777;1.94
Case 16216;3;90;75.97;0.3776;1.941
Case 16217;3;90;75.96;0.3775;1.942
Case 16218;3;90;75.94;0.3774;1.943
Case 16219;3;90;75.91;0.3773;1.943
Case 16220;3;90;75.9;0.3772;1.944
Case 16221;3;90;75.89;0.3771;1.945
Case 16222;3;90;75.87;0.377;1.946
Case 16223;3;90;75.86;0.3769;1.947
Case 16224;3;90;75.84;0.3768;1.947
Case 16225;3;90;75.82;0.3767;1.948
Case 16226;3;90;75.81;0.3766;1.949
Case 16227;3;90;75.79;0.3765;1.95
Case 16228;3;90;75.77;0.3764;1.951
Case 16229;3;90;75.76;0.3763;1.951
Case 16230;3;90;75.74;0.3762;1.952
Case 16231;3;90;75.73;0.3761;1.953
Case 16232;3;90;75.71;0.376;1.954
Case 16233;3;90;75.69;0.3759;1.955
Case 16234;3;90;75.68;0.3758;1.955
Case 16235;3;90;75.66;0.3757;1.956
Case 16236;3;90;75.64;0.3756;1.957
Case 16237;3;90;75.63;0.3755;1.958
Case 16238;3;90;75.61;0.3754;1.959
Case 16239;3;90;75.6;0.3753;1.959
Case 16240;3;90;75.58;0.3752;1.96
Case 16241;3;90;75.57;0.3751;1.961
Case 16242;3;90;75.55;0.375;1.962
Case 16243;3;90;75.53;0.3749;1.963
Case 16244;3;90;75.52;0.3748;1.963
Case 16245;3;90;75.5;0.3747;1.964
Case 16246;3;90;75.48;0.3746;1.965
Case 16247;3;90;75.47;0.3745;1.966
Case 16248;3;90;75.45;0.3744;1.966
Case 16249;3;90;75.44;0.3743;1.967
Case 16250;3;90;75.42;0.3742;1.968
Case 16251;3;90;75.4;0.3741;1.969
Case 16252;3;90;75.39;0.374;1.97
Case 16253;3;90;75.37;0.3739;1.97
Case 16254;3;90;75.35;0.3738;1.971
Case 16255;3;90;75.34;0.3737;1.972
Case 16256;3;90;75.32;0.3736;1.973
Case 16257;3;90;75.31;0.3735;1.974
Case 16258;3;90;75.29;0.3734;1.974
Case 16259;3;90;75.27;0.3733;1.975
Case 16260;3;90;75.26;0.3732;1.976
Case 16261;3;90;75.24;0.3731;1.977
Case 16262;3;90;75.22;0.373;1.977
Case 16263;3;90;75.21;0.3729;1.978
Case 16264;3;90;75.19;0.3728;1.979
Case 16265;3;90;75.18;0.3727;1.98
Case 16266;3;90;75.16;0.3726;1.981
Case 16267;3;90;75.15;0.3725;1.981
Case 16268;3;90;75.13;0.3724;1.982
Case 16269;3;90;75.11;0.3723;1.983
Case 16270;3;90;75.1;0.3722;1.984
Case 16271;3;90;75.08;0.3721;1.984
Case 16272;3;90;75.07;0.372;1.985
Case 16273;3;90;75.05;0.3719;1.986
Case 16274;3;90;75.03;0.3718;1.987
Case 16275;3;90;75.02;0.3717;1.988
Case 16276;3;90;75.01;0.3716;1.988
Case 16277;3;90;74.98;0.3715;1.989
Case 16278;3;90;74.97;0.3714;1.99
Case 16279;3;90;74.96;0.3713;1.991
Case 16280;3;90;74.94;0.3712;1.991
Case 16281;3;90;74.92;0.3711;1.992
Case 16282;3;90;74.91;0.371;1.993
Case 16283;3;90;74.89;0.3709;1.994
Case 16284;3;90;74.87;0.3708;1.994
Case 16285;3;90;74.86;0.3707;1.995
Case 16286;3;90;74.84;0.3706;1.996
Case 16287;3;90;74.83;0.3705;1.997
Case 16288;3;90;74.81;0.3704;1.997
Case 16289;3;90;74.8;0.3703;1.998
Case 16290;3;90;74.78;0.3702;1.999
Case 16291;3;90;74.76;0.3701;2
Case 16292;3;90;74.75;0.37;2.001
Case 16293;3;90;74.73;0.3699;2.001
Case 16294;3;90;74.72;0.3698;2.002
Case 16295;3;90;74.7;0.3697;2.003
Case 16296;3;90;74.69;0.3696;2.004
Case 16297;3;90;74.67;0.3695;2.004
Case 16298;3;90;74.65;0.3694;2.005
Case 16299;3;90;74.64;0.3693;2.006
Case 16300;3;90;74.62;0.3692;2.007
Case 16301;3;90;74.61;0.3691;2.007
Case 16302;3;90;74.59;0.369;2.008
Case 16303;3;90;74.58;0.3689;2.009
Case 16304;3;90;74.56;0.3688;2.01
Case 16305;3;90;74.54;0.3687;2.01
Case 16306;3;90;74.53;0.3686;2.011
Case 16307;3;90;74.52;0.3685;2.012
Case 16308;3;90;74.5;0.3684;2.013
Case 16309;3;90;74.49;0.3683;2.013
Case 16310;3;90;74.47;0.3682;2.014
Case 16311;3;90;74.45;0.3681;2.015
Case 16312;3;90;74.44;0.368;2.016
Case 16313;3;90;74.42;0.3679;2.016
Case 16314;3;90;74.4;0.3678;2.017
Case 16315;3;90;74.39;0.3677;2.018
Case 16316;3;90;74.38;0.3676;2.019
Case 16317;3;90;74.36;0.3675;2.019
Case 16318;3;90;74.35;0.3674;2.02
Case 16319;3;90;74.33;0.3673;2.021
Case 16320;3;90;74.31;0.3672;2.022
Case 16321;3;90;74.3;0.3671;2.022
Case 16322;3;90;74.28;0.367;2.023
Case 16323;3;90;74.26;0.3669;2.024
Case 16324;3;90;74.26;0.3668;2.024
Case 16325;3;90;74.24;0.3667;2.025
Case 16326;3;90;74.22;0.3666;2.026
Case 16327;3;90;74.21;0.3665;2.027
Case 16328;3;90;74.19;0.3664;2.027
Case 16329;3;90;74.18;0.3663;2.028
Case 16330;3;90;74.16;0.3662;2.029
Case 16331;3;90;74.15;0.3661;2.03
Case 16332;3;90;74.13;0.366;2.03
Case 16333;3;90;74.12;0.3659;2.031
Case 16334;3;90;74.1;0.3658;2.032
Case 16335;3;90;74.08;0.3657;2.033
Case 16336;3;90;74.07;0.3656;2.033
Case 16337;3;90;74.05;0.3655;2.034
Case 16338;3;90;74.04;0.3654;2.035
Case 16339;3;90;74.02;0.3653;2.035
Case 16340;3;90;74.01;0.3652;2.036
Case 16341;3;90;73.99;0.3651;2.037
Case 16342;3;90;73.97;0.365;2.038
Case 16343;3;90;73.96;0.3649;2.038
Case 16344;3;90;73.95;0.3648;2.039
Case 16345;3;90;73.93;0.3647;2.04
Case 16346;3;90;73.92;0.3646;2.041
Case 16347;3;90;73.9;0.3645;2.041
Case 16348;3;90;73.88;0.3644;2.042
Case 16349;3;90;73.87;0.3643;2.043
Case 16350;3;90;73.86;0.3642;2.043
Case 16351;3;90;73.84;0.3641;2.044
Case 16352;3;90;73.82;0.364;2.045
Case 16353;3;90;73.81;0.3639;2.046
Case 16354;3;90;73.79;0.3638;2.046
Case 16355;3;90;73.78;0.3637;2.047
Case 16356;3;90;73.76;0.3636;2.048
Case 16357;3;90;73.75;0.3635;2.049
Case 16358;3;90;73.73;0.3634;2.049
Case 16359;3;90;73.72;0.3633;2.05
Case 16360;3;90;73.7;0.3632;2.051
Case 16361;3;90;73.68;0.3631;2.051
Case 16362;3;90;73.67;0.363;2.052
Case 16363;3;90;73.66;0.3629;2.053
Case 16364;3;90;73.64;0.3628;2.054
Case 16365;3;90;73.63;0.3627;2.054
Case 16366;3;90;73.61;0.3626;2.055
Case 16367;3;90;73.59;0.3625;2.056
Case 16368;3;90;73.58;0.3624;2.056
Case 16369;3;90;73.57;0.3623;2.057
Case 16370;3;90;73.55;0.3622;2.058
Case 16371;3;90;73.53;0.3621;2.059
Case 16372;3;90;73.52;0.362;2.059
Case 16373;3;90;73.5;0.3619;2.06
Case 16374;3;90;73.49;0.3618;2.061
Case 16375;3;90;73.48;0.3617;2.061
Case 16376;3;90;73.46;0.3616;2.062
Case 16377;3;90;73.44;0.3615;2.063
Case 16378;3;90;73.43;0.3614;2.064
Case 16379;3;90;73.42;0.3613;2.064
Case 16380;3;90;73.4;0.3612;2.065
Case 16381;3;90;73.38;0.3611;2.066
Case 16382;3;90;73.37;0.361;2.066
Case 16383;3;90;73.35;0.3609;2.067
Case 16384;3;90;73.34;0.3608;2.068
Case 16385;3;90;73.32;0.3607;2.068
Case 16386;3;90;73.31;0.3606;2.069
Case 16387;3;90;73.29;0.3605;2.07
Case 16388;3;90;73.28;0.3604;2.071
Case 16389;3;90;73.26;0.3603;2.071
Case 16390;3;90;73.24;0.3602;2.072
Case 16391;3;90;73.23;0.3601;2.073
Case 16392;3;90;73.22;0.36;2.073
Case 16393;3;90;73.2;0.3599;2.074
Case 16394;3;90;73.19;0.3598;2.075
Case 16395;3;90;73.17;0.3597;2.075
Case 16396;3;90;73.16;0.3596;2.076
Case 16397;3;90;73.14;0.3595;2.077
Case 16398;3;90;73.13;0.3594;2.078
Case 16399;3;90;73.11;0.3593;2.078
Case 16400;3;90;73.09;0.3592;2.079
Case 16401;3;90;73.08;0.3591;2.08
Case 16402;3;90;73.07;0.359;2.08
Case 16403;3;90;73.05;0.3589;2.081
Case 16404;3;90;73.04;0.3588;2.082
Case 16405;3;90;73.02;0.3587;2.082
Case 16406;3;90;73.01;0.3586;2.083
Case 16407;3;90;72.99;0.3585;2.084
Case 16408;3;90;72.98;0.3584;2.084
Case 16409;3;90;72.96;0.3583;2.085
Case 16410;3;90;72.94;0.3582;2.086
Case 16411;3;90;72.93;0.3581;2.087
Case 16412;3;90;72.92;0.358;2.087
Case 16413;3;90;72.9;0.3579;2.088
Case 16414;3;90;72.89;0.3578;2.089
Case 16415;3;90;72.87;0.3577;2.089
Case 16416;3;90;72.86;0.3576;2.09
Case 16417;3;90;72.85;0.3575;2.091
Case 16418;3;90;72.83;0.3574;2.091
Case 16419;3;90;72.81;0.3573;2.092
Case 16420;3;90;72.8;0.3572;2.093
Case 16421;3;90;72.79;0.3571;2.093
Case 16422;3;90;72.77;0.357;2.094
Case 16423;3;90;72.75;0.3569;2.095
Case 16424;3;90;72.74;0.3568;2.095
Case 16425;3;90;72.72;0.3567;2.096
Case 16426;3;90;72.71;0.3566;2.097
Case 16427;3;90;72.7;0.3565;2.098
Case 16428;3;90;72.68;0.3564;2.098
Case 16429;3;90;72.66;0.3563;2.099
Case 16430;3;90;72.65;0.3562;2.1
Case 16431;3;90;72.64;0.3561;2.1
Case 16432;3;90;72.62;0.356;2.101
Case 16433;3;90;72.6;0.3559;2.102
Case 16434;3;90;72.59;0.3558;2.102
Case 16435;3;90;72.58;0.3557;2.103
Case 16436;3;90;72.56;0.3556;2.104
Case 16437;3;90;72.55;0.3555;2.104
Case 16438;3;90;72.53;0.3554;2.105
Case 16439;3;90;72.52;0.3553;2.106
Case 16440;3;90;72.5;0.3552;2.106
Case 16441;3;90;72.49;0.3551;2.107
Case 16442;3;90;72.47;0.355;2.108
Case 16443;3;90;72.45;0.3549;2.108
Case 16444;3;90;72.44;0.3548;2.109
Case 16445;3;90;72.43;0.3547;2.11
Case 16446;3;90;72.41;0.3546;2.11
Case 16447;3;90;72.4;0.3545;2.111
Case 16448;3;90;72.38;0.3544;2.112
Case 16449;3;90;72.37;0.3543;2.112
Case 16450;3;90;72.35;0.3542;2.113
Case 16451;3;90;72.34;0.3541;2.114
Case 16452;3;90;72.33;0.354;2.114
Case 16453;3;90;72.31;0.3539;2.115
Case 16454;3;90;72.29;0.3538;2.116
Case 16455;3;90;72.28;0.3537;2.116
Case 16456;3;90;72.26;0.3536;2.117
Case 16457;3;90;72.25;0.3535;2.118
Case 16458;3;90;72.24;0.3534;2.118
Case 16459;3;90;72.22;0.3533;2.119
Case 16460;3;90;72.2;0.3532;2.12
Case 16461;3;90;72.19;0.3531;2.12
Case 16462;3;90;72.18;0.353;2.121
Case 16463;3;90;72.16;0.3529;2.122
Case 16464;3;90;72.14;0.3528;2.122
Case 16465;3;90;72.13;0.3527;2.123
Case 16466;3;90;72.12;0.3526;2.124
Case 16467;3;90;72.1;0.3525;2.124
Case 16468;3;90;72.09;0.3524;2.125
Case 16469;3;90;72.07;0.3523;2.126
Case 16470;3;90;72.06;0.3522;2.126
Case 16471;3;90;72.04;0.3521;2.127
Case 16472;3;90;72.03;0.352;2.128
Case 16473;3;90;72.02;0.3519;2.128
Case 16474;3;90;72;0.3518;2.129
Case 16475;3;90;71.98;0.3517;2.13
Case 16476;3;90;71.97;0.3516;2.13
Case 16477;3;90;71.95;0.3515;2.131
Case 16478;3;90;71.94;0.3514;2.132
Case 16479;3;90;71.93;0.3513;2.132
Case 16480;3;90;71.91;0.3512;2.133
Case 16481;3;90;71.89;0.3511;2.134
Case 16482;3;90;71.88;0.351;2.134
Case 16483;3;90;71.87;0.3509;2.135
Case 16484;3;90;71.85;0.3508;2.136
Case 16485;3;90;71.83;0.3507;2.136
Case 16486;3;90;71.82;0.3506;2.137
Case 16487;3;90;71.81;0.3505;2.137
Case 16488;3;90;71.79;0.3504;2.138
Case 16489;3;90;71.78;0.3503;2.139
Case 16490;3;90;71.76;0.3502;2.139
Case 16491;3;90;71.75;0.3501;2.14
Case 16492;3;90;71.73;0.35;2.141
Case 16493;3;90;71.72;0.3499;2.141
Case 16494;3;90;71.71;0.3498;2.142
Case 16495;3;90;71.69;0.3497;2.143
Case 16496;3;90;71.67;0.3496;2.143
Case 16497;3;90;71.66;0.3495;2.144
Case 16498;3;90;71.64;0.3494;2.145
Case 16499;3;90;71.63;0.3493;2.145
Case 16500;3;90;71.62;0.3492;2.146
Case 16501;3;90;71.6;0.3491;2.147
Case 16502;3;90;71.59;0.349;2.147
Case 16503;3;90;71.57;0.3489;2.148
Case 16504;3;90;71.56;0.3488;2.148
Case 16505;3;90;71.54;0.3487;2.149
Case 16506;3;90;71.53;0.3486;2.15
Case 16507;3;90;71.52;0.3485;2.15
Case 16508;3;90;71.5;0.3484;2.151
Case 16509;3;90;71.48;0.3483;2.152
Case 16510;3;90;71.47;0.3482;2.152
Case 16511;3;90;71.46;0.3481;2.153
Case 16512;3;90;71.44;0.348;2.154
Case 16513;3;90;71.43;0.3479;2.154
Case 16514;3;90;71.41;0.3478;2.155
Case 16515;3;90;71.4;0.3477;2.156
Case 16516;3;90;71.38;0.3476;2.156
Case 16517;3;90;71.37;0.3475;2.157
Case 16518;3;90;71.36;0.3474;2.157
Case 16519;3;90;71.34;0.3473;2.158
Case 16520;3;90;71.32;0.3472;2.159
Case 16521;3;90;71.31;0.3471;2.159
Case 16522;3;90;71.29;0.347;2.16
Case 16523;3;90;71.28;0.3469;2.161
Case 16524;3;90;71.27;0.3468;2.161
Case 16525;3;90;71.25;0.3467;2.162
Case 16526;3;90;71.24;0.3466;2.162
Case 16527;3;90;71.22;0.3465;2.163
Case 16528;3;90;71.21;0.3464;2.164
Case 16529;3;90;71.19;0.3463;2.164
Case 16530;3;90;71.17;0.3462;2.165
Case 16531;3;90;71.16;0.3461;2.166
Case 16532;3;90;71.15;0.346;2.166
Case 16533;3;90;71.13;0.3459;2.167
Case 16534;3;90;71.12;0.3458;2.168
Case 16535;3;90;71.11;0.3457;2.168
Case 16536;3;90;71.09;0.3456;2.169
Case 16537;3;90;71.07;0.3455;2.169
Case 16538;3;90;71.06;0.3454;2.17
Case 16539;3;90;71.05;0.3453;2.171
Case 16540;3;90;71.03;0.3452;2.171
Case 16541;3;90;71.01;0.3451;2.172
Case 16542;3;90;71;0.345;2.173
Case 16543;3;90;70.99;0.3449;2.173
Case 16544;3;90;70.97;0.3448;2.174
Case 16545;3;90;70.96;0.3447;2.174
Case 16546;3;90;70.95;0.3446;2.175
Case 16547;3;90;70.93;0.3445;2.176
Case 16548;3;90;70.91;0.3444;2.176
Case 16549;3;90;70.9;0.3443;2.177
Case 16550;3;90;70.89;0.3442;2.178
Case 16551;3;90;70.87;0.3441;2.178
Case 16552;3;90;70.85;0.344;2.179
Case 16553;3;90;70.84;0.3439;2.179
Case 16554;3;90;70.83;0.3438;2.18
Case 16555;3;90;70.81;0.3437;2.181
Case 16556;3;90;70.8;0.3436;2.181
Case 16557;3;90;70.78;0.3435;2.182
Case 16558;3;90;70.77;0.3434;2.182
Case 16559;3;90;70.75;0.3433;2.183
Case 16560;3;90;70.74;0.3432;2.184
Case 16561;3;90;70.73;0.3431;2.184
Case 16562;3;90;70.71;0.343;2.185
Case 16563;3;90;70.69;0.3429;2.186
Case 16564;3;90;70.68;0.3428;2.186
Case 16565;3;90;70.66;0.3427;2.187
Case 16566;3;90;70.65;0.3426;2.187
Case 16567;3;90;70.64;0.3425;2.188
Case 16568;3;90;70.62;0.3424;2.189
Case 16569;3;90;70.61;0.3423;2.189
Case 16570;3;90;70.59;0.3422;2.19
Case 16571;3;90;70.58;0.3421;2.19
Case 16572;3;90;70.56;0.342;2.191
Case 16573;3;90;70.54;0.3419;2.192
Case 16574;3;90;70.53;0.3418;2.192
Case 16575;3;90;70.52;0.3417;2.193
Case 16576;3;90;70.5;0.3416;2.194
Case 16577;3;90;70.49;0.3415;2.194
Case 16578;3;90;70.48;0.3414;2.195
Case 16579;3;90;70.46;0.3413;2.195
Case 16580;3;90;70.45;0.3412;2.196
Case 16581;3;90;70.43;0.3411;2.197
Case 16582;3;90;70.42;0.341;2.197
Case 16583;3;90;70.4;0.3409;2.198
Case 16584;3;90;70.38;0.3408;2.198
Case 16585;3;90;70.37;0.3407;2.199
Case 16586;3;90;70.36;0.3406;2.2
Case 16587;3;90;70.34;0.3405;2.2
Case 16588;3;90;70.33;0.3404;2.201
Case 16589;3;90;70.32;0.3403;2.201
Case 16590;3;90;70.3;0.3402;2.202
Case 16591;3;90;70.29;0.3401;2.203
Case 16592;3;90;70.27;0.34;2.203
Case 16593;3;90;70.26;0.3399;2.204
Case 16594;3;90;70.24;0.3398;2.204
Case 16595;3;90;70.23;0.3397;2.205
Case 16596;3;90;70.22;0.3396;2.206
Case 16597;3;90;70.2;0.3395;2.206
Case 16598;3;90;70.18;0.3394;2.207
Case 16599;3;90;70.17;0.3393;2.207
Case 16600;3;90;70.15;0.3392;2.208
Case 16601;3;90;70.14;0.3391;2.209
Case 16602;3;90;70.13;0.339;2.209
Case 16603;3;90;70.11;0.3389;2.21
Case 16604;3;90;70.1;0.3388;2.21
Case 16605;3;90;70.08;0.3387;2.211
Case 16606;3;90;70.07;0.3386;2.212
Case 16607;3;90;70.05;0.3385;2.212
Case 16608;3;90;70.03;0.3384;2.213
Case 16609;3;90;70.02;0.3383;2.213
Case 16610;3;90;70.01;0.3382;2.214
Case 16611;3;90;69.99;0.3381;2.215
Case 16612;3;90;69.98;0.338;2.215
Case 16613;3;90;69.97;0.3379;2.216
Case 16614;3;90;69.96;0.3378;2.216
Case 16615;3;90;69.94;0.3377;2.217
Case 16616;3;90;69.93;0.3376;2.218
Case 16617;3;90;69.91;0.3375;2.218
Case 16618;3;90;69.9;0.3374;2.219
Case 16619;3;90;69.89;0.3373;2.219
Case 16620;3;90;69.88;0.3372;2.22
Case 16621;3;90;69.86;0.3371;2.221
Case 16622;3;90;69.84;0.337;2.221
Case 16623;3;90;69.83;0.3369;2.222
Case 16624;3;90;69.82;0.3368;2.222
Case 16625;3;90;69.81;0.3367;2.223
Case 16626;3;90;69.79;0.3366;2.224
Case 16627;3;90;69.78;0.3365;2.224
Case 16628;3;90;69.77;0.3364;2.225
Case 16629;3;90;69.76;0.3363;2.225
Case 16630;3;90;69.74;0.3362;2.226
Case 16631;3;90;69.73;0.3361;2.226
Case 16632;3;90;69.72;0.336;2.227
Case 16633;3;90;69.7;0.3359;2.228
Case 16634;3;90;69.69;0.3358;2.228
Case 16635;3;90;69.68;0.3357;2.229
Case 16636;3;90;69.67;0.3356;2.229
Case 16637;3;90;69.65;0.3355;2.23
Case 16638;3;90;69.63;0.3354;2.231
Case 16639;3;90;69.62;0.3353;2.231
Case 16640;3;90;69.61;0.3352;2.232
Case 16641;3;90;69.6;0.3351;2.232
Case 16642;3;90;69.58;0.335;2.233
Case 16643;3;90;69.57;0.3349;2.233
Case 16644;3;90;69.56;0.3348;2.234
Case 16645;3;90;69.54;0.3347;2.235
Case 16646;3;90;69.53;0.3346;2.235
Case 16647;3;90;69.52;0.3345;2.236
Case 16648;3;90;69.5;0.3344;2.236
Case 16649;3;90;69.49;0.3343;2.237
Case 16650;3;90;69.48;0.3342;2.238
Case 16651;3;90;69.47;0.3341;2.238
Case 16652;3;90;69.45;0.334;2.239
Case 16653;3;90;69.43;0.3339;2.239
Case 16654;3;90;69.42;0.3338;2.24
Case 16655;3;90;69.41;0.3337;2.24
Case 16656;3;90;69.4;0.3336;2.241
Case 16657;3;90;69.38;0.3335;2.242
Case 16658;3;90;69.37;0.3334;2.242
Case 16659;3;90;69.36;0.3333;2.243
Case 16660;3;90;69.35;0.3332;2.243
Case 16661;3;90;69.33;0.3331;2.244
Case 16662;3;90;69.32;0.333;2.244
Case 16663;3;90;69.31;0.3329;2.245
Case 16664;3;90;69.29;0.3328;2.246
Case 16665;3;90;69.28;0.3327;2.246
Case 16666;3;90;69.27;0.3326;2.247
Case 16667;3;90;69.26;0.3325;2.247
Case 16668;3;90;69.24;0.3324;2.248
Case 16669;3;90;69.22;0.3323;2.248
Case 16670;3;90;69.21;0.3322;2.249
Case 16671;3;90;69.2;0.3321;2.25
Case 16672;3;90;69.19;0.332;2.25
Case 16673;3;90;69.18;0.3319;2.251
Case 16674;3;90;69.16;0.3318;2.251
Case 16675;3;90;69.15;0.3317;2.252
Case 16676;3;90;69.14;0.3316;2.252
Case 16677;3;90;69.13;0.3315;2.253
Case 16678;3;90;69.11;0.3314;2.254
Case 16679;3;90;69.1;0.3313;2.254
Case 16680;3;90;69.09;0.3312;2.255
Case 16681;3;90;69.08;0.3311;2.255
Case 16682;3;90;69.06;0.331;2.256
Case 16683;3;90;69.05;0.3309;2.256
Case 16684;3;90;69.04;0.3308;2.257
Case 16685;3;90;69.02;0.3307;2.258
Case 16686;3;90;69.01;0.3306;2.258
Case 16687;3;90;69;0.3305;2.259
Case 16688;3;90;68.99;0.3304;2.259
Case 16689;3;90;68.97;0.3303;2.26
Case 16690;3;90;68.95;0.3302;2.26
Case 16691;3;90;68.94;0.3301;2.261
Case 16692;3;90;68.93;0.33;2.262
Case 16693;3;90;68.92;0.3299;2.262
Case 16694;3;90;68.9;0.3298;2.263
Case 16695;3;90;68.89;0.3297;2.263
Case 16696;3;90;68.88;0.3296;2.264
Case 16697;3;90;68.87;0.3295;2.264
Case 16698;3;90;68.85;0.3294;2.265
Case 16699;3;90;68.84;0.3293;2.265
Case 16700;3;90;68.83;0.3292;2.266
Case 16701;3;90;68.82;0.3291;2.267
Case 16702;3;90;68.8;0.329;2.267
Case 16703;3;90;68.79;0.3289;2.268
Case 16704;3;90;68.78;0.3288;2.268
Case 16705;3;90;68.77;0.3287;2.269
Case 16706;3;90;68.75;0.3286;2.269
Case 16707;3;90;68.73;0.3285;2.27
Case 16708;3;90;68.72;0.3284;2.27
Case 16709;3;90;68.71;0.3283;2.271
Case 16710;3;90;68.7;0.3282;2.272
Case 16711;3;90;68.68;0.3281;2.272
Case 16712;3;90;68.67;0.328;2.273
Case 16713;3;90;68.66;0.3279;2.273
Case 16714;3;90;68.65;0.3278;2.274
Case 16715;3;90;68.63;0.3277;2.274
Case 16716;3;90;68.62;0.3276;2.275
Case 16717;3;90;68.61;0.3275;2.275
Case 16718;3;90;68.59;0.3274;2.276
Case 16719;3;90;68.58;0.3273;2.277
Case 16720;3;90;68.57;0.3272;2.277
Case 16721;3;90;68.56;0.3271;2.278
Case 16722;3;90;68.55;0.327;2.278
Case 16723;3;90;68.53;0.3269;2.279
Case 16724;3;90;68.51;0.3268;2.279
Case 16725;3;90;68.5;0.3267;2.28
Case 16726;3;90;68.49;0.3266;2.28
Case 16727;3;90;68.48;0.3265;2.281
Case 16728;3;90;68.46;0.3264;2.282
Case 16729;3;90;68.45;0.3263;2.282
Case 16730;3;90;68.44;0.3262;2.283
Case 16731;3;90;68.43;0.3261;2.283
Case 16732;3;90;68.41;0.326;2.284
Case 16733;3;90;68.4;0.3259;2.284
Case 16734;3;90;68.39;0.3258;2.285
Case 16735;3;90;68.38;0.3257;2.285
Case 16736;3;90;68.36;0.3256;2.286
Case 16737;3;90;68.35;0.3255;2.286
Case 16738;3;90;68.34;0.3254;2.287
Case 16739;3;90;68.33;0.3253;2.288
Case 16740;3;90;68.31;0.3252;2.288
Case 16741;3;90;68.29;0.3251;2.289
Case 16742;3;90;68.28;0.325;2.289
Case 16743;3;90;68.27;0.3249;2.29
Case 16744;3;90;68.26;0.3248;2.29
Case 16745;3;90;68.24;0.3247;2.291
Case 16746;3;90;68.23;0.3246;2.291
Case 16747;3;90;68.22;0.3245;2.292
Case 16748;3;90;68.21;0.3244;2.292
Case 16749;3;90;68.2;0.3243;2.293
Case 16750;3;90;68.18;0.3242;2.294
Case 16751;3;90;68.17;0.3241;2.294
Case 16752;3;90;68.16;0.324;2.295
Case 16753;3;90;68.14;0.3239;2.295
Case 16754;3;90;68.13;0.3238;2.296
Case 16755;3;90;68.12;0.3237;2.296
Case 16756;3;90;68.11;0.3236;2.297
Case 16757;3;90;68.1;0.3235;2.297
Case 16758;3;90;68.08;0.3234;2.298
Case 16759;3;90;68.07;0.3233;2.298
Case 16760;3;90;68.06;0.3232;2.299
Case 16761;3;90;68.05;0.3231;2.299
Case 16762;3;90;68.03;0.323;2.3
Case 16763;3;90;68.01;0.3229;2.301
Case 16764;3;90;68;0.3228;2.301
Case 16765;3;90;67.99;0.3227;2.302
Case 16766;3;90;67.98;0.3226;2.302
Case 16767;3;90;67.97;0.3225;2.303
Case 16768;3;90;67.95;0.3224;2.303
Case 16769;3;90;67.94;0.3223;2.304
Case 16770;3;90;67.93;0.3222;2.304
Case 16771;3;90;67.92;0.3221;2.305
Case 16772;3;90;67.9;0.322;2.305
Case 16773;3;90;67.89;0.3219;2.306
Case 16774;3;90;67.88;0.3218;2.306
Case 16775;3;90;67.86;0.3217;2.307
Case 16776;3;90;67.85;0.3216;2.308
Case 16777;3;90;67.84;0.3215;2.308
Case 16778;3;90;67.83;0.3214;2.309
Case 16779;3;90;67.82;0.3213;2.309
Case 16780;3;90;67.8;0.3212;2.31
Case 16781;3;90;67.78;0.3211;2.31
Case 16782;3;90;67.77;0.321;2.311
Case 16783;3;90;67.76;0.3209;2.311
Case 16784;3;90;67.75;0.3208;2.312
Case 16785;3;90;67.73;0.3207;2.312
Case 16786;3;90;67.72;0.3206;2.313
Case 16787;3;90;67.71;0.3205;2.313
Case 16788;3;90;67.7;0.3204;2.314
Case 16789;3;90;67.69;0.3203;2.314
Case 16790;3;90;67.67;0.3202;2.315
Case 16791;3;90;67.66;0.3201;2.315
Case 16792;3;90;67.65;0.32;2.316
Case 16793;3;90;67.64;0.3199;2.317
Case 16794;3;90;67.62;0.3198;2.317
Case 16795;3;90;67.61;0.3197;2.318
Case 16796;3;90;67.6;0.3196;2.318
Case 16797;3;90;67.59;0.3195;2.319
Case 16798;3;90;67.57;0.3194;2.319
Case 16799;3;90;67.55;0.3193;2.32
Case 16800;3;90;67.54;0.3192;2.32
Case 16801;3;90;67.53;0.3191;2.321
Case 16802;3;90;67.52;0.319;2.321
Case 16803;3;90;67.51;0.3189;2.322
Case 16804;3;90;67.49;0.3188;2.322
Case 16805;3;90;67.48;0.3187;2.323
Case 16806;3;90;67.47;0.3186;2.323
Case 16807;3;90;67.46;0.3185;2.324
Case 16808;3;90;67.44;0.3184;2.324
Case 16809;3;90;67.43;0.3183;2.325
Case 16810;3;90;67.42;0.3182;2.325
Case 16811;3;90;67.41;0.3181;2.326
Case 16812;3;90;67.39;0.318;2.326
Case 16813;3;90;67.38;0.3179;2.327
Case 16814;3;90;67.37;0.3178;2.327
Case 16815;3;90;67.36;0.3177;2.328
Case 16816;3;90;67.34;0.3176;2.329
Case 16817;3;90;67.32;0.3175;2.329
Case 16818;3;90;67.31;0.3174;2.33
Case 16819;3;90;67.3;0.3173;2.33
Case 16820;3;90;67.29;0.3172;2.331
Case 16821;3;90;67.28;0.3171;2.331
Case 16822;3;90;67.26;0.317;2.332
Case 16823;3;90;67.25;0.3169;2.332
Case 16824;3;90;67.24;0.3168;2.333
Case 16825;3;90;67.23;0.3167;2.333
Case 16826;3;90;67.22;0.3166;2.334
Case 16827;3;90;67.2;0.3165;2.334
Case 16828;3;90;67.19;0.3164;2.335
Case 16829;3;90;67.18;0.3163;2.335
Case 16830;3;90;67.16;0.3162;2.336
Case 16831;3;90;67.15;0.3161;2.336
Case 16832;3;90;67.14;0.316;2.337
Case 16833;3;90;67.13;0.3159;2.337
Case 16834;3;90;67.12;0.3158;2.338
Case 16835;3;90;67.1;0.3157;2.338
Case 16836;3;90;67.09;0.3156;2.339
Case 16837;3;90;67.08;0.3155;2.339
Case 16838;3;90;67.07;0.3154;2.34
Case 16839;3;90;67.06;0.3153;2.34
Case 16840;3;90;67.04;0.3152;2.341
Case 16841;3;90;67.02;0.3151;2.341
Case 16842;3;90;67.01;0.315;2.342
Case 16843;3;90;67;0.3149;2.342
Case 16844;3;90;66.99;0.3148;2.343
Case 16845;3;90;66.97;0.3147;2.343
Case 16846;3;90;66.96;0.3146;2.344
Case 16847;3;90;66.95;0.3145;2.344
Case 16848;3;90;66.94;0.3144;2.345
Case 16849;3;90;66.93;0.3143;2.345
Case 16850;3;90;66.91;0.3142;2.346
Case 16851;3;90;66.9;0.3141;2.346
Case 16852;3;90;66.89;0.314;2.347
Case 16853;3;90;66.88;0.3139;2.348
Case 16854;3;90;66.86;0.3138;2.348
Case 16855;3;90;66.85;0.3137;2.349
Case 16856;3;90;66.84;0.3136;2.349
Case 16857;3;90;66.83;0.3135;2.35
Case 16858;3;90;66.81;0.3134;2.35
Case 16859;3;90;66.79;0.3133;2.351
Case 16860;3;90;66.78;0.3132;2.351
Case 16861;3;90;66.77;0.3131;2.352
Case 16862;3;90;66.76;0.313;2.352
Case 16863;3;90;66.75;0.3129;2.353
Case 16864;3;90;66.73;0.3128;2.353
Case 16865;3;90;66.72;0.3127;2.354
Case 16866;3;90;66.71;0.3126;2.354
Case 16867;3;90;66.7;0.3125;2.355
Case 16868;3;90;66.69;0.3124;2.355
Case 16869;3;90;66.67;0.3123;2.356
Case 16870;3;90;66.66;0.3122;2.356
Case 16871;3;90;66.65;0.3121;2.357
Case 16872;3;90;66.63;0.312;2.357
Case 16873;3;90;66.62;0.3119;2.358
Case 16874;3;90;66.61;0.3118;2.358
Case 16875;3;90;66.6;0.3117;2.359
Case 16876;3;90;66.59;0.3116;2.359
Case 16877;3;90;66.57;0.3115;2.36
Case 16878;3;90;66.55;0.3114;2.36
Case 16879;3;90;66.54;0.3113;2.361
Case 16880;3;90;66.53;0.3112;2.361
Case 16881;3;90;66.52;0.3111;2.362
Case 16882;3;90;66.51;0.311;2.362
Case 16883;3;90;66.49;0.3109;2.363
Case 16884;3;90;66.48;0.3108;2.363
Case 16885;3;90;66.47;0.3107;2.364
Case 16886;3;90;66.46;0.3106;2.364
Case 16887;3;90;66.45;0.3105;2.365
Case 16888;3;90;66.43;0.3104;2.365
Case 16889;3;90;66.42;0.3103;2.366
Case 16890;3;90;66.41;0.3102;2.366
Case 16891;3;90;66.39;0.3101;2.367
Case 16892;3;90;66.38;0.31;2.367
Case 16893;3;90;66.37;0.3099;2.368
Case 16894;3;90;66.36;0.3098;2.368
Case 16895;3;90;66.35;0.3097;2.368
Case 16896;3;90;66.33;0.3096;2.369
Case 16897;3;90;66.31;0.3095;2.369
Case 16898;3;90;66.3;0.3094;2.37
Case 16899;3;90;66.29;0.3093;2.37
Case 16900;3;90;66.28;0.3092;2.371
Case 16901;3;90;66.27;0.3091;2.371
Case 16902;3;90;66.25;0.309;2.372
Case 16903;3;90;66.24;0.3089;2.372
Case 16904;3;90;66.23;0.3088;2.373
Case 16905;3;90;66.22;0.3087;2.373
Case 16906;3;90;66.21;0.3086;2.374
Case 16907;3;90;66.19;0.3085;2.374
Case 16908;3;90;66.18;0.3084;2.375
Case 16909;3;90;66.17;0.3083;2.375
Case 16910;3;90;66.16;0.3082;2.376
Case 16911;3;90;66.14;0.3081;2.376
Case 16912;3;90;66.13;0.308;2.377
Case 16913;3;90;66.12;0.3079;2.377
Case 16914;3;90;66.11;0.3078;2.378
Case 16915;3;90;66.09;0.3077;2.378
Case 16916;3;90;66.08;0.3076;2.379
Case 16917;3;90;66.07;0.3075;2.379
Case 16918;3;90;66.06;0.3074;2.38
Case 16919;3;90;66.05;0.3073;2.38
Case 16920;3;90;66.03;0.3072;2.381
Case 16921;3;90;66.01;0.3071;2.381
Case 16922;3;90;66;0.307;2.382
Case 16923;3;90;65.99;0.3069;2.382
Case 16924;3;90;65.98;0.3068;2.383
Case 16925;3;90;65.97;0.3067;2.383
Case 16926;3;90;65.95;0.3066;2.384
Case 16927;3;90;65.94;0.3065;2.384
Case 16928;3;90;65.93;0.3064;2.385
Case 16929;3;90;65.92;0.3063;2.385
Case 16930;3;90;65.91;0.3062;2.386
Case 16931;3;90;65.89;0.3061;2.386
Case 16932;3;90;65.88;0.306;2.387
Case 16933;3;90;65.87;0.3059;2.387
Case 16934;3;90;65.85;0.3058;2.387
Case 16935;3;90;65.84;0.3057;2.388
Case 16936;3;90;65.83;0.3056;2.388
Case 16937;3;90;65.82;0.3055;2.389
Case 16938;3;90;65.81;0.3054;2.389
Case 16939;3;90;65.79;0.3053;2.39
Case 16940;3;90;65.77;0.3052;2.39
Case 16941;3;90;65.76;0.3051;2.391
Case 16942;3;90;65.75;0.305;2.391
Case 16943;3;90;65.74;0.3049;2.392
Case 16944;3;90;65.73;0.3048;2.392
Case 16945;3;90;65.71;0.3047;2.393
Case 16946;3;90;65.7;0.3046;2.393
Case 16947;3;90;65.69;0.3045;2.394
Case 16948;3;90;65.68;0.3044;2.394
Case 16949;3;90;65.67;0.3043;2.395
Case 16950;3;90;65.65;0.3042;2.395
Case 16951;3;90;65.64;0.3041;2.396
Case 16952;3;90;65.63;0.304;2.396
Case 16953;3;90;65.62;0.3039;2.397
Case 16954;3;90;65.6;0.3038;2.397
Case 16955;3;90;65.59;0.3037;2.398
Case 16956;3;90;65.58;0.3036;2.398
Case 16957;3;90;65.57;0.3035;2.398
Case 16958;3;90;65.55;0.3034;2.399
Case 16959;3;90;65.53;0.3033;2.399
Case 16960;3;90;65.52;0.3032;2.4
Case 16961;3;90;65.51;0.3031;2.4
Case 16962;3;90;65.5;0.303;2.401
Case 16963;3;90;65.49;0.3029;2.401
Case 16964;3;90;65.47;0.3028;2.402
Case 16965;3;90;65.46;0.3027;2.402
Case 16966;3;90;65.45;0.3026;2.403
Case 16967;3;90;65.44;0.3025;2.403
Case 16968;3;90;65.43;0.3024;2.404
Case 16969;3;90;65.41;0.3023;2.404
Case 16970;3;90;65.4;0.3022;2.405
Case 16971;3;90;65.39;0.3021;2.405
Case 16972;3;90;65.38;0.302;2.406
Case 16973;3;90;65.36;0.3019;2.406
Case 16974;3;90;65.35;0.3018;2.406
Case 16975;3;90;65.34;0.3017;2.407
Case 16976;3;90;65.33;0.3016;2.407
Case 16977;3;90;65.31;0.3015;2.408
Case 16978;3;90;65.29;0.3014;2.408
Case 16979;3;90;65.28;0.3013;2.409
Case 16980;3;90;65.27;0.3012;2.409
Case 16981;3;90;65.26;0.3011;2.41
Case 16982;3;90;65.25;0.301;2.41
Case 16983;3;90;65.23;0.3009;2.411
Case 16984;3;90;65.22;0.3008;2.411
Case 16985;3;90;65.21;0.3007;2.412
Case 16986;3;90;65.2;0.3006;2.412
Case 16987;3;90;65.19;0.3005;2.413
Case 16988;3;90;65.17;0.3004;2.413
Case 16989;3;90;65.16;0.3003;2.413
Case 16990;3;90;65.15;0.3002;2.414
Case 16991;3;90;65.14;0.3001;2.414
Case 16992;3;90;65.13;0.3;2.415
Case 16993;3;90;65.11;0.2999;2.415
Case 16994;3;90;65.1;0.2998;2.416
Case 16995;3;90;65.09;0.2997;2.416
Case 16996;3;90;65.08;0.2996;2.417
Case 16997;3;90;65.06;0.2995;2.417
Case 16998;3;90;65.05;0.2994;2.418
Case 16999;3;90;65.04;0.2993;2.418
Case 17000;3;90;65.03;0.2992;2.419
Case 17001;3;90;65.01;0.2991;2.419
Case 17002;3;90;64.99;0.299;2.42
Case 17003;3;90;64.98;0.2989;2.42
Case 17004;3;90;64.97;0.2988;2.42
Case 17005;3;90;64.96;0.2987;2.421
Case 17006;3;90;64.95;0.2986;2.421
Case 17007;3;90;64.93;0.2985;2.422
Case 17008;3;90;64.92;0.2984;2.422
Case 17009;3;90;64.91;0.2983;2.423
Case 17010;3;90;64.9;0.2982;2.423
Case 17011;3;90;64.89;0.2981;2.424
Case 17012;3;90;64.87;0.298;2.424
Case 17013;3;90;64.86;0.2979;2.425
Case 17014;3;90;64.85;0.2978;2.425
Case 17015;3;90;64.84;0.2977;2.425
Case 17016;3;90;64.82;0.2976;2.426
Case 17017;3;90;64.81;0.2975;2.426
Case 17018;3;90;64.8;0.2974;2.427
Case 17019;3;90;64.79;0.2973;2.427
Case 17020;3;90;64.77;0.2972;2.428
Case 17021;3;90;64.75;0.2971;2.428
Case 17022;3;90;64.74;0.297;2.429
Case 17023;3;90;64.73;0.2969;2.429
Case 17024;3;90;64.72;0.2968;2.43
Case 17025;3;90;64.71;0.2967;2.43
Case 17026;3;90;64.69;0.2966;2.43
Case 17027;3;90;64.68;0.2965;2.431
Case 17028;3;90;64.67;0.2964;2.431
Case 17029;3;90;64.66;0.2963;2.432
Case 17030;3;90;64.65;0.2962;2.432
Case 17031;3;90;64.63;0.2961;2.433
Case 17032;3;90;64.62;0.296;2.433
Case 17033;3;90;64.61;0.2959;2.434
Case 17034;3;90;64.59;0.2958;2.434
Case 17035;3;90;64.58;0.2957;2.435
Case 17036;3;90;64.57;0.2956;2.435
Case 17037;3;90;64.56;0.2955;2.435
Case 17038;3;90;64.55;0.2954;2.436
Case 17039;3;90;64.53;0.2953;2.436
Case 17040;3;90;64.51;0.2952;2.437
Case 17041;3;90;64.5;0.2951;2.437
Case 17042;3;90;64.49;0.295;2.438
Case 17043;3;90;64.48;0.2949;2.438
Case 17044;3;90;64.47;0.2948;2.439
Case 17045;3;90;64.45;0.2947;2.439
Case 17046;3;90;64.44;0.2946;2.44
Case 17047;3;90;64.43;0.2945;2.44
Case 17048;3;90;64.42;0.2944;2.44
Case 17049;3;90;64.41;0.2943;2.441
Case 17050;3;90;64.39;0.2942;2.441
Case 17051;3;90;64.38;0.2941;2.442
Case 17052;3;90;64.37;0.294;2.442
Case 17053;3;90;64.36;0.2939;2.443
Case 17054;3;90;64.34;0.2938;2.443
Case 17055;3;90;64.33;0.2937;2.444
Case 17056;3;90;64.32;0.2936;2.444
Case 17057;3;90;64.31;0.2935;2.444
Case 17058;3;90;64.29;0.2934;2.445
Case 17059;3;90;64.28;0.2933;2.445
Case 17060;3;90;64.27;0.2932;2.446
Case 17061;3;90;64.26;0.2931;2.446
Case 17062;3;90;64.25;0.293;2.447
Case 17063;3;90;64.23;0.2929;2.447
Case 17064;3;90;64.21;0.2928;2.448
Case 17065;3;90;64.2;0.2927;2.448
Case 17066;3;90;64.19;0.2926;2.448
Case 17067;3;90;64.18;0.2925;2.449
Case 17068;3;90;64.16;0.2924;2.449
Case 17069;3;90;64.15;0.2923;2.45
Case 17070;3;90;64.14;0.2922;2.45
Case 17071;3;90;64.13;0.2921;2.451
Case 17072;3;90;64.12;0.292;2.451
Case 17073;3;90;64.1;0.2919;2.452
Case 17074;3;90;64.09;0.2918;2.452
Case 17075;3;90;64.08;0.2917;2.452
Case 17076;3;90;64.06;0.2916;2.453
Case 17077;3;90;64.05;0.2915;2.453
Case 17078;3;90;64.04;0.2914;2.454
Case 17079;3;90;64.03;0.2913;2.454
Case 17080;3;90;64.02;0.2912;2.455
Case 17081;3;90;64;0.2911;2.455
Case 17082;3;90;63.98;0.291;2.455
Case 17083;3;90;63.97;0.2909;2.456
Case 17084;3;90;63.96;0.2908;2.456
Case 17085;3;90;63.95;0.2907;2.457
Case 17086;3;90;63.94;0.2906;2.457
Case 17087;3;90;63.92;0.2905;2.458
Case 17088;3;90;63.91;0.2904;2.458
Case 17089;3;90;63.9;0.2903;2.459
Case 17090;3;90;63.89;0.2902;2.459
Case 17091;3;90;63.87;0.2901;2.459
Case 17092;3;90;63.86;0.29;2.46
Case 17093;3;90;63.85;0.2899;2.46
Case 17094;3;90;63.84;0.2898;2.461
Case 17095;3;90;63.82;0.2897;2.461
Case 17096;3;90;63.81;0.2896;2.462
Case 17097;3;90;63.8;0.2895;2.462
Case 17098;3;90;63.79;0.2894;2.462
Case 17099;3;90;63.77;0.2893;2.463
Case 17100;3;90;63.75;0.2892;2.463
Case 17101;3;90;63.74;0.2891;2.464
Case 17102;3;90;63.73;0.289;2.464
Case 17103;3;90;63.72;0.2889;2.465
Case 17104;3;90;63.71;0.2888;2.465
Case 17105;3;90;63.69;0.2887;2.466
Case 17106;3;90;63.68;0.2886;2.466
Case 17107;3;90;63.67;0.2885;2.466
Case 17108;3;90;63.66;0.2884;2.467
Case 17109;3;90;63.64;0.2883;2.467
Case 17110;3;90;63.63;0.2882;2.468
Case 17111;3;90;63.62;0.2881;2.468
Case 17112;3;90;63.61;0.288;2.469
Case 17113;3;90;63.59;0.2879;2.469
Case 17114;3;90;63.58;0.2878;2.469
Case 17115;3;90;63.57;0.2877;2.47
Case 17116;3;90;63.56;0.2876;2.47
Case 17117;3;90;63.54;0.2875;2.471
Case 17118;3;90;63.53;0.2874;2.471
Case 17119;3;90;63.52;0.2873;2.472
Case 17120;3;90;63.51;0.2872;2.472
Case 17121;3;90;63.5;0.2871;2.472
Case 17122;3;90;63.48;0.287;2.473
Case 17123;3;90;63.46;0.2869;2.473
Case 17124;3;90;63.45;0.2868;2.474
Case 17125;3;90;63.44;0.2867;2.474
Case 17126;3;90;63.43;0.2866;2.475
Case 17127;3;90;63.41;0.2865;2.475
Case 17128;3;90;63.4;0.2864;2.475
Case 17129;3;90;63.39;0.2863;2.476
Case 17130;3;90;63.38;0.2862;2.476
Case 17131;3;90;63.37;0.2861;2.477
Case 17132;3;90;63.35;0.286;2.477
Case 17133;3;90;63.34;0.2859;2.478
Case 17134;3;90;63.33;0.2858;2.478
Case 17135;3;90;63.31;0.2857;2.478
Case 17136;3;90;63.3;0.2856;2.479
Case 17137;3;90;63.29;0.2855;2.479
Case 17138;3;90;63.28;0.2854;2.48
Case 17139;3;90;63.27;0.2853;2.48
Case 17140;3;90;63.25;0.2852;2.48
Case 17141;3;90;63.23;0.2851;2.481
Case 17142;3;90;63.22;0.285;2.481
Case 17143;3;90;63.21;0.2849;2.482
Case 17144;3;90;63.2;0.2848;2.482
Case 17145;3;90;63.18;0.2847;2.483
Case 17146;3;90;63.17;0.2846;2.483
Case 17147;3;90;63.16;0.2845;2.483
Case 17148;3;90;63.15;0.2844;2.484
Case 17149;3;90;63.14;0.2843;2.484
Case 17150;3;90;63.12;0.2842;2.485
Case 17151;3;90;63.11;0.2841;2.485
Case 17152;3;90;63.1;0.284;2.486
Case 17153;3;90;63.08;0.2839;2.486
Case 17154;3;90;63.07;0.2838;2.486
Case 17155;3;90;63.06;0.2837;2.487
Case 17156;3;90;63.05;0.2836;2.487
Case 17157;3;90;63.03;0.2835;2.488
Case 17158;3;90;63.01;0.2834;2.488
Case 17159;3;90;63;0.2833;2.489
Case 17160;3;90;62.99;0.2832;2.489
Case 17161;3;90;62.98;0.2831;2.489
Case 17162;3;90;62.97;0.283;2.49
Case 17163;3;90;62.95;0.2829;2.49
Case 17164;3;90;62.94;0.2828;2.491
Case 17165;3;90;62.93;0.2827;2.491
Case 17166;3;90;62.92;0.2826;2.491
Case 17167;3;90;62.9;0.2825;2.492
Case 17168;3;90;62.89;0.2824;2.492
Case 17169;3;90;62.88;0.2823;2.493
Case 17170;3;90;62.86;0.2822;2.493
Case 17171;3;90;62.85;0.2821;2.494
Case 17172;3;90;62.84;0.282;2.494
Case 17173;3;90;62.83;0.2819;2.494
Case 17174;3;90;62.82;0.2818;2.495
Case 17175;3;90;62.8;0.2817;2.495
Case 17176;3;90;62.78;0.2816;2.496
Case 17177;3;90;62.77;0.2815;2.496
Case 17178;3;90;62.76;0.2814;2.496
Case 17179;3;90;62.75;0.2813;2.497
Case 17180;3;90;62.73;0.2812;2.497
Case 17181;3;90;62.72;0.2811;2.498
Case 17182;3;90;62.71;0.281;2.498
Case 17183;3;90;62.7;0.2809;2.498
Case 17184;3;90;62.68;0.2808;2.499
Case 17185;3;90;62.67;0.2807;2.499
Case 17186;3;90;62.66;0.2806;2.5
Case 17187;3;90;62.65;0.2805;2.5
Case 17188;3;90;62.63;0.2804;2.501
Case 17189;3;90;62.62;0.2803;2.501
Case 17190;3;90;62.61;0.2802;2.501
Case 17191;3;90;62.6;0.2801;2.502
Case 17192;3;90;62.58;0.28;2.502
Case 17193;3;90;62.57;0.2799;2.503
Case 17194;3;90;62.56;0.2798;2.503
Case 17195;3;90;62.55;0.2797;2.503
Case 17196;3;90;62.53;0.2796;2.504
Case 17197;3;90;62.51;0.2795;2.504
Case 17198;3;90;62.5;0.2794;2.505
Case 17199;3;90;62.49;0.2793;2.505
Case 17200;3;90;62.48;0.2792;2.505
Case 17201;3;90;62.46;0.2791;2.506
Case 17202;3;90;62.45;0.279;2.506
Case 17203;3;90;62.44;0.2789;2.507
Case 17204;3;90;62.43;0.2788;2.507
Case 17205;3;90;62.41;0.2787;2.507
Case 17206;3;90;62.4;0.2786;2.508
Case 17207;3;90;62.39;0.2785;2.508
Case 17208;3;90;62.37;0.2784;2.509
Case 17209;3;90;62.36;0.2783;2.509
Case 17210;3;90;62.35;0.2782;2.51
Case 17211;3;90;62.34;0.2781;2.51
Case 17212;3;90;62.32;0.278;2.51
Case 17213;3;90;62.3;0.2779;2.511
Case 17214;3;90;62.29;0.2778;2.511
Case 17215;3;90;62.28;0.2777;2.512
Case 17216;3;90;62.27;0.2776;2.512
Case 17217;3;90;62.25;0.2775;2.512
Case 17218;3;90;62.24;0.2774;2.513
Case 17219;3;90;62.23;0.2773;2.513
Case 17220;3;90;62.22;0.2772;2.514
Case 17221;3;90;62.21;0.2771;2.514
Case 17222;3;90;62.19;0.277;2.514
Case 17223;3;90;62.18;0.2769;2.515
Case 17224;3;90;62.17;0.2768;2.515
Case 17225;3;90;62.15;0.2767;2.516
Case 17226;3;90;62.14;0.2766;2.516
Case 17227;3;90;62.13;0.2765;2.516
Case 17228;3;90;62.12;0.2764;2.517
Case 17229;3;90;62.1;0.2763;2.517
Case 17230;3;90;62.08;0.2762;2.518
Case 17231;3;90;62.07;0.2761;2.518
Case 17232;3;90;62.06;0.276;2.518
Case 17233;3;90;62.05;0.2759;2.519
Case 17234;3;90;62.03;0.2758;2.519
Case 17235;3;90;62.02;0.2757;2.52
Case 17236;3;90;62.01;0.2756;2.52
Case 17237;3;90;62;0.2755;2.52
Case 17238;3;90;61.98;0.2754;2.521
Case 17239;3;90;61.97;0.2753;2.521
Case 17240;3;90;61.96;0.2752;2.522
Case 17241;3;90;61.94;0.2751;2.522
Case 17242;3;90;61.93;0.275;2.522
Case 17243;3;90;61.92;0.2749;2.523
Case 17244;3;90;61.91;0.2748;2.523
Case 17245;3;90;61.89;0.2747;2.524
Case 17246;3;90;61.88;0.2746;2.524
Case 17247;3;90;61.87;0.2745;2.524
Case 17248;3;90;61.86;0.2744;2.525
Case 17249;3;90;61.84;0.2743;2.525
Case 17250;3;90;61.82;0.2742;2.526
Case 17251;3;90;61.81;0.2741;2.526
Case 17252;3;90;61.8;0.274;2.526
Case 17253;3;90;61.79;0.2739;2.527
Case 17254;3;90;61.77;0.2738;2.527
Case 17255;3;90;61.76;0.2737;2.528
Case 17256;3;90;61.75;0.2736;2.528
Case 17257;3;90;61.73;0.2735;2.528
Case 17258;3;90;61.72;0.2734;2.529
Case 17259;3;90;61.71;0.2733;2.529
Case 17260;3;90;61.69;0.2732;2.53
Case 17261;3;90;61.68;0.2731;2.53
Case 17262;3;90;61.67;0.273;2.53
Case 17263;3;90;61.66;0.2729;2.531
Case 17264;3;90;61.64;0.2728;2.531
Case 17265;3;90;61.62;0.2727;2.532
Case 17266;3;90;61.61;0.2726;2.532
Case 17267;3;90;61.6;0.2725;2.532
Case 17268;3;90;61.59;0.2724;2.533
Case 17269;3;90;61.57;0.2723;2.533
Case 17270;3;90;61.56;0.2722;2.533
Case 17271;3;90;61.55;0.2721;2.534
Case 17272;3;90;61.54;0.272;2.534
Case 17273;3;90;61.52;0.2719;2.535
Case 17274;3;90;61.51;0.2718;2.535
Case 17275;3;90;61.5;0.2717;2.535
Case 17276;3;90;61.48;0.2716;2.536
Case 17277;3;90;61.47;0.2715;2.536
Case 17278;3;90;61.46;0.2714;2.537
Case 17279;3;90;61.45;0.2713;2.537
Case 17280;3;90;61.43;0.2712;2.537
Case 17281;3;90;61.41;0.2711;2.538
Case 17282;3;90;61.4;0.271;2.538
Case 17283;3;90;61.39;0.2709;2.539
Case 17284;3;90;61.37;0.2708;2.539
Case 17285;3;90;61.36;0.2707;2.539
Case 17286;3;90;61.35;0.2706;2.54
Case 17287;3;90;61.34;0.2705;2.54
Case 17288;3;90;61.32;0.2704;2.54
Case 17289;3;90;61.31;0.2703;2.541
Case 17290;3;90;61.3;0.2702;2.541
Case 17291;3;90;61.28;0.2701;2.542
Case 17292;3;90;61.27;0.27;2.542
Case 17293;3;90;61.26;0.2699;2.542
Case 17294;3;90;61.25;0.2698;2.543
Case 17295;3;90;61.23;0.2697;2.543
Case 17296;3;90;61.21;0.2696;2.544
Case 17297;3;90;61.2;0.2695;2.544
Case 17298;3;90;61.19;0.2694;2.544
Case 17299;3;90;61.17;0.2693;2.545
Case 17300;3;90;61.16;0.2692;2.545
Case 17301;3;90;61.15;0.2691;2.545
Case 17302;3;90;61.14;0.269;2.546
Case 17303;3;90;61.12;0.2689;2.546
Case 17304;3;90;61.11;0.2688;2.547
Case 17305;3;90;61.1;0.2687;2.547
Case 17306;3;90;61.09;0.2686;2.547
Case 17307;3;90;61.07;0.2685;2.548
Case 17308;3;90;61.06;0.2684;2.548
Case 17309;3;90;61.04;0.2683;2.549
Case 17310;3;90;61.03;0.2682;2.549
Case 17311;3;90;61.02;0.2681;2.549
Case 17312;3;90;61.01;0.268;2.55
Case 17313;3;90;60.99;0.2679;2.55
Case 17314;3;90;60.97;0.2678;2.55
Case 17315;3;90;60.96;0.2677;2.551
Case 17316;3;90;60.95;0.2676;2.551
Case 17317;3;90;60.93;0.2675;2.552
Case 17318;3;90;60.92;0.2674;2.552
Case 17319;3;90;60.91;0.2673;2.552
Case 17320;3;90;60.9;0.2672;2.553
Case 17321;3;90;60.88;0.2671;2.553
Case 17322;3;90;60.87;0.267;2.554
Case 17323;3;90;60.86;0.2669;2.554
Case 17324;3;90;60.84;0.2668;2.554
Case 17325;3;90;60.83;0.2667;2.555
Case 17326;3;90;60.82;0.2666;2.555
Case 17327;3;90;60.8;0.2665;2.555
Case 17328;3;90;60.78;0.2664;2.556
Case 17329;3;90;60.77;0.2663;2.556
Case 17330;3;90;60.76;0.2662;2.557
Case 17331;3;90;60.75;0.2661;2.557
Case 17332;3;90;60.73;0.266;2.557
Case 17333;3;90;60.72;0.2659;2.558
Case 17334;3;90;60.71;0.2658;2.558
Case 17335;3;90;60.69;0.2657;2.558
Case 17336;3;90;60.68;0.2656;2.559
Case 17337;3;90;60.67;0.2655;2.559
Case 17338;3;90;60.65;0.2654;2.56
Case 17339;3;90;60.64;0.2653;2.56
Case 17340;3;90;60.63;0.2652;2.56
Case 17341;3;90;60.61;0.2651;2.561
Case 17342;3;90;60.59;0.265;2.561
Case 17343;3;90;60.58;0.2649;2.561
Case 17344;3;90;60.57;0.2648;2.562
Case 17345;3;90;60.56;0.2647;2.562
Case 17346;3;90;60.54;0.2646;2.563
Case 17347;3;90;60.53;0.2645;2.563
Case 17348;3;90;60.52;0.2644;2.563
Case 17349;3;90;60.5;0.2643;2.564
Case 17350;3;90;60.49;0.2642;2.564
Case 17351;3;90;60.47;0.2641;2.564
Case 17352;3;90;60.46;0.264;2.565
Case 17353;3;90;60.45;0.2639;2.565
Case 17354;3;90;60.44;0.2638;2.566
Case 17355;3;90;60.42;0.2637;2.566
Case 17356;3;90;60.41;0.2636;2.566
Case 17357;3;90;60.4;0.2635;2.567
Case 17358;3;90;60.38;0.2634;2.567
Case 17359;3;90;60.36;0.2633;2.567
Case 17360;3;90;60.35;0.2632;2.568
Case 17361;3;90;60.34;0.2631;2.568
Case 17362;3;90;60.33;0.263;2.569
Case 17363;3;90;60.31;0.2629;2.569
Case 17364;3;90;60.3;0.2628;2.569
Case 17365;3;90;60.29;0.2627;2.57
Case 17366;3;90;60.27;0.2626;2.57
Case 17367;3;90;60.26;0.2625;2.57
Case 17368;3;90;60.24;0.2624;2.571
Case 17369;3;90;60.23;0.2623;2.571
Case 17370;3;90;60.22;0.2622;2.571
Case 17371;3;90;60.21;0.2621;2.572
Case 17372;3;90;60.19;0.262;2.572
Case 17373;3;90;60.17;0.2619;2.573
Case 17374;3;90;60.16;0.2618;2.573
Case 17375;3;90;60.15;0.2617;2.573
Case 17376;3;90;60.13;0.2616;2.574
Case 17377;3;90;60.12;0.2615;2.574
Case 17378;3;90;60.11;0.2614;2.574
Case 17379;3;90;60.09;0.2613;2.575
Case 17380;3;90;60.08;0.2612;2.575
Case 17381;3;90;60.06;0.2611;2.576
Case 17382;3;90;60.05;0.261;2.576
Case 17383;3;90;60.04;0.2609;2.576
Case 17384;3;90;60.03;0.2608;2.577
Case 17385;3;90;60.01;0.2607;2.577
Case 17386;3;90;59.99;0.2606;2.577
Case 17387;3;90;59.98;0.2605;2.578
Case 17388;3;90;59.97;0.2604;2.578
Case 17389;3;90;59.96;0.2603;2.578
Case 17390;3;90;59.94;0.2602;2.579
Case 17391;3;90;59.93;0.2601;2.579
Case 17392;3;90;59.92;0.26;2.58
Case 17393;3;90;59.91;0.2599;2.58
Case 17394;3;90;59.89;0.2598;2.58
Case 17395;3;90;59.88;0.2597;2.581
Case 17396;3;90;59.87;0.2596;2.581
Case 17397;3;90;59.86;0.2595;2.581
Case 17398;3;90;59.84;0.2594;2.582
Case 17399;3;90;59.83;0.2593;2.582
Case 17400;3;90;59.82;0.2592;2.582
Case 17401;3;90;59.81;0.2591;2.583
Case 17402;3;90;59.8;0.259;2.583
Case 17403;3;90;59.78;0.2589;2.584
Case 17404;3;90;59.76;0.2588;2.584
Case 17405;3;90;59.75;0.2587;2.584
Case 17406;3;90;59.74;0.2586;2.585
Case 17407;3;90;59.73;0.2585;2.585
Case 17408;3;90;59.72;0.2584;2.585
Case 17409;3;90;59.7;0.2583;2.586
Case 17410;3;90;59.69;0.2582;2.586
Case 17411;3;90;59.68;0.2581;2.586
Case 17412;3;90;59.67;0.258;2.587
Case 17413;3;90;59.66;0.2579;2.587
Case 17414;3;90;59.64;0.2578;2.588
Case 17415;3;90;59.63;0.2577;2.588
Case 17416;3;90;59.62;0.2576;2.588
Case 17417;3;90;59.61;0.2575;2.589
Case 17418;3;90;59.6;0.2574;2.589
Case 17419;3;90;59.58;0.2573;2.589
Case 17420;3;90;59.57;0.2572;2.59
Case 17421;3;90;59.56;0.2571;2.59
Case 17422;3;90;59.54;0.257;2.59
Case 17423;3;90;59.53;0.2569;2.591
Case 17424;3;90;59.52;0.2568;2.591
Case 17425;3;90;59.51;0.2567;2.591
Case 17426;3;90;59.5;0.2566;2.592
Case 17427;3;90;59.48;0.2565;2.592
Case 17428;3;90;59.46;0.2564;2.593
Case 17429;3;90;59.45;0.2563;2.593
Case 17430;3;90;59.44;0.2562;2.593
Case 17431;3;90;59.43;0.2561;2.594
Case 17432;3;90;59.42;0.256;2.594
Case 17433;3;90;59.4;0.2559;2.594
Case 17434;3;90;59.39;0.2558;2.595
Case 17435;3;90;59.38;0.2557;2.595
Case 17436;3;90;59.37;0.2556;2.595
Case 17437;3;90;59.36;0.2555;2.596
Case 17438;3;90;59.34;0.2554;2.596
Case 17439;3;90;59.33;0.2553;2.596
Case 17440;3;90;59.32;0.2552;2.597
Case 17441;3;90;59.3;0.2551;2.597
Case 17442;3;90;59.29;0.255;2.597
Case 17443;3;90;59.28;0.2549;2.598
Case 17444;3;90;59.27;0.2548;2.598
Case 17445;3;90;59.26;0.2547;2.599
Case 17446;3;90;59.24;0.2546;2.599
Case 17447;3;90;59.22;0.2545;2.599
Case 17448;3;90;59.21;0.2544;2.6
Case 17449;3;90;59.2;0.2543;2.6
Case 17450;3;90;59.19;0.2542;2.6
Case 17451;3;90;59.18;0.2541;2.601
Case 17452;3;90;59.16;0.254;2.601
Case 17453;3;90;59.15;0.2539;2.601
Case 17454;3;90;59.14;0.2538;2.602
Case 17455;3;90;59.13;0.2537;2.602
Case 17456;3;90;59.11;0.2536;2.602
Case 17457;3;90;59.1;0.2535;2.603
Case 17458;3;90;59.09;0.2534;2.603
Case 17459;3;90;59.08;0.2533;2.603
Case 17460;3;90;59.06;0.2532;2.604
Case 17461;3;90;59.05;0.2531;2.604
Case 17462;3;90;59.04;0.253;2.605
Case 17463;3;90;59.03;0.2529;2.605
Case 17464;3;90;59.02;0.2528;2.605
Case 17465;3;90;59;0.2527;2.606
Case 17466;3;90;58.99;0.2526;2.606
Case 17467;3;90;58.98;0.2525;2.606
Case 17468;3;90;58.97;0.2524;2.607
Case 17469;3;90;58.96;0.2523;2.607
Case 17470;3;90;58.94;0.2522;2.607
Case 17471;3;90;58.92;0.2521;2.608
Case 17472;3;90;58.91;0.252;2.608
Case 17473;3;90;58.9;0.2519;2.608
Case 17474;3;90;58.89;0.2518;2.609
Case 17475;3;90;58.87;0.2517;2.609
Case 17476;3;90;58.86;0.2516;2.609
Case 17477;3;90;58.85;0.2515;2.61
Case 17478;3;90;58.84;0.2514;2.61
Case 17479;3;90;58.83;0.2513;2.61
Case 17480;3;90;58.81;0.2512;2.611
Case 17481;3;90;58.8;0.2511;2.611
Case 17482;3;90;58.79;0.251;2.611
Case 17483;3;90;58.77;0.2509;2.612
Case 17484;3;90;58.76;0.2508;2.612
Case 17485;3;90;58.75;0.2507;2.612
Case 17486;3;90;58.74;0.2506;2.613
Case 17487;3;90;58.73;0.2505;2.613
Case 17488;3;90;58.71;0.2504;2.614
Case 17489;3;90;58.69;0.2503;2.614
Case 17490;3;90;58.68;0.2502;2.614
Case 17491;3;90;58.67;0.2501;2.615
Case 17492;3;90;58.66;0.25;2.615
Case 17493;3;90;58.65;0.2499;2.615
Case 17494;3;90;58.63;0.2498;2.616
Case 17495;3;90;58.62;0.2497;2.616
Case 17496;3;90;58.61;0.2496;2.616
Case 17497;3;90;58.6;0.2495;2.617
Case 17498;3;90;58.58;0.2494;2.617
Case 17499;3;90;58.57;0.2493;2.617
Case 17500;3;90;58.56;0.2492;2.618
Case 17501;3;90;58.55;0.2491;2.618
Case 17502;3;90;58.53;0.249;2.618
Case 17503;3;90;58.52;0.2489;2.619
Case 17504;3;90;58.51;0.2488;2.619
Case 17505;3;90;58.5;0.2487;2.619
Case 17506;3;90;58.48;0.2486;2.62
Case 17507;3;90;58.46;0.2485;2.62
Case 17508;3;90;58.45;0.2484;2.62
Case 17509;3;90;58.44;0.2483;2.621
Case 17510;3;90;58.43;0.2482;2.621
Case 17511;3;90;58.42;0.2481;2.621
Case 17512;3;90;58.4;0.248;2.622
Case 17513;3;90;58.39;0.2479;2.622
Case 17514;3;90;58.38;0.2478;2.622
Case 17515;3;90;58.37;0.2477;2.623
Case 17516;3;90;58.35;0.2476;2.623
Case 17517;3;90;58.34;0.2475;2.623
Case 17518;3;90;58.33;0.2474;2.624
Case 17519;3;90;58.32;0.2473;2.624
Case 17520;3;90;58.31;0.2472;2.624
Case 17521;3;90;58.29;0.2471;2.625
Case 17522;3;90;58.28;0.247;2.625
Case 17523;3;90;58.27;0.2469;2.625
Case 17524;3;90;58.25;0.2468;2.626
Case 17525;3;90;58.24;0.2467;2.626
Case 17526;3;90;58.23;0.2466;2.626
Case 17527;3;90;58.22;0.2465;2.627
Case 17528;3;90;58.21;0.2464;2.627
Case 17529;3;90;58.19;0.2463;2.627
Case 17530;3;90;58.17;0.2462;2.628
Case 17531;3;90;58.16;0.2461;2.628
Case 17532;3;90;58.15;0.246;2.628
Case 17533;3;90;58.14;0.2459;2.629
Case 17534;3;90;58.12;0.2458;2.629
Case 17535;3;90;58.11;0.2457;2.629
Case 17536;3;90;58.1;0.2456;2.63
Case 17537;3;90;58.09;0.2455;2.63
Case 17538;3;90;58.08;0.2454;2.63
Case 17539;3;90;58.06;0.2453;2.631
Case 17540;3;90;58.05;0.2452;2.631
Case 17541;3;90;58.04;0.2451;2.631
Case 17542;3;90;58.02;0.245;2.632
Case 17543;3;90;58.01;0.2449;2.632
Case 17544;3;90;58;0.2448;2.632
Case 17545;3;90;57.99;0.2447;2.633
Case 17546;3;90;57.97;0.2446;2.633
Case 17547;3;90;57.95;0.2445;2.633
Case 17548;3;90;57.94;0.2444;2.634
Case 17549;3;90;57.93;0.2443;2.634
Case 17550;3;90;57.92;0.2442;2.634
Case 17551;3;90;57.91;0.2441;2.635
Case 17552;3;90;57.89;0.244;2.635
Case 17553;3;90;57.88;0.2439;2.635
Case 17554;3;90;57.87;0.2438;2.636
Case 17555;3;90;57.86;0.2437;2.636
Case 17556;3;90;57.84;0.2436;2.636
Case 17557;3;90;57.83;0.2435;2.637
Case 17558;3;90;57.82;0.2434;2.637
Case 17559;3;90;57.81;0.2433;2.637
Case 17560;3;90;57.8;0.2432;2.638
Case 17561;3;90;57.78;0.2431;2.638
Case 17562;3;90;57.77;0.243;2.638
Case 17563;3;90;57.76;0.2429;2.639
Case 17564;3;90;57.74;0.2428;2.639
Case 17565;3;90;57.73;0.2427;2.639
Case 17566;3;90;57.72;0.2426;2.64
Case 17567;3;90;57.71;0.2425;2.64
Case 17568;3;90;57.69;0.2424;2.64
Case 17569;3;90;57.67;0.2423;2.641
Case 17570;3;90;57.66;0.2422;2.641
Case 17571;3;90;57.65;0.2421;2.641
Case 17572;3;90;57.64;0.242;2.642
Case 17573;3;90;57.63;0.2419;2.642
Case 17574;3;90;57.61;0.2418;2.642
Case 17575;3;90;57.6;0.2417;2.643
Case 17576;3;90;57.59;0.2416;2.643
Case 17577;3;90;57.58;0.2415;2.643
Case 17578;3;90;57.56;0.2414;2.644
Case 17579;3;90;57.55;0.2413;2.644
Case 17580;3;90;57.54;0.2412;2.644
Case 17581;3;90;57.52;0.2411;2.645
Case 17582;3;90;57.51;0.241;2.645
Case 17583;3;90;57.5;0.2409;2.645
Case 17584;3;90;57.49;0.2408;2.646
Case 17585;3;90;57.47;0.2407;2.646
Case 17586;3;90;57.45;0.2406;2.646
Case 17587;3;90;57.44;0.2405;2.647
Case 17588;3;90;57.43;0.2404;2.647
Case 17589;3;90;57.42;0.2403;2.647
Case 17590;3;90;57.41;0.2402;2.648
Case 17591;3;90;57.39;0.2401;2.648
Case 17592;3;90;57.38;0.24;2.648
Case 17593;3;90;57.37;0.2399;2.649
Case 17594;3;90;57.36;0.2398;2.649
Case 17595;3;90;57.34;0.2397;2.649
Case 17596;3;90;57.33;0.2396;2.649
Case 17597;3;90;57.32;0.2395;2.65
Case 17598;3;90;57.3;0.2394;2.65
Case 17599;3;90;57.29;0.2393;2.65
Case 17600;3;90;57.28;0.2392;2.651
Case 17601;3;90;57.27;0.2391;2.651
Case 17602;3;90;57.25;0.239;2.651
Case 17603;3;90;57.23;0.2389;2.652
Case 17604;3;90;57.22;0.2388;2.652
Case 17605;3;90;57.22;0.2387;2.652
Case 17606;3;90;57.2;0.2386;2.653
Case 17607;3;90;57.18;0.2385;2.653
Case 17608;3;90;57.17;0.2384;2.653
Case 17609;3;90;57.16;0.2383;2.654
Case 17610;3;90;57.15;0.2382;2.654
Case 17611;3;90;57.14;0.2381;2.654
Case 17612;3;90;57.12;0.238;2.655
Case 17613;3;90;57.11;0.2379;2.655
Case 17614;3;90;57.1;0.2378;2.655
Case 17615;3;90;57.09;0.2377;2.656
Case 17616;3;90;57.07;0.2376;2.656
Case 17617;3;90;57.06;0.2375;2.656
Case 17618;3;90;57.05;0.2374;2.657
Case 17619;3;90;57.03;0.2373;2.657
Case 17620;3;90;57.02;0.2372;2.657
Case 17621;3;90;57.01;0.2371;2.657
Case 17622;3;90;57;0.237;2.658
Case 17623;3;90;56.98;0.2369;2.658
Case 17624;3;90;56.96;0.2368;2.658
Case 17625;3;90;56.95;0.2367;2.659
Case 17626;3;90;56.94;0.2366;2.659
Case 17627;3;90;56.93;0.2365;2.659
Case 17628;3;90;56.91;0.2364;2.66
Case 17629;3;90;56.9;0.2363;2.66
Case 17630;3;90;56.89;0.2362;2.66
Case 17631;3;90;56.88;0.2361;2.661
Case 17632;3;90;56.86;0.236;2.661
Case 17633;3;90;56.85;0.2359;2.661
Case 17634;3;90;56.84;0.2358;2.662
Case 17635;3;90;56.82;0.2357;2.662
Case 17636;3;90;56.81;0.2356;2.662
Case 17637;3;90;56.8;0.2355;2.663
Case 17638;3;90;56.79;0.2354;2.663
Case 17639;3;90;56.77;0.2353;2.663
Case 17640;3;90;56.75;0.2352;2.663
Case 17641;3;90;56.74;0.2351;2.664
Case 17642;3;90;56.73;0.235;2.664
Case 17643;3;90;56.72;0.2349;2.664
Case 17644;3;90;56.7;0.2348;2.665
Case 17645;3;90;56.69;0.2347;2.665
Case 17646;3;90;56.68;0.2346;2.665
Case 17647;3;90;56.67;0.2345;2.666
Case 17648;3;90;56.65;0.2344;2.666
Case 17649;3;90;56.64;0.2343;2.666
Case 17650;3;90;56.63;0.2342;2.667
Case 17651;3;90;56.62;0.2341;2.667
Case 17652;3;90;56.6;0.234;2.667
Case 17653;3;90;56.59;0.2339;2.668
Case 17654;3;90;56.58;0.2338;2.668
Case 17655;3;90;56.56;0.2337;2.668
Case 17656;3;90;56.55;0.2336;2.668
Case 17657;3;90;56.54;0.2335;2.669
Case 17658;3;90;56.53;0.2334;2.669
Case 17659;3;90;56.51;0.2333;2.669
Case 17660;3;90;56.49;0.2332;2.67
Case 17661;3;90;56.48;0.2331;2.67
Case 17662;3;90;56.47;0.233;2.67
Case 17663;3;90;56.46;0.2329;2.671
Case 17664;3;90;56.44;0.2328;2.671
Case 17665;3;90;56.43;0.2327;2.671
Case 17666;3;90;56.42;0.2326;2.672
Case 17667;3;90;56.41;0.2325;2.672
Case 17668;3;90;56.39;0.2324;2.672
Case 17669;3;90;56.38;0.2323;2.673
Case 17670;3;90;56.37;0.2322;2.673
Case 17671;3;90;56.35;0.2321;2.673
Case 17672;3;90;56.34;0.232;2.673
Case 17673;3;90;56.33;0.2319;2.674
Case 17674;3;90;56.32;0.2318;2.674
Case 17675;3;90;56.3;0.2317;2.674
Case 17676;3;90;56.28;0.2316;2.675
Case 17677;3;90;56.27;0.2315;2.675
Case 17678;3;90;56.26;0.2314;2.675
Case 17679;3;90;56.24;0.2313;2.676
Case 17680;3;90;56.23;0.2312;2.676
Case 17681;3;90;56.22;0.2311;2.676
Case 17682;3;90;56.21;0.231;2.677
Case 17683;3;90;56.19;0.2309;2.677
Case 17684;3;90;56.18;0.2308;2.677
Case 17685;3;90;56.17;0.2307;2.677
Case 17686;3;90;56.15;0.2306;2.678
Case 17687;3;90;56.14;0.2305;2.678
Case 17688;3;90;56.13;0.2304;2.678
Case 17689;3;90;56.12;0.2303;2.679
Case 17690;3;90;56.1;0.2302;2.679
Case 17691;3;90;56.08;0.2301;2.679
Case 17692;3;90;56.07;0.23;2.68
Case 17693;3;90;56.06;0.2299;2.68
Case 17694;3;90;56.05;0.2298;2.68
Case 17695;3;90;56.03;0.2297;2.68
Case 17696;3;90;56.02;0.2296;2.681
Case 17697;3;90;56.01;0.2295;2.681
Case 17698;3;90;56;0.2294;2.681
Case 17699;3;90;55.98;0.2293;2.682
Case 17700;3;90;55.97;0.2292;2.682
Case 17701;3;90;55.96;0.2291;2.682
Case 17702;3;90;55.94;0.229;2.683
Case 17703;3;90;55.93;0.2289;2.683
Case 17704;3;90;55.92;0.2288;2.683
Case 17705;3;90;55.9;0.2287;2.683
Case 17706;3;90;55.89;0.2286;2.684
Case 17707;3;90;55.88;0.2285;2.684
Case 17708;3;90;55.87;0.2284;2.684
Case 17709;3;90;55.85;0.2283;2.685
Case 17710;3;90;55.83;0.2282;2.685
Case 17711;3;90;55.82;0.2281;2.685
Case 17712;3;90;55.81;0.228;2.686
Case 17713;3;90;55.79;0.2279;2.686
Case 17714;3;90;55.78;0.2278;2.686
Case 17715;3;90;55.77;0.2277;2.687
Case 17716;3;90;55.76;0.2276;2.687
Case 17717;3;90;55.74;0.2275;2.687
Case 17718;3;90;55.73;0.2274;2.687
Case 17719;3;90;55.72;0.2273;2.688
Case 17720;3;90;55.7;0.2272;2.688
Case 17721;3;90;55.69;0.2271;2.688
Case 17722;3;90;55.68;0.227;2.689
Case 17723;3;90;55.67;0.2269;2.689
Case 17724;3;90;55.65;0.2268;2.689
Case 17725;3;90;55.63;0.2267;2.689
Case 17726;3;90;55.62;0.2266;2.69
Case 17727;3;90;55.61;0.2265;2.69
Case 17728;3;90;55.59;0.2264;2.69
Case 17729;3;90;55.58;0.2263;2.691
Case 17730;3;90;55.57;0.2262;2.691
Case 17731;3;90;55.56;0.2261;2.691
Case 17732;3;90;55.54;0.226;2.692
Case 17733;3;90;55.53;0.2259;2.692
Case 17734;3;90;55.51;0.2258;2.692
Case 17735;3;90;55.5;0.2257;2.692
Case 17736;3;90;55.49;0.2256;2.693
Case 17737;3;90;55.48;0.2255;2.693
Case 17738;3;90;55.46;0.2254;2.693
Case 17739;3;90;55.45;0.2253;2.694
Case 17740;3;90;55.44;0.2252;2.694
Case 17741;3;90;55.43;0.2251;2.694
Case 17742;3;90;55.41;0.225;2.695
Case 17743;3;90;55.39;0.2249;2.695
Case 17744;3;90;55.38;0.2248;2.695
Case 17745;3;90;55.37;0.2247;2.695
Case 17746;3;90;55.35;0.2246;2.696
Case 17747;3;90;55.34;0.2245;2.696
Case 17748;3;90;55.33;0.2244;2.696
Case 17749;3;90;55.32;0.2243;2.697
Case 17750;3;90;55.3;0.2242;2.697
Case 17751;3;90;55.29;0.2241;2.697
Case 17752;3;90;55.27;0.224;2.697
Case 17753;3;90;55.26;0.2239;2.698
Case 17754;3;90;55.25;0.2238;2.698
Case 17755;3;90;55.24;0.2237;2.698
Case 17756;3;90;55.22;0.2236;2.699
Case 17757;3;90;55.2;0.2235;2.699
Case 17758;3;90;55.19;0.2234;2.699
Case 17759;3;90;55.18;0.2233;2.7
Case 17760;3;90;55.16;0.2232;2.7
Case 17761;3;90;55.15;0.2231;2.7
Case 17762;3;90;55.14;0.223;2.7
Case 17763;3;90;55.13;0.2229;2.701
Case 17764;3;90;55.11;0.2228;2.701
Case 17765;3;90;55.1;0.2227;2.701
Case 17766;3;90;55.08;0.2226;2.702
Case 17767;3;90;55.07;0.2225;2.702
Case 17768;3;90;55.06;0.2224;2.702
Case 17769;3;90;55.05;0.2223;2.702
Case 17770;3;90;55.03;0.2222;2.703
Case 17771;3;90;55.01;0.2221;2.703
Case 17772;3;90;55;0.222;2.703
Case 17773;3;90;54.99;0.2219;2.704
Case 17774;3;90;54.97;0.2218;2.704
Case 17775;3;90;54.96;0.2217;2.704
Case 17776;3;90;54.95;0.2216;2.704
Case 17777;3;90;54.94;0.2215;2.705
Case 17778;3;90;54.92;0.2214;2.705
Case 17779;3;90;54.91;0.2213;2.705
Case 17780;3;90;54.9;0.2212;2.706
Case 17781;3;90;54.88;0.2211;2.706
Case 17782;3;90;54.87;0.221;2.706
Case 17783;3;90;54.85;0.2209;2.706
Case 17784;3;90;54.84;0.2208;2.707
Case 17785;3;90;54.83;0.2207;2.707
Case 17786;3;90;54.82;0.2206;2.707
Case 17787;3;90;54.8;0.2205;2.708
Case 17788;3;90;54.78;0.2204;2.708
Case 17789;3;90;54.77;0.2203;2.708
Case 17790;3;90;54.76;0.2202;2.709
Case 17791;3;90;54.74;0.2201;2.709
Case 17792;3;90;54.73;0.22;2.709
Case 17793;3;90;54.72;0.2199;2.709
Case 17794;3;90;54.7;0.2198;2.71
Case 17795;3;90;54.69;0.2197;2.71
Case 17796;3;90;54.68;0.2196;2.71
Case 17797;3;90;54.66;0.2195;2.711
Case 17798;3;90;54.65;0.2194;2.711
Case 17799;3;90;54.64;0.2193;2.711
Case 17800;3;90;54.62;0.2192;2.711
Case 17801;3;90;54.6;0.2191;2.712
Case 17802;3;90;54.59;0.219;2.712
Case 17803;3;90;54.58;0.2189;2.712
Case 17804;3;90;54.56;0.2188;2.712
Case 17805;3;90;54.55;0.2187;2.713
Case 17806;3;90;54.54;0.2186;2.713
Case 17807;3;90;54.53;0.2185;2.713
Case 17808;3;90;54.51;0.2184;2.714
Case 17809;3;90;54.5;0.2183;2.714
Case 17810;3;90;54.48;0.2182;2.714
Case 17811;3;90;54.47;0.2181;2.714
Case 17812;3;90;54.46;0.218;2.715
Case 17813;3;90;54.44;0.2179;2.715
Case 17814;3;90;54.43;0.2178;2.715
Case 17815;3;90;54.42;0.2177;2.716
Case 17816;3;90;54.4;0.2176;2.716
Case 17817;3;90;54.38;0.2175;2.716
Case 17818;3;90;54.37;0.2174;2.716
Case 17819;3;90;54.36;0.2173;2.717
Case 17820;3;90;54.35;0.2172;2.717
Case 17821;3;90;54.33;0.2171;2.717
Case 17822;3;90;54.32;0.217;2.718
Case 17823;3;90;54.31;0.2169;2.718
Case 17824;3;90;54.29;0.2168;2.718
Case 17825;3;90;54.28;0.2167;2.718
Case 17826;3;90;54.26;0.2166;2.719
Case 17827;3;90;54.25;0.2165;2.719
Case 17828;3;90;54.24;0.2164;2.719
Case 17829;3;90;54.22;0.2163;2.72
Case 17830;3;90;54.2;0.2162;2.72
Case 17831;3;90;54.19;0.2161;2.72
Case 17832;3;90;54.18;0.216;2.72
Case 17833;3;90;54.16;0.2159;2.721
Case 17834;3;90;54.15;0.2158;2.721
Case 17835;3;90;54.14;0.2157;2.721
Case 17836;3;90;54.13;0.2156;2.722
Case 17837;3;90;54.11;0.2155;2.722
Case 17838;3;90;54.1;0.2154;2.722
Case 17839;3;90;54.08;0.2153;2.722
Case 17840;3;90;54.07;0.2152;2.723
Case 17841;3;90;54.06;0.2151;2.723
Case 17842;3;90;54.04;0.215;2.723
Case 17843;3;90;54.02;0.2149;2.723
Case 17844;3;90;54.01;0.2148;2.724
Case 17845;3;90;54;0.2147;2.724
Case 17846;3;90;53.98;0.2146;2.724
Case 17847;3;90;53.97;0.2145;2.725
Case 17848;3;90;53.96;0.2144;2.725
Case 17849;3;90;53.94;0.2143;2.725
Case 17850;3;90;53.93;0.2142;2.725
Case 17851;3;90;53.91;0.2141;2.726
Case 17852;3;90;53.9;0.214;2.726
Case 17853;3;90;53.89;0.2139;2.726
Case 17854;3;90;53.87;0.2138;2.726
Case 17855;3;90;53.86;0.2137;2.727
Case 17856;3;90;53.85;0.2136;2.727
Case 17857;3;90;53.83;0.2135;2.727
Case 17858;3;90;53.81;0.2134;2.728
Case 17859;3;90;53.8;0.2133;2.728
Case 17860;3;90;53.79;0.2132;2.728
Case 17861;3;90;53.77;0.2131;2.728
Case 17862;3;90;53.76;0.213;2.729
Case 17863;3;90;53.75;0.2129;2.729
Case 17864;3;90;53.73;0.2128;2.729
Case 17865;3;90;53.72;0.2127;2.73
Case 17866;3;90;53.7;0.2126;2.73
Case 17867;3;90;53.69;0.2125;2.73
Case 17868;3;90;53.68;0.2124;2.73
Case 17869;3;90;53.66;0.2123;2.731
Case 17870;3;90;53.64;0.2122;2.731
Case 17871;3;90;53.63;0.2121;2.731
Case 17872;3;90;53.62;0.212;2.731
Case 17873;3;90;53.6;0.2119;2.732
Case 17874;3;90;53.59;0.2118;2.732
Case 17875;3;90;53.58;0.2117;2.732
Case 17876;3;90;53.56;0.2116;2.733
Case 17877;3;90;53.55;0.2115;2.733
Case 17878;3;90;53.53;0.2114;2.733
Case 17879;3;90;53.52;0.2113;2.733
Case 17880;3;90;53.51;0.2112;2.734
Case 17881;3;90;53.49;0.2111;2.734
Case 17882;3;90;53.47;0.211;2.734
Case 17883;3;90;53.46;0.2109;2.734
Case 17884;3;90;53.45;0.2108;2.735
Case 17885;3;90;53.43;0.2107;2.735
Case 17886;3;90;53.42;0.2106;2.735
Case 17887;3;90;53.41;0.2105;2.735
Case 17888;3;90;53.39;0.2104;2.736
Case 17889;3;90;53.38;0.2103;2.736
Case 17890;3;90;53.37;0.2102;2.736
Case 17891;3;90;53.35;0.2101;2.737
Case 17892;3;90;53.34;0.21;2.737
Case 17893;3;90;53.32;0.2099;2.737
Case 17894;3;90;53.31;0.2098;2.737
Case 17895;3;90;53.3;0.2097;2.738
Case 17896;3;90;53.28;0.2096;2.738
Case 17897;3;90;53.26;0.2095;2.738
Case 17898;3;90;53.25;0.2094;2.738
Case 17899;3;90;53.23;0.2093;2.739
Case 17900;3;90;53.22;0.2092;2.739
Case 17901;3;90;53.21;0.2091;2.739
Case 17902;3;90;53.19;0.209;2.74
Case 17903;3;90;53.18;0.2089;2.74
Case 17904;3;90;53.16;0.2088;2.74
Case 17905;3;90;53.15;0.2087;2.74
Case 17906;3;90;53.14;0.2086;2.741
Case 17907;3;90;53.12;0.2085;2.741
Case 17908;3;90;53.1;0.2084;2.741
Case 17909;3;90;53.09;0.2083;2.741
Case 17910;3;90;53.08;0.2082;2.742
Case 17911;3;90;53.06;0.2081;2.742
Case 17912;3;90;53.05;0.208;2.742
Case 17913;3;90;53.04;0.2079;2.742
Case 17914;3;90;53.02;0.2078;2.743
Case 17915;3;90;53;0.2077;2.743
Case 17916;3;90;52.99;0.2076;2.743
Case 17917;3;90;52.98;0.2075;2.744
Case 17918;3;90;52.96;0.2074;2.744
Case 17919;3;90;52.94;0.2073;2.744
Case 17920;3;90;52.93;0.2072;2.744
Case 17921;3;90;52.92;0.2071;2.745
Case 17922;3;90;52.9;0.207;2.745
Case 17923;3;90;52.89;0.2069;2.745
Case 17924;3;90;52.88;0.2068;2.745
Case 17925;3;90;52.86;0.2067;2.746
Case 17926;3;90;52.85;0.2066;2.746
Case 17927;3;90;52.83;0.2065;2.746
Case 17928;3;90;52.82;0.2064;2.746
Case 17929;3;90;52.8;0.2063;2.747
Case 17930;3;90;52.79;0.2062;2.747
Case 17931;3;90;52.78;0.2061;2.747
Case 17932;3;90;52.76;0.206;2.747
Case 17933;3;90;52.74;0.2059;2.748
Case 17934;3;90;52.73;0.2058;2.748
Case 17935;3;90;52.72;0.2057;2.748
Case 17936;3;90;52.7;0.2056;2.749
Case 17937;3;90;52.69;0.2055;2.749
Case 17938;3;90;52.67;0.2054;2.749
Case 17939;3;90;52.66;0.2053;2.749
Case 17940;3;90;52.64;0.2052;2.75
Case 17941;3;90;52.63;0.2051;2.75
Case 17942;3;90;52.62;0.205;2.75
Case 17943;3;90;52.6;0.2049;2.75
Case 17944;3;90;52.58;0.2048;2.751
Case 17945;3;90;52.57;0.2047;2.751
Case 17946;3;90;52.55;0.2046;2.751
Case 17947;3;90;52.54;0.2045;2.751
Case 17948;3;90;52.53;0.2044;2.752
Case 17949;3;90;52.51;0.2043;2.752
Case 17950;3;90;52.5;0.2042;2.752
Case 17951;3;90;52.48;0.2041;2.752
Case 17952;3;90;52.47;0.204;2.753
Case 17953;3;90;52.45;0.2039;2.753
Case 17954;3;90;52.43;0.2038;2.753
Case 17955;3;90;52.42;0.2037;2.753
Case 17956;3;90;52.41;0.2036;2.754
Case 17957;3;90;52.39;0.2035;2.754
Case 17958;3;90;52.38;0.2034;2.754
Case 17959;3;90;52.36;0.2033;2.754
Case 17960;3;90;52.35;0.2032;2.755
Case 17961;3;90;52.34;0.2031;2.755
Case 17962;3;90;52.32;0.203;2.755
Case 17963;3;90;52.31;0.2029;2.756
Case 17964;3;90;52.29;0.2028;2.756
Case 17965;3;90;52.28;0.2027;2.756
Case 17966;3;90;52.26;0.2026;2.756
Case 17967;3;90;52.24;0.2025;2.757
Case 17968;3;90;52.23;0.2024;2.757
Case 17969;3;90;52.22;0.2023;2.757
Case 17970;3;90;52.2;0.2022;2.757
Case 17971;3;90;52.19;0.2021;2.758
Case 17972;3;90;52.17;0.202;2.758
Case 17973;3;90;52.16;0.2019;2.758
Case 17974;3;90;52.14;0.2018;2.758
Case 17975;3;90;52.13;0.2017;2.759
Case 17976;3;90;52.11;0.2016;2.759
Case 17977;3;90;52.09;0.2015;2.759
Case 17978;3;90;52.08;0.2014;2.759
Case 17979;3;90;52.07;0.2013;2.76
Case 17980;3;90;52.05;0.2012;2.76
Case 17981;3;90;52.04;0.2011;2.76
Case 17982;3;90;52.02;0.201;2.76
Case 17983;3;90;52.01;0.2009;2.761
Case 17984;3;90;51.99;0.2008;2.761
Case 17985;3;90;51.98;0.2007;2.761
Case 17986;3;90;51.96;0.2006;2.761
Case 17987;3;90;51.94;0.2005;2.762
Case 17988;3;90;51.93;0.2004;2.762
Case 17989;3;90;51.92;0.2003;2.762
Case 17990;3;90;51.9;0.2002;2.762
Case 17991;3;90;51.89;0.2001;2.763
Case 17992;3;90;51.87;0.2;2.763
Case 17993;3;90;51.86;0.1999;2.763
Case 17994;3;90;51.85;0.1998;2.763
Case 17995;3;90;51.83;0.1997;2.764
Case 17996;3;90;51.81;0.1996;2.764
Case 17997;3;90;51.8;0.1995;2.764
Case 17998;3;90;51.79;0.1994;2.764
Case 17999;3;90;51.77;0.1993;2.765
Case 18000;3;90;51.75;0.1992;2.765
Case 18001;3;90;51.74;0.1991;2.765
Case 18002;3;90;51.72;0.199;2.765
Case 18003;3;90;51.71;0.1989;2.766
Case 18004;3;90;51.69;0.1988;2.766
Case 18005;3;90;51.68;0.1987;2.766
Case 18006;3;90;51.66;0.1986;2.766
Case 18007;3;90;51.65;0.1985;2.767
Case 18008;3;90;51.63;0.1984;2.767
Case 18009;3;90;51.61;0.1983;2.767
Case 18010;3;90;51.6;0.1982;2.767
Case 18011;3;90;51.58;0.1981;2.768
Case 18012;3;90;51.57;0.198;2.768
Case 18013;3;90;51.55;0.1979;2.768
Case 18014;3;90;51.54;0.1978;2.768
Case 18015;3;90;51.53;0.1977;2.769
Case 18016;3;90;51.51;0.1976;2.769
Case 18017;3;90;51.49;0.1975;2.769
Case 18018;3;90;51.48;0.1974;2.769
Case 18019;3;90;51.46;0.1973;2.77
Case 18020;3;90;51.45;0.1972;2.77
Case 18021;3;90;51.43;0.1971;2.77
Case 18022;3;90;51.42;0.197;2.77
Case 18023;3;90;51.41;0.1969;2.771
Case 18024;3;90;51.39;0.1968;2.771
Case 18025;3;90;51.37;0.1967;2.771
Case 18026;3;90;51.36;0.1966;2.771
Case 18027;3;90;51.34;0.1965;2.772
Case 18028;3;90;51.32;0.1964;2.772
Case 18029;3;90;51.31;0.1963;2.772
Case 18030;3;90;51.3;0.1962;2.772
Case 18031;3;90;51.28;0.1961;2.773
Case 18032;3;90;51.27;0.196;2.773
Case 18033;3;90;51.25;0.1959;2.773
Case 18034;3;90;51.23;0.1958;2.773
Case 18035;3;90;51.22;0.1957;2.774
Case 18036;3;90;51.2;0.1956;2.774
Case 18037;3;90;51.18;0.1955;2.774
Case 18038;3;90;51.17;0.1954;2.774
Case 18039;3;90;51.16;0.1953;2.775
Case 18040;3;90;51.14;0.1952;2.775
Case 18041;3;90;51.13;0.1951;2.775
Case 18042;3;90;51.11;0.195;2.775
Case 18043;3;90;51.09;0.1949;2.776
Case 18044;3;90;51.08;0.1948;2.776
Case 18045;3;90;51.06;0.1947;2.776
Case 18046;3;90;51.04;0.1946;2.776
Case 18047;3;90;51.03;0.1945;2.777
Case 18048;3;90;51.02;0.1944;2.777
Case 18049;3;90;51;0.1943;2.777
Case 18050;3;90;50.99;0.1942;2.777
Case 18051;3;90;50.97;0.1941;2.778
Case 18052;3;90;50.96;0.194;2.778
Case 18053;3;90;50.94;0.1939;2.778
Case 18054;3;90;50.92;0.1938;2.778
Case 18055;3;90;50.91;0.1937;2.779
Case 18056;3;90;50.89;0.1936;2.779
Case 18057;3;90;50.87;0.1935;2.779
Case 18058;3;90;50.86;0.1934;2.779
Case 18059;3;90;50.84;0.1933;2.779
Case 18060;3;90;50.83;0.1932;2.78
Case 18061;3;90;50.81;0.1931;2.78
Case 18062;3;90;50.8;0.193;2.78
Case 18063;3;90;50.78;0.1929;2.78
Case 18064;3;90;50.76;0.1928;2.781
Case 18065;3;90;50.75;0.1927;2.781
Case 18066;3;90;50.73;0.1926;2.781
Case 18067;3;90;50.72;0.1925;2.781
Case 18068;3;90;50.7;0.1924;2.782
Case 18069;3;90;50.69;0.1923;2.782
Case 18070;3;90;50.67;0.1922;2.782
Case 18071;3;90;50.65;0.1921;2.782
Case 18072;3;90;50.64;0.192;2.783
Case 18073;3;90;50.62;0.1919;2.783
Case 18074;3;90;50.61;0.1918;2.783
Case 18075;3;90;50.59;0.1917;2.783
Case 18076;3;90;50.57;0.1916;2.784
Case 18077;3;90;50.56;0.1915;2.784
Case 18078;3;90;50.55;0.1914;2.784
Case 18079;3;90;50.52;0.1913;2.784
Case 18080;3;90;50.51;0.1912;2.785
Case 18081;3;90;50.5;0.1911;2.785
Case 18082;3;90;50.48;0.191;2.785
Case 18083;3;90;50.47;0.1909;2.785
Case 18084;3;90;50.45;0.1908;2.785
Case 18085;3;90;50.43;0.1907;2.786
Case 18086;3;90;50.42;0.1906;2.786
Case 18087;3;90;50.4;0.1905;2.786
Case 18088;3;90;50.38;0.1904;2.786
Case 18089;3;90;50.37;0.1903;2.787
Case 18090;3;90;50.35;0.1902;2.787
Case 18091;3;90;50.34;0.1901;2.787
Case 18092;3;90;50.32;0.19;2.787
Case 18093;3;90;50.3;0.1899;2.788
Case 18094;3;90;50.29;0.1898;2.788
Case 18095;3;90;50.27;0.1897;2.788
Case 18096;3;90;50.25;0.1896;2.788
Case 18097;3;90;50.24;0.1895;2.789
Case 18098;3;90;50.22;0.1894;2.789
Case 18099;3;90;50.21;0.1893;2.789
Case 18100;3;90;50.19;0.1892;2.789
Case 18101;3;90;50.17;0.1891;2.79
Case 18102;3;90;50.16;0.189;2.79
Case 18103;3;90;50.14;0.1889;2.79
Case 18104;3;90;50.12;0.1888;2.79
Case 18105;3;90;50.11;0.1887;2.79
Case 18106;3;90;50.09;0.1886;2.791
Case 18107;3;90;50.08;0.1885;2.791
Case 18108;3;90;50.06;0.1884;2.791
Case 18109;3;90;50.05;0.1883;2.791
Case 18110;3;90;50.03;0.1882;2.792
Case 18111;3;90;50.01;0.1881;2.792
Case 18112;3;90;50;0.188;2.792
Case 18113;3;90;49.99;0.1879;2.792
Case 18114;3;90;49.97;0.1878;2.793
Case 18115;3;90;49.95;0.1877;2.793
Case 18116;3;90;49.94;0.1876;2.793
Case 18117;3;90;49.92;0.1875;2.793
Case 18118;3;90;49.91;0.1874;2.793
Case 18119;3;90;49.9;0.1873;2.794
Case 18120;3;90;49.88;0.1872;2.794
Case 18121;3;90;49.86;0.1871;2.794
Case 18122;3;90;49.85;0.187;2.794
Case 18123;3;90;49.84;0.1869;2.795
Case 18124;3;90;49.82;0.1868;2.795
Case 18125;3;90;49.8;0.1867;2.795
Case 18126;3;90;49.79;0.1866;2.795
Case 18127;3;90;49.77;0.1865;2.796
Case 18128;3;90;49.76;0.1864;2.796
Case 18129;3;90;49.74;0.1863;2.796
Case 18130;3;90;49.73;0.1862;2.796
Case 18131;3;90;49.71;0.1861;2.797
Case 18132;3;90;49.7;0.186;2.797
Case 18133;3;90;49.68;0.1859;2.797
Case 18134;3;90;49.66;0.1858;2.797
Case 18135;3;90;49.65;0.1857;2.797
Case 18136;3;90;49.64;0.1856;2.798
Case 18137;3;90;49.62;0.1855;2.798
Case 18138;3;90;49.61;0.1854;2.798
Case 18139;3;90;49.59;0.1853;2.798
Case 18140;3;90;49.58;0.1852;2.799
Case 18141;3;90;49.57;0.1851;2.799
Case 18142;3;90;49.55;0.185;2.799
Case 18143;3;90;49.53;0.1849;2.799
Case 18144;3;90;49.52;0.1848;2.799
Case 18145;3;90;49.51;0.1847;2.8
Case 18146;3;90;49.49;0.1846;2.8
Case 18147;3;90;49.47;0.1845;2.8
Case 18148;3;90;49.46;0.1844;2.8
Case 18149;3;90;49.44;0.1843;2.801
Case 18150;3;90;49.43;0.1842;2.801
Case 18151;3;90;49.41;0.1841;2.801
Case 18152;3;90;49.4;0.184;2.801
Case 18153;3;90;49.38;0.1839;2.802
Case 18154;3;90;49.37;0.1838;2.802
Case 18155;3;90;49.35;0.1837;2.802
Case 18156;3;90;49.33;0.1836;2.802
Case 18157;3;90;49.32;0.1835;2.802
Case 18158;3;90;49.31;0.1834;2.803
Case 18159;3;90;49.29;0.1833;2.803
Case 18160;3;90;49.28;0.1832;2.803
Case 18161;3;90;49.26;0.1831;2.803
Case 18162;3;90;49.24;0.183;2.804
Case 18163;3;90;49.23;0.1829;2.804
Case 18164;3;90;49.22;0.1828;2.804
Case 18165;3;90;49.2;0.1827;2.804
Case 18166;3;90;49.19;0.1826;2.804
Case 18167;3;90;49.17;0.1825;2.805
Case 18168;3;90;49.15;0.1824;2.805
Case 18169;3;90;49.14;0.1823;2.805
Case 18170;3;90;49.13;0.1822;2.805
Case 18171;3;90;49.11;0.1821;2.806
Case 18172;3;90;49.1;0.182;2.806
Case 18173;3;90;49.08;0.1819;2.806
Case 18174;3;90;49.06;0.1818;2.806
Case 18175;3;90;49.05;0.1817;2.807
Case 18176;3;90;49.04;0.1816;2.807
Case 18177;3;90;49.02;0.1815;2.807
Case 18178;3;90;49;0.1814;2.807
Case 18179;3;90;48.99;0.1813;2.807
Case 18180;3;90;48.97;0.1812;2.808
Case 18181;3;90;48.96;0.1811;2.808
Case 18182;3;90;48.94;0.181;2.808
Case 18183;3;90;48.93;0.1809;2.808
Case 18184;3;90;48.91;0.1808;2.809
Case 18185;3;90;48.9;0.1807;2.809
Case 18186;3;90;48.88;0.1806;2.809
Case 18187;3;90;48.86;0.1805;2.809
Case 18188;3;90;48.85;0.1804;2.809
Case 18189;3;90;48.83;0.1803;2.81
Case 18190;3;90;48.82;0.1802;2.81
Case 18191;3;90;48.81;0.1801;2.81
Case 18192;3;90;48.79;0.18;2.81
Case 18193;3;90;48.78;0.1799;2.811
Case 18194;3;90;48.76;0.1798;2.811
Case 18195;3;90;48.74;0.1797;2.811
Case 18196;3;90;48.73;0.1796;2.811
Case 18197;3;90;48.71;0.1795;2.811
Case 18198;3;90;48.69;0.1794;2.812
Case 18199;3;90;48.68;0.1793;2.812
Case 18200;3;90;48.67;0.1792;2.812
Case 18201;3;90;48.65;0.1791;2.812
Case 18202;3;90;48.64;0.179;2.813
Case 18203;3;90;48.62;0.1789;2.813
Case 18204;3;90;48.6;0.1788;2.813
Case 18205;3;90;48.59;0.1787;2.813
Case 18206;3;90;48.58;0.1786;2.813
Case 18207;3;90;48.55;0.1785;2.814
Case 18208;3;90;48.54;0.1784;2.814
Case 18209;3;90;48.53;0.1783;2.814
Case 18210;3;90;48.51;0.1782;2.814
Case 18211;3;90;48.5;0.1781;2.814
Case 18212;3;90;48.47;0.178;2.815
Case 18213;3;90;48.46;0.1779;2.815
Case 18214;3;90;48.45;0.1778;2.815
Case 18215;3;90;48.43;0.1777;2.815
Case 18216;3;90;48.42;0.1776;2.816
Case 18217;3;90;48.4;0.1775;2.816
Case 18218;3;90;48.39;0.1774;2.816
Case 18219;3;90;48.38;0.1773;2.816
Case 18220;3;90;48.36;0.1772;2.816
Case 18221;3;90;48.34;0.1771;2.817
Case 18222;3;90;48.33;0.177;2.817
Case 18223;3;90;48.31;0.1769;2.817
Case 18224;3;90;48.29;0.1768;2.817
Case 18225;3;90;48.28;0.1767;2.818
Case 18226;3;90;48.26;0.1766;2.818
Case 18227;3;90;48.25;0.1765;2.818
Case 18228;3;90;48.23;0.1764;2.818
Case 18229;3;90;48.22;0.1763;2.818
Case 18230;3;90;48.2;0.1762;2.819
Case 18231;3;90;48.18;0.1761;2.819
Case 18232;3;90;48.17;0.176;2.819
Case 18233;3;90;48.15;0.1759;2.819
Case 18234;3;90;48.14;0.1758;2.819
Case 18235;3;90;48.12;0.1757;2.82
Case 18236;3;90;48.11;0.1756;2.82
Case 18237;3;90;48.09;0.1755;2.82
Case 18238;3;90;48.08;0.1754;2.82
Case 18239;3;90;48.06;0.1753;2.821
Case 18240;3;90;48.05;0.1752;2.821
Case 18241;3;90;48.03;0.1751;2.821
Case 18242;3;90;48.01;0.175;2.821
Case 18243;3;90;48;0.1749;2.821
Case 18244;3;90;47.98;0.1748;2.822
Case 18245;3;90;47.97;0.1747;2.822
Case 18246;3;90;47.95;0.1746;2.822
Case 18247;3;90;47.93;0.1745;2.822
Case 18248;3;90;47.92;0.1744;2.822
Case 18249;3;90;47.91;0.1743;2.823
Case 18250;3;90;47.89;0.1742;2.823
Case 18251;3;90;47.87;0.1741;2.823
Case 18252;3;90;47.86;0.174;2.823
Case 18253;3;90;47.84;0.1739;2.824
Case 18254;3;90;47.83;0.1738;2.824
Case 18255;3;90;47.81;0.1737;2.824
Case 18256;3;90;47.79;0.1736;2.824
Case 18257;3;90;47.78;0.1735;2.824
Case 18258;3;90;47.76;0.1734;2.825
Case 18259;3;90;47.74;0.1733;2.825
Case 18260;3;90;47.73;0.1732;2.825
Case 18261;3;90;47.71;0.1731;2.825
Case 18262;3;90;47.7;0.173;2.825
Case 18263;3;90;47.68;0.1729;2.826
Case 18264;3;90;47.67;0.1728;2.826
Case 18265;3;90;47.64;0.1727;2.826
Case 18266;3;90;47.64;0.1726;2.826
Case 18267;3;90;47.62;0.1725;2.827
Case 18268;3;90;47.6;0.1724;2.827
Case 18269;3;90;47.59;0.1723;2.827
Case 18270;3;90;47.57;0.1722;2.827
Case 18271;3;90;47.56;0.1721;2.827
Case 18272;3;90;47.54;0.172;2.828
Case 18273;3;90;47.52;0.1719;2.828
Case 18274;3;90;47.51;0.1718;2.828
Case 18275;3;90;47.49;0.1717;2.828
Case 18276;3;90;47.47;0.1716;2.828
Case 18277;3;90;47.46;0.1715;2.829
Case 18278;3;90;47.44;0.1714;2.829
Case 18279;3;90;47.43;0.1713;2.829
Case 18280;3;90;47.41;0.1712;2.829
Case 18281;3;90;47.4;0.1711;2.829
Case 18282;3;90;47.37;0.171;2.83
Case 18283;3;90;47.36;0.1709;2.83
Case 18284;3;90;47.35;0.1708;2.83
Case 18285;3;90;47.33;0.1707;2.83
Case 18286;3;90;47.32;0.1706;2.83
Case 18287;3;90;47.3;0.1705;2.831
Case 18288;3;90;47.29;0.1704;2.831
Case 18289;3;90;47.27;0.1703;2.831
Case 18290;3;90;47.25;0.1702;2.831
Case 18291;3;90;47.24;0.1701;2.832
Case 18292;3;90;47.22;0.17;2.832
Case 18293;3;90;47.2;0.1699;2.832
Case 18294;3;90;47.19;0.1698;2.832
Case 18295;3;90;47.17;0.1697;2.832
Case 18296;3;90;47.16;0.1696;2.833
Case 18297;3;90;47.14;0.1695;2.833
Case 18298;3;90;47.12;0.1694;2.833
Case 18299;3;90;47.11;0.1693;2.833
Case 18300;3;90;47.09;0.1692;2.833
Case 18301;3;90;47.07;0.1691;2.834
Case 18302;3;90;47.06;0.169;2.834
Case 18303;3;90;47.04;0.1689;2.834
Case 18304;3;90;47.03;0.1688;2.834
Case 18305;3;90;47.01;0.1687;2.834
Case 18306;3;90;46.99;0.1686;2.835
Case 18307;3;90;46.98;0.1685;2.835
Case 18308;3;90;46.96;0.1684;2.835
Case 18309;3;90;46.94;0.1683;2.835
Case 18310;3;90;46.93;0.1682;2.835
Case 18311;3;90;46.91;0.1681;2.836
Case 18312;3;90;46.9;0.168;2.836
Case 18313;3;90;46.88;0.1679;2.836
Case 18314;3;90;46.87;0.1678;2.836
Case 18315;3;90;46.85;0.1677;2.836
Case 18316;3;90;46.83;0.1676;2.837
Case 18317;3;90;46.82;0.1675;2.837
Case 18318;3;90;46.8;0.1674;2.837
Case 18319;3;90;46.78;0.1673;2.837
Case 18320;3;90;46.77;0.1672;2.837
Case 18321;3;90;46.75;0.1671;2.838
Case 18322;3;90;46.74;0.167;2.838
Case 18323;3;90;46.72;0.1669;2.838
Case 18324;3;90;46.7;0.1668;2.838
Case 18325;3;90;46.69;0.1667;2.838
Case 18326;3;90;46.67;0.1666;2.839
Case 18327;3;90;46.65;0.1665;2.839
Case 18328;3;90;46.64;0.1664;2.839
Case 18329;3;90;46.62;0.1663;2.839
Case 18330;3;90;46.6;0.1662;2.839
Case 18331;3;90;46.59;0.1661;2.84
Case 18332;3;90;46.57;0.166;2.84
Case 18333;3;90;46.55;0.1659;2.84
Case 18334;3;90;46.54;0.1658;2.84
Case 18335;3;90;46.52;0.1657;2.84
Case 18336;3;90;46.51;0.1656;2.841
Case 18337;3;90;46.49;0.1655;2.841
Case 18338;3;90;46.47;0.1654;2.841
Case 18339;3;90;46.46;0.1653;2.841
Case 18340;3;90;46.44;0.1652;2.841
Case 18341;3;90;46.42;0.1651;2.842
Case 18342;3;90;46.41;0.165;2.842
Case 18343;3;90;46.39;0.1649;2.842
Case 18344;3;90;46.38;0.1648;2.842
Case 18345;3;90;46.36;0.1647;2.842
Case 18346;3;90;46.33;0.1646;2.843
Case 18347;3;90;46.32;0.1645;2.843
Case 18348;3;90;46.31;0.1644;2.843
Case 18349;3;90;46.29;0.1643;2.843
Case 18350;3;90;46.27;0.1642;2.843
Case 18351;3;90;46.26;0.1641;2.844
Case 18352;3;90;46.24;0.164;2.844
Case 18353;3;90;46.22;0.1639;2.844
Case 18354;3;90;46.21;0.1638;2.844
Case 18355;3;90;46.19;0.1637;2.844
Case 18356;3;90;46.17;0.1636;2.845
Case 18357;3;90;46.16;0.1635;2.845
Case 18358;3;90;46.14;0.1634;2.845
Case 18359;3;90;46.13;0.1633;2.845
Case 18360;3;90;46.1;0.1632;2.845
Case 18361;3;90;46.09;0.1631;2.846
Case 18362;3;90;46.08;0.163;2.846
Case 18363;3;90;46.06;0.1629;2.846
Case 18364;3;90;46.04;0.1628;2.846
Case 18365;3;90;46.03;0.1627;2.846
Case 18366;3;90;46;0.1626;2.847
Case 18367;3;90;45.99;0.1625;2.847
Case 18368;3;90;45.98;0.1624;2.847
Case 18369;3;90;45.96;0.1623;2.847
Case 18370;3;90;45.93;0.1622;2.847
Case 18371;3;90;45.92;0.1621;2.848
Case 18372;3;90;45.9;0.162;2.848
Case 18373;3;90;45.89;0.1619;2.848
Case 18374;3;90;45.88;0.1618;2.848
Case 18375;3;90;45.86;0.1617;2.848
Case 18376;3;90;45.83;0.1616;2.849
Case 18377;3;90;45.82;0.1615;2.849
Case 18378;3;90;45.81;0.1614;2.849
Case 18379;3;90;45.79;0.1613;2.849
Case 18380;3;90;45.77;0.1612;2.849
Case 18381;3;90;45.76;0.1611;2.85
Case 18382;3;90;45.73;0.161;2.85
Case 18383;3;90;45.72;0.1609;2.85
Case 18384;3;90;45.71;0.1608;2.85
Case 18385;3;90;45.69;0.1607;2.85
Case 18386;3;90;45.66;0.1606;2.851
Case 18387;3;90;45.65;0.1605;2.851
Case 18388;3;90;45.63;0.1604;2.851
Case 18389;3;90;45.62;0.1603;2.851
Case 18390;3;90;45.61;0.1602;2.851
Case 18391;3;90;45.59;0.1601;2.852
Case 18392;3;90;45.56;0.16;2.852
Case 18393;3;90;45.55;0.1599;2.852
Case 18394;3;90;45.53;0.1598;2.852
Case 18395;3;90;45.52;0.1597;2.852
Case 18396;3;90;45.5;0.1596;2.852
Case 18397;3;90;45.49;0.1595;2.853
Case 18398;3;90;45.46;0.1594;2.853
Case 18399;3;90;45.45;0.1593;2.853
Case 18400;3;90;45.43;0.1592;2.853
Case 18401;3;90;45.42;0.1591;2.853
Case 18402;3;90;45.39;0.159;2.854
Case 18403;3;90;45.38;0.1589;2.854
Case 18404;3;90;45.36;0.1588;2.854
Case 18405;3;90;45.35;0.1587;2.854
Case 18406;3;90;45.33;0.1586;2.854
Case 18407;3;90;45.32;0.1585;2.855
Case 18408;3;90;45.29;0.1584;2.855
Case 18409;3;90;45.28;0.1583;2.855
Case 18410;3;90;45.26;0.1582;2.855
Case 18411;3;90;45.25;0.1581;2.855
Case 18412;3;90;45.22;0.158;2.856
Case 18413;3;90;45.21;0.1579;2.856
Case 18414;3;90;45.19;0.1578;2.856
Case 18415;3;90;45.18;0.1577;2.856
Case 18416;3;90;45.15;0.1576;2.856
Case 18417;3;90;45.14;0.1575;2.856
Case 18418;3;90;45.12;0.1574;2.857
Case 18419;3;90;45.11;0.1573;2.857
Case 18420;3;90;45.08;0.1572;2.857
Case 18421;3;90;45.07;0.1571;2.857
Case 18422;3;90;45.05;0.157;2.857
Case 18423;3;90;45.04;0.1569;2.858
Case 18424;3;90;45.01;0.1568;2.858
Case 18425;3;90;45;0.1567;2.858
Case 18426;3;90;44.98;0.1566;2.858
Case 18427;3;90;44.97;0.1565;2.858
Case 18428;3;90;44.94;0.1564;2.859
Case 18429;3;90;44.93;0.1563;2.859
Case 18430;3;90;44.91;0.1562;2.859
Case 18431;3;90;44.9;0.1561;2.859
Case 18432;3;90;44.88;0.156;2.859
Case 18433;3;90;44.87;0.1559;2.859
Case 18434;3;90;44.84;0.1558;2.86
Case 18435;3;90;44.83;0.1557;2.86
Case 18436;3;90;44.81;0.1556;2.86
Case 18437;3;90;44.8;0.1555;2.86
Case 18438;3;90;44.77;0.1554;2.86
Case 18439;3;90;44.76;0.1553;2.861
Case 18440;3;90;44.74;0.1552;2.861
Case 18441;3;90;44.72;0.1551;2.861
Case 18442;3;90;44.7;0.155;2.861
Case 18443;3;90;44.69;0.1549;2.861
Case 18444;3;90;44.67;0.1548;2.862
Case 18445;3;90;44.65;0.1547;2.862
Case 18446;3;90;44.64;0.1546;2.862
Case 18447;3;90;44.61;0.1545;2.862
Case 18448;3;90;44.6;0.1544;2.862
Case 18449;3;90;44.58;0.1543;2.862
Case 18450;3;90;44.56;0.1542;2.863
Case 18451;3;90;44.55;0.1541;2.863
Case 18452;3;90;44.53;0.154;2.863
Case 18453;3;90;44.51;0.1539;2.863
Case 18454;3;90;44.49;0.1538;2.863
Case 18455;3;90;44.48;0.1537;2.864
Case 18456;3;90;44.45;0.1536;2.864
Case 18457;3;90;44.44;0.1535;2.864
Case 18458;3;90;44.42;0.1534;2.864
Case 18459;3;90;44.41;0.1533;2.864
Case 18460;3;90;44.39;0.1532;2.864
Case 18461;3;90;44.36;0.1531;2.865
Case 18462;3;90;44.35;0.153;2.865
Case 18463;3;90;44.33;0.1529;2.865
Case 18464;3;90;44.32;0.1528;2.865
Case 18465;3;90;44.3;0.1527;2.865
Case 18466;3;90;44.28;0.1526;2.866
Case 18467;3;90;44.27;0.1525;2.866
Case 18468;3;90;44.24;0.1524;2.866
Case 18469;3;90;44.23;0.1523;2.866
Case 18470;3;90;44.21;0.1522;2.866
Case 18471;3;90;44.19;0.1521;2.866
Case 18472;3;90;44.18;0.152;2.867
Case 18473;3;90;44.15;0.1519;2.867
Case 18474;3;90;44.14;0.1518;2.867
Case 18475;3;90;44.12;0.1517;2.867
Case 18476;3;90;44.1;0.1516;2.867
Case 18477;3;90;44.08;0.1515;2.868
Case 18478;3;90;44.07;0.1514;2.868
Case 18479;3;90;44.04;0.1513;2.868
Case 18480;3;90;44.03;0.1512;2.868
Case 18481;3;90;44.01;0.1511;2.868
Case 18482;3;90;43.99;0.151;2.868
Case 18483;3;90;43.98;0.1509;2.869
Case 18484;3;90;43.95;0.1508;2.869
Case 18485;3;90;43.94;0.1507;2.869
Case 18486;3;90;43.92;0.1506;2.869
Case 18487;3;90;43.9;0.1505;2.869
Case 18488;3;90;43.88;0.1504;2.87
Case 18489;3;90;43.87;0.1503;2.87
Case 18490;3;90;43.84;0.1502;2.87
Case 18491;3;90;43.83;0.1501;2.87
Case 18492;3;90;43.81;0.15;2.87
Case 18493;3;90;43.79;0.1499;2.87
Case 18494;3;90;43.78;0.1498;2.871
Case 18495;3;90;43.76;0.1497;2.871
Case 18496;3;90;43.73;0.1496;2.871
Case 18497;3;90;43.72;0.1495;2.871
Case 18498;3;90;43.7;0.1494;2.871
Case 18499;3;90;43.68;0.1493;2.872
Case 18500;3;90;43.67;0.1492;2.872
Case 18501;3;90;43.64;0.1491;2.872
Case 18502;3;90;43.63;0.149;2.872
Case 18503;3;90;43.61;0.1489;2.872
Case 18504;3;90;43.59;0.1488;2.872
Case 18505;3;90;43.57;0.1487;2.873
Case 18506;3;90;43.55;0.1486;2.873
Case 18507;3;90;43.54;0.1485;2.873
Case 18508;3;90;43.51;0.1484;2.873
Case 18509;3;90;43.5;0.1483;2.873
Case 18510;3;90;43.48;0.1482;2.873
Case 18511;3;90;43.46;0.1481;2.874
Case 18512;3;90;43.45;0.148;2.874
Case 18513;3;90;43.42;0.1479;2.874
Case 18514;3;90;43.41;0.1478;2.874
Case 18515;3;90;43.39;0.1477;2.874
Case 18516;3;90;43.37;0.1476;2.875
Case 18517;3;90;43.35;0.1475;2.875
Case 18518;3;90;43.33;0.1474;2.875
Case 18519;3;90;43.31;0.1473;2.875
Case 18520;3;90;43.3;0.1472;2.875
Case 18521;3;90;43.27;0.1471;2.875
Case 18522;3;90;43.26;0.147;2.876
Case 18523;3;90;43.24;0.1469;2.876
Case 18524;3;90;43.22;0.1468;2.876
Case 18525;3;90;43.2;0.1467;2.876
Case 18526;3;90;43.19;0.1466;2.876
Case 18527;3;90;43.16;0.1465;2.876
Case 18528;3;90;43.15;0.1464;2.877
Case 18529;3;90;43.13;0.1463;2.877
Case 18530;3;90;43.11;0.1462;2.877
Case 18531;3;90;43.09;0.1461;2.877
Case 18532;3;90;43.07;0.146;2.877
Case 18533;3;90;43.05;0.1459;2.878
Case 18534;3;90;43.04;0.1458;2.878
Case 18535;3;90;43.01;0.1457;2.878
Case 18536;3;90;43;0.1456;2.878
Case 18537;3;90;42.98;0.1455;2.878
Case 18538;3;90;42.96;0.1454;2.878
Case 18539;3;90;42.94;0.1453;2.879
Case 18540;3;90;42.92;0.1452;2.879
Case 18541;3;90;42.9;0.1451;2.879
Case 18542;3;90;42.88;0.145;2.879
Case 18543;3;90;42.87;0.1449;2.879
Case 18544;3;90;42.84;0.1448;2.879
Case 18545;3;90;42.83;0.1447;2.88
Case 18546;3;90;42.81;0.1446;2.88
Case 18547;3;90;42.78;0.1445;2.88
Case 18548;3;90;42.77;0.1444;2.88
Case 18549;3;90;42.75;0.1443;2.88
Case 18550;3;90;42.73;0.1442;2.88
Case 18551;3;90;42.71;0.1441;2.881
Case 18552;3;90;42.7;0.144;2.881
Case 18553;3;90;42.67;0.1439;2.881
Case 18554;3;90;42.66;0.1438;2.881
Case 18555;3;90;42.64;0.1437;2.881
Case 18556;3;90;42.61;0.1436;2.881
Case 18557;3;90;42.6;0.1435;2.882
Case 18558;3;90;42.58;0.1434;2.882
Case 18559;3;90;42.56;0.1433;2.882
Case 18560;3;90;42.54;0.1432;2.882
Case 18561;3;90;42.52;0.1431;2.882
Case 18562;3;90;42.5;0.143;2.882
Case 18563;3;90;42.48;0.1429;2.883
Case 18564;3;90;42.46;0.1428;2.883
Case 18565;3;90;42.44;0.1427;2.883
Case 18566;3;90;42.42;0.1426;2.883
Case 18567;3;90;42.4;0.1425;2.883
Case 18568;3;90;42.39;0.1424;2.883
Case 18569;3;90;42.37;0.1423;2.884
Case 18570;3;90;42.34;0.1422;2.884
Case 18571;3;90;42.33;0.1421;2.884
Case 18572;3;90;42.31;0.142;2.884
Case 18573;3;90;42.29;0.1419;2.884
Case 18574;3;90;42.27;0.1418;2.884
Case 18575;3;90;42.24;0.1417;2.885
Case 18576;3;90;42.23;0.1416;2.885
Case 18577;3;90;42.21;0.1415;2.885
Case 18578;3;90;42.19;0.1414;2.885
Case 18579;3;90;42.17;0.1413;2.885
Case 18580;3;90;42.15;0.1412;2.886
Case 18581;3;90;42.13;0.1411;2.886
Case 18582;3;90;42.12;0.141;2.886
Case 18583;3;90;42.09;0.1409;2.886
Case 18584;3;90;42.07;0.1408;2.886
Case 18585;3;90;42.06;0.1407;2.886
Case 18586;3;90;42.03;0.1406;2.887
Case 18587;3;90;42.02;0.1405;2.887
Case 18588;3;90;41.99;0.1404;2.887
Case 18589;3;90;41.97;0.1403;2.887
Case 18590;3;90;41.96;0.1402;2.887
Case 18591;3;90;41.93;0.1401;2.887
Case 18592;3;90;41.92;0.14;2.887
Case 18593;3;90;41.89;0.1399;2.888
Case 18594;3;90;41.87;0.1398;2.888
Case 18595;3;90;41.86;0.1397;2.888
Case 18596;3;90;41.83;0.1396;2.888
Case 18597;3;90;41.82;0.1395;2.888
Case 18598;3;90;41.79;0.1394;2.888
Case 18599;3;90;41.78;0.1393;2.889
Case 18600;3;90;41.76;0.1392;2.889
Case 18601;3;90;41.73;0.1391;2.889
Case 18602;3;90;41.72;0.139;2.889
Case 18603;3;90;41.69;0.1389;2.889
Case 18604;3;90;41.68;0.1388;2.889
Case 18605;3;90;41.65;0.1387;2.89
Case 18606;3;90;41.63;0.1386;2.89
Case 18607;3;90;41.62;0.1385;2.89
Case 18608;3;90;41.59;0.1384;2.89
Case 18609;3;90;41.58;0.1383;2.89
Case 18610;3;90;41.55;0.1382;2.89
Case 18611;3;90;41.54;0.1381;2.891
Case 18612;3;90;41.51;0.138;2.891
Case 18613;3;90;41.49;0.1379;2.891
Case 18614;3;90;41.48;0.1378;2.891
Case 18615;3;90;41.45;0.1377;2.891
Case 18616;3;90;41.44;0.1376;2.891
Case 18617;3;90;41.41;0.1375;2.892
Case 18618;3;90;41.39;0.1374;2.892
Case 18619;3;90;41.37;0.1373;2.892
Case 18620;3;90;41.35;0.1372;2.892
Case 18621;3;90;41.33;0.1371;2.892
Case 18622;3;90;41.31;0.137;2.892
Case 18623;3;90;41.28;0.1369;2.893
Case 18624;3;90;41.27;0.1368;2.893
Case 18625;3;90;41.25;0.1367;2.893
Case 18626;3;90;41.23;0.1366;2.893
Case 18627;3;90;41.2;0.1365;2.893
Case 18628;3;90;41.19;0.1364;2.893
Case 18629;3;90;41.16;0.1363;2.894
Case 18630;3;90;41.15;0.1362;2.894
Case 18631;3;90;41.13;0.1361;2.894
Case 18632;3;90;41.1;0.136;2.894
Case 18633;3;90;41.08;0.1359;2.894
Case 18634;3;90;41.06;0.1358;2.894
Case 18635;3;90;41.04;0.1357;2.894
Case 18636;3;90;41.02;0.1356;2.895
Case 18637;3;90;41.01;0.1355;2.895
Case 18638;3;90;40.98;0.1354;2.895
Case 18639;3;90;40.96;0.1353;2.895
Case 18640;3;90;40.94;0.1352;2.895
Case 18641;3;90;40.91;0.1351;2.895
Case 18642;3;90;40.9;0.135;2.896
Case 18643;3;90;40.87;0.1349;2.896
Case 18644;3;90;40.86;0.1348;2.896
Case 18645;3;90;40.83;0.1347;2.896
Case 18646;3;90;40.81;0.1346;2.896
Case 18647;3;90;40.79;0.1345;2.896
Case 18648;3;90;40.77;0.1344;2.897
Case 18649;3;90;40.74;0.1343;2.897
Case 18650;3;90;40.73;0.1342;2.897
Case 18651;3;90;40.7;0.1341;2.897
Case 18652;3;90;40.69;0.134;2.897
Case 18653;3;90;40.66;0.1339;2.897
Case 18654;3;90;40.65;0.1338;2.898
Case 18655;3;90;40.62;0.1337;2.898
Case 18656;3;90;40.6;0.1336;2.898
Case 18657;3;90;40.58;0.1335;2.898
Case 18658;3;90;40.56;0.1334;2.898
Case 18659;3;90;40.53;0.1333;2.898
Case 18660;3;90;40.52;0.1332;2.898
Case 18661;3;90;40.49;0.1331;2.899
Case 18662;3;90;40.48;0.133;2.899
Case 18663;3;90;40.45;0.1329;2.899
Case 18664;3;90;40.44;0.1328;2.899
Case 18665;3;90;40.41;0.1327;2.899
Case 18666;3;90;40.39;0.1326;2.899
Case 18667;3;90;40.37;0.1325;2.9
Case 18668;3;90;40.34;0.1324;2.9
Case 18669;3;90;40.33;0.1323;2.9
Case 18670;3;90;40.3;0.1322;2.9
Case 18671;3;90;40.28;0.1321;2.9
Case 18672;3;90;40.26;0.132;2.9
Case 18673;3;90;40.24;0.1319;2.9
Case 18674;3;90;40.21;0.1318;2.901
Case 18675;3;90;40.19;0.1317;2.901
Case 18676;3;90;40.17;0.1316;2.901
Case 18677;3;90;40.15;0.1315;2.901
Case 18678;3;90;40.13;0.1314;2.901
Case 18679;3;90;40.11;0.1313;2.901
Case 18680;3;90;40.08;0.1312;2.902
Case 18681;3;90;40.07;0.1311;2.902
Case 18682;3;90;40.04;0.131;2.902
Case 18683;3;90;40.02;0.1309;2.902
Case 18684;3;90;40;0.1308;2.902
Case 18685;3;90;39.98;0.1307;2.902
Case 18686;3;90;39.95;0.1306;2.902
Case 18687;3;90;39.94;0.1305;2.903
Case 18688;3;90;39.91;0.1304;2.903
Case 18689;3;90;39.9;0.1303;2.903
Case 18690;3;90;39.88;0.1302;2.903
Case 18691;3;90;39.86;0.1301;2.903
Case 18692;3;90;39.83;0.13;2.903
Case 18693;3;90;39.82;0.1299;2.904
Case 18694;3;90;39.8;0.1298;2.904
Case 18695;3;90;39.77;0.1297;2.904
Case 18696;3;90;39.76;0.1296;2.904
Case 18697;3;90;39.73;0.1295;2.904
Case 18698;3;90;39.72;0.1294;2.904
Case 18699;3;90;39.69;0.1293;2.904
Case 18700;3;90;39.67;0.1292;2.905
Case 18701;3;90;39.65;0.1291;2.905
Case 18702;3;90;39.63;0.129;2.905
Case 18703;3;90;39.62;0.1289;2.905
Case 18704;3;90;39.59;0.1288;2.905
Case 18705;3;90;39.57;0.1287;2.905
Case 18706;3;90;39.55;0.1286;2.906
Case 18707;3;90;39.53;0.1285;2.906
Case 18708;3;90;39.51;0.1284;2.906
Case 18709;3;90;39.48;0.1283;2.906
Case 18710;3;90;39.47;0.1282;2.906
Case 18711;3;90;39.44;0.1281;2.906
Case 18712;3;90;39.43;0.128;2.906
Case 18713;3;90;39.41;0.1279;2.907
Case 18714;3;90;39.38;0.1278;2.907
Case 18715;3;90;39.36;0.1277;2.907
Case 18716;3;90;39.35;0.1276;2.907
Case 18717;3;90;39.32;0.1275;2.907
Case 18718;3;90;39.3;0.1274;2.907
Case 18719;3;90;39.29;0.1273;2.907
Case 18720;3;90;39.26;0.1272;2.908
Case 18721;3;90;39.24;0.1271;2.908
Case 18722;3;90;39.22;0.127;2.908
Case 18723;3;90;39.19;0.1269;2.908
Case 18724;3;90;39.18;0.1268;2.908
Case 18725;3;90;39.15;0.1267;2.908
Case 18726;3;90;39.14;0.1266;2.908
Case 18727;3;90;39.11;0.1265;2.909
Case 18728;3;90;39.1;0.1264;2.909
Case 18729;3;90;39.08;0.1263;2.909
Case 18730;3;90;39.05;0.1262;2.909
Case 18731;3;90;39.03;0.1261;2.909
Case 18732;3;90;39.01;0.126;2.909
Case 18733;3;90;38.99;0.1259;2.91
Case 18734;3;90;38.97;0.1258;2.91
Case 18735;3;90;38.94;0.1257;2.91
Case 18736;3;90;38.93;0.1256;2.91
Case 18737;3;90;38.9;0.1255;2.91
Case 18738;3;90;38.89;0.1254;2.91
Case 18739;3;90;38.86;0.1253;2.91
Case 18740;3;90;38.85;0.1252;2.911
Case 18741;3;90;38.82;0.1251;2.911
Case 18742;3;90;38.8;0.125;2.911
Case 18743;3;90;38.78;0.1249;2.911
Case 18744;3;90;38.76;0.1248;2.911
Case 18745;3;90;38.73;0.1247;2.911
Case 18746;3;90;38.72;0.1246;2.911
Case 18747;3;90;38.69;0.1245;2.912
Case 18748;3;90;38.68;0.1244;2.912
Case 18749;3;90;38.65;0.1243;2.912
Case 18750;3;90;38.63;0.1242;2.912
Case 18751;3;90;38.61;0.1241;2.912
Case 18752;3;90;38.59;0.124;2.912
Case 18753;3;90;38.57;0.1239;2.912
Case 18754;3;90;38.54;0.1238;2.913
Case 18755;3;90;38.53;0.1237;2.913
Case 18756;3;90;38.5;0.1236;2.913
Case 18757;3;90;38.48;0.1235;2.913
Case 18758;3;90;38.46;0.1234;2.913
Case 18759;3;90;38.44;0.1233;2.913
Case 18760;3;90;38.41;0.1232;2.913
Case 18761;3;90;38.4;0.1231;2.914
Case 18762;3;90;38.37;0.123;2.914
Case 18763;3;90;38.36;0.1229;2.914
Case 18764;3;90;38.33;0.1228;2.914
Case 18765;3;90;38.31;0.1227;2.914
Case 18766;3;90;38.29;0.1226;2.914
Case 18767;3;90;38.26;0.1225;2.914
Case 18768;3;90;38.25;0.1224;2.915
Case 18769;3;90;38.22;0.1223;2.915
Case 18770;3;90;38.21;0.1222;2.915
Case 18771;3;90;38.18;0.1221;2.915
Case 18772;3;90;38.15;0.122;2.915
Case 18773;3;90;38.14;0.1219;2.915
Case 18774;3;90;38.11;0.1218;2.915
Case 18775;3;90;38.1;0.1217;2.916
Case 18776;3;90;38.07;0.1216;2.916
Case 18777;3;90;38.05;0.1215;2.916
Case 18778;3;90;38.03;0.1214;2.916
Case 18779;3;90;38;0.1213;2.916
Case 18780;3;90;37.99;0.1212;2.916
Case 18781;3;90;37.96;0.1211;2.916
Case 18782;3;90;37.94;0.121;2.917
Case 18783;3;90;37.92;0.1209;2.917
Case 18784;3;90;37.89;0.1208;2.917
Case 18785;3;90;37.88;0.1207;2.917
Case 18786;3;90;37.85;0.1206;2.917
Case 18787;3;90;37.83;0.1205;2.917
Case 18788;3;90;37.81;0.1204;2.917
Case 18789;3;90;37.79;0.1203;2.918
Case 18790;3;90;37.76;0.1202;2.918
Case 18791;3;90;37.75;0.1201;2.918
Case 18792;3;90;37.72;0.12;2.918
Case 18793;3;90;37.7;0.1199;2.918
Case 18794;3;90;37.68;0.1198;2.918
Case 18795;3;90;37.65;0.1197;2.918
Case 18796;3;90;37.64;0.1196;2.919
Case 18797;3;90;37.61;0.1195;2.919
Case 18798;3;90;37.59;0.1194;2.919
Case 18799;3;90;37.57;0.1193;2.919
Case 18800;3;90;37.54;0.1192;2.919
Case 18801;3;90;37.52;0.1191;2.919
Case 18802;3;90;37.5;0.119;2.919
Case 18803;3;90;37.48;0.1189;2.92
Case 18804;3;90;37.45;0.1188;2.92
Case 18805;3;90;37.44;0.1187;2.92
Case 18806;3;90;37.41;0.1186;2.92
Case 18807;3;90;37.38;0.1185;2.92
Case 18808;3;90;37.37;0.1184;2.92
Case 18809;3;90;37.34;0.1183;2.92
Case 18810;3;90;37.32;0.1182;2.92
Case 18811;3;90;37.3;0.1181;2.921
Case 18812;3;90;37.28;0.118;2.921
Case 18813;3;90;37.25;0.1179;2.921
Case 18814;3;90;37.24;0.1178;2.921
Case 18815;3;90;37.21;0.1177;2.921
Case 18816;3;90;37.18;0.1176;2.921
Case 18817;3;90;37.16;0.1175;2.921
Case 18818;3;90;37.14;0.1174;2.922
Case 18819;3;90;37.12;0.1173;2.922
Case 18820;3;90;37.09;0.1172;2.922
Case 18821;3;90;37.08;0.1171;2.922
Case 18822;3;90;37.05;0.117;2.922
Case 18823;3;90;37.03;0.1169;2.922
Case 18824;3;90;37;0.1168;2.922
Case 18825;3;90;36.99;0.1167;2.923
Case 18826;3;90;36.96;0.1166;2.923
Case 18827;3;90;36.93;0.1165;2.923
Case 18828;3;90;36.91;0.1164;2.923
Case 18829;3;90;36.89;0.1163;2.923
Case 18830;3;90;36.87;0.1162;2.923
Case 18831;3;90;36.84;0.1161;2.923
Case 18832;3;90;36.82;0.116;2.923
Case 18833;3;90;36.8;0.1159;2.924
Case 18834;3;90;36.78;0.1158;2.924
Case 18835;3;90;36.75;0.1157;2.924
Case 18836;3;90;36.73;0.1156;2.924
Case 18837;3;90;36.71;0.1155;2.924
Case 18838;3;90;36.68;0.1154;2.924
Case 18839;3;90;36.66;0.1153;2.924
Case 18840;3;90;36.64;0.1152;2.925
Case 18841;3;90;36.62;0.1151;2.925
Case 18842;3;90;36.59;0.115;2.925
Case 18843;3;90;36.57;0.1149;2.925
Case 18844;3;90;36.54;0.1148;2.925
Case 18845;3;90;36.52;0.1147;2.925
Case 18846;3;90;36.5;0.1146;2.925
Case 18847;3;90;36.48;0.1145;2.925
Case 18848;3;90;36.45;0.1144;2.926
Case 18849;3;90;36.43;0.1143;2.926
Case 18850;3;90;36.4;0.1142;2.926
Case 18851;3;90;36.39;0.1141;2.926
Case 18852;3;90;36.36;0.114;2.926
Case 18853;3;90;36.34;0.1139;2.926
Case 18854;3;90;36.31;0.1138;2.926
Case 18855;3;90;36.29;0.1137;2.927
Case 18856;3;90;36.27;0.1136;2.927
Case 18857;3;90;36.24;0.1135;2.927
Case 18858;3;90;36.22;0.1134;2.927
Case 18859;3;90;36.2;0.1133;2.927
Case 18860;3;90;36.17;0.1132;2.927
Case 18861;3;90;36.15;0.1131;2.927
Case 18862;3;90;36.12;0.113;2.927
Case 18863;3;90;36.11;0.1129;2.928
Case 18864;3;90;36.08;0.1128;2.928
Case 18865;3;90;36.05;0.1127;2.928
Case 18866;3;90;36.03;0.1126;2.928
Case 18867;3;90;36;0.1125;2.928
Case 18868;3;90;35.98;0.1124;2.928
Case 18869;3;90;35.96;0.1123;2.928
Case 18870;3;90;35.94;0.1122;2.928
Case 18871;3;90;35.91;0.1121;2.929
Case 18872;3;90;35.89;0.112;2.929
Case 18873;3;90;35.86;0.1119;2.929
Case 18874;3;90;35.84;0.1118;2.929
Case 18875;3;90;35.81;0.1117;2.929
Case 18876;3;90;35.79;0.1116;2.929
Case 18877;3;90;35.76;0.1115;2.929
Case 18878;3;90;35.74;0.1114;2.93
Case 18879;3;90;35.72;0.1113;2.93
Case 18880;3;90;35.7;0.1112;2.93
Case 18881;3;90;35.67;0.1111;2.93
Case 18882;3;90;35.65;0.111;2.93
Case 18883;3;90;35.62;0.1109;2.93
Case 18884;3;90;35.6;0.1108;2.93
Case 18885;3;90;35.57;0.1107;2.93
Case 18886;3;90;35.55;0.1106;2.931
Case 18887;3;90;35.53;0.1105;2.931
Case 18888;3;90;35.5;0.1104;2.931
Case 18889;3;90;35.48;0.1103;2.931
Case 18890;3;90;35.45;0.1102;2.931
Case 18891;3;90;35.43;0.1101;2.931
Case 18892;3;90;35.4;0.11;2.931
Case 18893;3;90;35.38;0.1099;2.931
Case 18894;3;90;35.35;0.1098;2.932
Case 18895;3;90;35.33;0.1097;2.932
Case 18896;3;90;35.3;0.1096;2.932
Case 18897;3;90;35.28;0.1095;2.932
Case 18898;3;90;35.25;0.1094;2.932
Case 18899;3;90;35.24;0.1093;2.932
Case 18900;3;90;35.21;0.1092;2.932
Case 18901;3;90;35.19;0.1091;2.932
Case 18902;3;90;35.16;0.109;2.933
Case 18903;3;90;35.14;0.1089;2.933
Case 18904;3;90;35.11;0.1088;2.933
Case 18905;3;90;35.09;0.1087;2.933
Case 18906;3;90;35.06;0.1086;2.933
Case 18907;3;90;35.04;0.1085;2.933
Case 18908;3;90;35.01;0.1084;2.933
Case 18909;3;90;34.99;0.1083;2.933
Case 18910;3;90;34.96;0.1082;2.934
Case 18911;3;90;34.94;0.1081;2.934
Case 18912;3;90;34.91;0.108;2.934
Case 18913;3;90;34.89;0.1079;2.934
Case 18914;3;90;34.87;0.1078;2.934
Case 18915;3;90;34.84;0.1077;2.934
Case 18916;3;90;34.81;0.1076;2.934
Case 18917;3;90;34.78;0.1075;2.934
Case 18918;3;90;34.76;0.1074;2.935
Case 18919;3;90;34.73;0.1073;2.935
Case 18920;3;90;34.71;0.1072;2.935
Case 18921;3;90;34.68;0.1071;2.935
Case 18922;3;90;34.66;0.107;2.935
Case 18923;3;90;34.63;0.1069;2.935
Case 18924;3;90;34.61;0.1068;2.935
Case 18925;3;90;34.58;0.1067;2.935
Case 18926;3;90;34.56;0.1066;2.936
Case 18927;3;90;34.53;0.1065;2.936
Case 18928;3;90;34.51;0.1064;2.936
Case 18929;3;90;34.48;0.1063;2.936
Case 18930;3;90;34.46;0.1062;2.936
Case 18931;3;90;34.43;0.1061;2.936
Case 18932;3;90;34.4;0.106;2.936
Case 18934;3;90;34.36;0.1058;2.937
Case 18935;3;90;34.33;0.1057;2.937
Case 18936;3;90;34.3;0.1056;2.937
Case 18937;3;90;34.27;0.1055;2.937
Case 18938;3;90;34.25;0.1054;2.937
Case 18939;3;90;34.22;0.1053;2.937
Case 18940;3;90;34.2;0.1052;2.937
Case 18941;3;90;34.17;0.1051;2.937
Case 18942;3;90;34.15;0.105;2.938
Case 18943;3;90;34.12;0.1049;2.938
Case 18944;3;90;34.09;0.1048;2.938
Case 18946;3;90;34.04;0.1046;2.938
Case 18947;3;90;34.02;0.1045;2.938
Case 18948;3;90;33.99;0.1044;2.938
Case 18949;3;90;33.96;0.1043;2.938
Case 18950;3;90;33.94;0.1042;2.938
Case 18951;3;90;33.91;0.1041;2.939
Case 18952;3;90;33.89;0.104;2.939
Case 18953;3;90;33.86;0.1039;2.939
Case 18954;3;90;33.83;0.1038;2.939
Case 18955;3;90;33.8;0.1037;2.939
Case 18956;3;90;33.78;0.1036;2.939
Case 18958;3;90;33.72;0.1034;2.939
Case 18959;3;90;33.7;0.1033;2.94
Case 18960;3;90;33.67;0.1032;2.94
Case 18961;3;90;33.65;0.1031;2.94
Case 18962;3;90;33.61;0.103;2.94
Case 18963;3;90;33.59;0.1029;2.94
Case 18964;3;90;33.57;0.1028;2.94
Case 18966;3;90;33.51;0.1026;2.94
Case 18967;3;90;33.49;0.1025;2.941
Case 18968;3;90;33.46;0.1024;2.941
Case 18969;3;90;33.43;0.1023;2.941
Case 18970;3;90;33.4;0.1022;2.941
Case 18971;3;90;33.38;0.1021;2.941
Case 18972;3;90;33.35;0.102;2.941
Case 18974;3;90;33.3;0.1018;2.941
Case 18975;3;90;33.26;0.1017;2.941
Case 18976;3;90;33.24;0.1016;2.942
Case 18978;3;90;33.18;0.1014;2.942
Case 18979;3;90;33.16;0.1013;2.942
Case 18980;3;90;33.14;0.1012;2.942
Case 18981;3;90;33.1;0.1011;2.942
Case 18982;3;90;33.08;0.101;2.942
Case 18983;3;90;33.05;0.1009;2.942
Case 18984;3;90;33.02;0.1008;2.942
Case 18985;3;90;32.99;0.1007;2.943
Case 18986;3;90;32.97;0.1006;2.943
Case 18987;3;90;32.94;0.1005;2.943
Case 18988;3;90;32.91;0.1004;2.943
Case 18989;3;90;32.88;0.1003;2.943
Case 18990;3;90;32.86;0.1002;2.943
Case 18991;3;90;32.82;0.1001;2.943
Case 18992;3;90;32.8;0.1;2.943
Case 18993;3;90;32.77;0.0999;2.944
Case 18994;3;90;32.74;0.0998;2.944
Case 18995;3;90;32.71;0.0997;2.944
Case 18996;3;90;32.69;0.0996;2.944
Case 18997;3;90;32.66;0.0995;2.944
Case 18998;3;90;32.63;0.0994;2.944
Case 18999;3;90;32.61;0.0993;2.944
Case 19000;3;90;32.57;0.0992;2.944
Case 19001;3;90;32.55;0.0991;2.944
Case 19002;3;90;32.51;0.099;2.945
Case 19003;3;90;32.49;0.0989;2.945
Case 19004;3;90;32.46;0.0988;2.945
Case 19005;3;90;32.43;0.0987;2.945
Case 19006;3;90;32.4;0.0986;2.945
Case 19007;3;90;32.38;0.0985;2.945
Case 19008;3;90;32.34;0.0984;2.945
Case 19009;3;90;32.32;0.0983;2.945
Case 19010;3;90;32.28;0.0982;2.945
Case 19011;3;90;32.26;0.0981;2.946
Case 19012;3;90;32.22;0.098;2.946
Case 19013;3;90;32.2;0.0979;2.946
Case 19014;3;90;32.17;0.0978;2.946
Case 19015;3;90;32.14;0.0977;2.946
Case 19016;3;90;32.12;0.0976;2.946
Case 19017;3;90;32.08;0.0975;2.946
Case 19018;3;90;32.06;0.0974;2.946
Case 19019;3;90;32.02;0.0973;2.946
Case 19020;3;90;32;0.0972;2.947
Case 19021;3;90;31.97;0.0971;2.947
Case 19022;3;90;31.94;0.097;2.947
Case 19023;3;90;31.91;0.0969;2.947
Case 19024;3;90;31.88;0.0968;2.947
Case 19025;3;90;31.85;0.0967;2.947
Case 19026;3;90;31.82;0.0966;2.947
Case 19027;3;90;31.79;0.0965;2.947
Case 19028;3;90;31.76;0.0964;2.947
Case 19029;3;90;31.73;0.0963;2.948
Case 19030;3;90;31.7;0.0962;2.948
Case 19031;3;90;31.68;0.0961;2.948
Case 19032;3;90;31.64;0.096;2.948
Case 19033;3;90;31.61;0.0959;2.948
Case 19034;3;90;31.58;0.0958;2.948
Case 19035;3;90;31.55;0.0957;2.948
Case 19036;3;90;31.52;0.0956;2.948
Case 19037;3;90;31.49;0.0955;2.948
Case 19038;3;90;31.46;0.0954;2.949
Case 19039;3;90;31.43;0.0953;2.949
Case 19040;3;90;31.4;0.0952;2.949
Case 19041;3;90;31.37;0.0951;2.949
Case 19042;3;90;31.33;0.095;2.949
Case 19043;3;90;31.31;0.0949;2.949
Case 19044;3;90;31.28;0.0948;2.949
Case 19045;3;90;31.25;0.0947;2.949
Case 19046;3;90;31.22;0.0946;2.949
Case 19047;3;90;31.18;0.0945;2.95
Case 19048;3;90;31.16;0.0944;2.95
Case 19049;3;90;31.12;0.0943;2.95
Case 19050;3;90;31.09;0.0942;2.95
Case 19051;3;90;31.06;0.0941;2.95
Case 19052;3;90;31.03;0.094;2.95
Case 19053;3;90;31;0.0939;2.95
Case 19054;3;90;30.97;0.0938;2.95
Case 19055;3;90;30.93;0.0937;2.95
Case 19056;3;90;30.91;0.0936;2.951
Case 19057;3;90;30.87;0.0935;2.951
Case 19058;3;90;30.84;0.0934;2.951
Case 19059;3;90;30.81;0.0933;2.951
Case 19060;3;90;30.78;0.0932;2.951
Case 19061;3;90;30.75;0.0931;2.951
Case 19062;3;90;30.71;0.093;2.951
Case 19063;3;90;30.69;0.0929;2.951
Case 19064;3;90;30.65;0.0928;2.951
Case 19065;3;90;30.62;0.0927;2.951
Case 19066;3;90;30.59;0.0926;2.952
Case 19067;3;90;30.56;0.0925;2.952
Case 19068;3;90;30.52;0.0924;2.952
Case 19069;3;90;30.49;0.0923;2.952
Case 19070;3;90;30.46;0.0922;2.952
Case 19071;3;90;30.43;0.0921;2.952
Case 19072;3;90;30.39;0.092;2.952
Case 19073;3;90;30.36;0.0919;2.952
Case 19074;3;90;30.32;0.0918;2.952
Case 19075;3;90;30.3;0.0917;2.953
Case 19076;3;90;30.27;0.0916;2.953
Case 19077;3;90;30.23;0.0915;2.953
Case 19078;3;90;30.2;0.0914;2.953
Case 19079;3;90;30.16;0.0913;2.953
Case 19080;3;90;30.13;0.0912;2.953
Case 19081;3;90;30.1;0.0911;2.953
Case 19082;3;90;30.07;0.091;2.953
Case 19083;3;90;30.03;0.0909;2.953
Case 19084;3;90;30;0.0908;2.953
Case 19085;3;90;29.97;0.0907;2.954
Case 19086;3;90;29.94;0.0906;2.954
Case 19087;3;90;29.91;0.0905;2.954
Case 19088;3;90;29.88;0.0904;2.954
Case 19089;3;90;29.86;0.0903;2.954
Case 19090;3;90;29.82;0.0902;2.954
Case 19091;3;90;29.8;0.0901;2.954
Case 19092;3;90;29.77;0.09;2.954
Case 19093;3;90;29.74;0.0899;2.954
Case 19094;3;90;29.71;0.0898;2.954
Case 19095;3;90;29.68;0.0897;2.955
Case 19096;3;90;29.65;0.0896;2.955
Case 19097;3;90;29.62;0.0895;2.955
Case 19098;3;90;29.59;0.0894;2.955
Case 19099;3;90;29.56;0.0893;2.955
Case 19100;3;90;29.53;0.0892;2.955
Case 19101;3;90;29.51;0.0891;2.955
Case 19102;3;90;29.47;0.089;2.955
Case 19103;3;90;29.45;0.0889;2.955
Case 19104;3;90;29.41;0.0888;2.956
Case 19105;3;90;29.39;0.0887;2.956
Case 19106;3;90;29.36;0.0886;2.956
Case 19107;3;90;29.33;0.0885;2.956
Case 19108;3;90;29.3;0.0884;2.956
Case 19109;3;90;29.27;0.0883;2.956
Case 19110;3;90;29.24;0.0882;2.956
Case 19111;3;90;29.21;0.0881;2.956
Case 19112;3;90;29.18;0.088;2.956
Case 19113;3;90;29.15;0.0879;2.956
Case 19114;3;90;29.12;0.0878;2.957
Case 19115;3;90;29.09;0.0877;2.957
Case 19116;3;90;29.06;0.0876;2.957
Case 19117;3;90;29.03;0.0875;2.957
Case 19118;3;90;29;0.0874;2.957
Case 19119;3;90;28.97;0.0873;2.957
Case 19120;3;90;28.94;0.0872;2.957
Case 19121;3;90;28.92;0.0871;2.957
Case 19122;3;90;28.88;0.087;2.957
Case 19123;3;90;28.86;0.0869;2.957
Case 19124;3;90;28.82;0.0868;2.958
Case 19125;3;90;28.8;0.0867;2.958
Case 19126;3;90;28.76;0.0866;2.958
Case 19127;3;90;28.74;0.0865;2.958
Case 19128;3;90;28.7;0.0864;2.958
Case 19129;3;90;28.67;0.0863;2.958
Case 19130;3;90;28.64;0.0862;2.958
Case 19131;3;90;28.61;0.0861;2.958
Case 19132;3;90;28.58;0.086;2.958
Case 19133;3;90;28.55;0.0859;2.958
Case 19134;3;90;28.53;0.0858;2.959
Case 19135;3;90;28.49;0.0857;2.959
Case 19136;3;90;28.47;0.0856;2.959
Case 19137;3;90;28.43;0.0855;2.959
Case 19138;3;90;28.4;0.0854;2.959
Case 19139;3;90;28.37;0.0853;2.959
Case 19140;3;90;28.34;0.0852;2.959
Case 19141;3;90;28.31;0.0851;2.959
Case 19142;3;90;28.28;0.085;2.959
Case 19143;3;90;28.24;0.0849;2.959
Case 19144;3;90;28.22;0.0848;2.959
Case 19145;3;90;28.18;0.0847;2.96
Case 19146;3;90;28.16;0.0846;2.96
Case 19147;3;90;28.13;0.0845;2.96
Case 19148;3;90;28.09;0.0844;2.96
Case 19149;3;90;28.07;0.0843;2.96
Case 19150;3;90;28.03;0.0842;2.96
Case 19151;3;90;28.01;0.0841;2.96
Case 19152;3;90;27.97;0.084;2.96
Case 19153;3;90;27.94;0.0839;2.96
Case 19154;3;90;27.91;0.0838;2.96
Case 19155;3;90;27.88;0.0837;2.961
Case 19156;3;90;27.84;0.0836;2.961
Case 19157;3;90;27.82;0.0835;2.961
Case 19158;3;90;27.79;0.0834;2.961
Case 19159;3;90;27.75;0.0833;2.961
Case 19160;3;90;27.73;0.0832;2.961
Case 19161;3;90;27.69;0.0831;2.961
Case 19162;3;90;27.67;0.083;2.961
Case 19163;3;90;27.63;0.0829;2.961
Case 19164;3;90;27.6;0.0828;2.961
Case 19165;3;90;27.57;0.0827;2.961
Case 19166;3;90;27.54;0.0826;2.962
Case 19167;3;90;27.5;0.0825;2.962
Case 19168;3;90;27.48;0.0824;2.962
Case 19169;3;90;27.44;0.0823;2.962
Case 19170;3;90;27.41;0.0822;2.962
Case 19171;3;90;27.38;0.0821;2.962
Case 19172;3;90;27.35;0.082;2.962
Case 19173;3;90;27.32;0.0819;2.962
Case 19174;3;90;27.28;0.0818;2.962
Case 19175;3;90;27.26;0.0817;2.962
Case 19176;3;90;27.22;0.0816;2.963
Case 19177;3;90;27.19;0.0815;2.963
Case 19178;3;90;27.16;0.0814;2.963
Case 19179;3;90;27.13;0.0813;2.963
Case 19180;3;90;27.09;0.0812;2.963
Case 19181;3;90;27.06;0.0811;2.963
Case 19182;3;90;27.03;0.081;2.963
Case 19183;3;90;27;0.0809;2.963
Case 19184;3;90;26.97;0.0808;2.963
Case 19185;3;90;26.93;0.0807;2.963
Case 19186;3;90;26.91;0.0806;2.963
Case 19187;3;90;26.87;0.0805;2.964
Case 19188;3;90;26.84;0.0804;2.964
Case 19189;3;90;26.8;0.0803;2.964
Case 19190;3;90;26.78;0.0802;2.964
Case 19191;3;90;26.74;0.0801;2.964
Case 19192;3;90;26.71;0.08;2.964
Case 19193;3;90;26.67;0.0799;2.964
Case 19194;3;90;26.65;0.0798;2.964
Case 19195;3;90;26.62;0.0797;2.964
Case 19196;3;90;26.58;0.0796;2.964
Case 19197;3;90;26.55;0.0795;2.964
Case 19198;3;90;26.51;0.0794;2.965
Case 19199;3;90;26.49;0.0793;2.965
Case 19200;3;90;26.45;0.0792;2.965
Case 19201;3;90;26.42;0.0791;2.965
Case 19202;3;90;26.38;0.079;2.965
Case 19203;3;90;26.35;0.0789;2.965
Case 19204;3;90;26.32;0.0788;2.965
Case 19205;3;90;26.29;0.0787;2.965
Case 19206;3;90;26.25;0.0786;2.965
Case 19207;3;90;26.22;0.0785;2.965
Case 19208;3;90;26.19;0.0784;2.965
Case 19209;3;90;26.15;0.0783;2.966
Case 19210;3;90;26.13;0.0782;2.966
Case 19211;3;90;26.09;0.0781;2.966
Case 19212;3;90;26.06;0.078;2.966
Case 19213;3;90;26.02;0.0779;2.966
Case 19214;3;90;25.99;0.0778;2.966
Case 19215;3;90;25.95;0.0777;2.966
Case 19216;3;90;25.92;0.0776;2.966
Case 19217;3;90;25.89;0.0775;2.966
Case 19218;3;90;25.86;0.0774;2.966
Case 19219;3;90;25.83;0.0773;2.966
Case 19220;3;90;25.79;0.0772;2.966
Case 19221;3;90;25.76;0.0771;2.967
Case 19222;3;90;25.72;0.077;2.967
Case 19223;3;90;25.69;0.0769;2.967
Case 19224;3;90;25.65;0.0768;2.967
Case 19225;3;90;25.62;0.0767;2.967
Case 19226;3;90;25.58;0.0766;2.967
Case 19227;3;90;25.56;0.0765;2.967
Case 19228;3;90;25.52;0.0764;2.967
Case 19229;3;90;25.49;0.0763;2.967
Case 19230;3;90;25.45;0.0762;2.967
Case 19231;3;90;25.42;0.0761;2.967
Case 19232;3;90;25.39;0.076;2.968
Case 19233;3;90;25.35;0.0759;2.968
Case 19234;3;90;25.32;0.0758;2.968
Case 19235;3;90;25.28;0.0757;2.968
Case 19236;3;90;25.25;0.0756;2.968
Case 19237;3;90;25.21;0.0755;2.968
Case 19238;3;90;25.18;0.0754;2.968
Case 19239;3;90;25.14;0.0753;2.968
Case 19240;3;90;25.11;0.0752;2.968
Case 19241;3;90;25.07;0.0751;2.968
Case 19242;3;90;25.04;0.075;2.968
Case 19243;3;90;25.01;0.0749;2.968
Case 19244;3;90;24.97;0.0748;2.969
Case 19245;3;90;24.94;0.0747;2.969
Case 19246;3;90;24.9;0.0746;2.969
Case 19247;3;90;24.87;0.0745;2.969
Case 19248;3;90;24.83;0.0744;2.969
Case 19249;3;90;24.8;0.0743;2.969
Case 19250;3;90;24.76;0.0742;2.969
Case 19251;3;90;24.73;0.0741;2.969
Case 19252;3;90;24.69;0.074;2.969
Case 19253;3;90;24.66;0.0739;2.969
Case 19254;3;90;24.63;0.0738;2.969
Case 19255;3;90;24.59;0.0737;2.969
Case 19256;3;90;24.56;0.0736;2.97
Case 19257;3;90;24.52;0.0735;2.97
Case 19258;3;90;24.49;0.0734;2.97
Case 19259;3;90;24.45;0.0733;2.97
Case 19260;3;90;24.42;0.0732;2.97
Case 19261;3;90;24.37;0.0731;2.97
Case 19262;3;90;24.34;0.073;2.97
Case 19263;3;90;24.3;0.0729;2.97
Case 19264;3;90;24.27;0.0728;2.97
Case 19265;3;90;24.24;0.0727;2.97
Case 19266;3;90;24.2;0.0726;2.97
Case 19267;3;90;24.17;0.0725;2.97
Case 19268;3;90;24.13;0.0724;2.971
Case 19269;3;90;24.1;0.0723;2.971
Case 19270;3;90;24.05;0.0722;2.971
Case 19271;3;90;24.02;0.0721;2.971
Case 19272;3;90;23.98;0.072;2.971
Case 19273;3;90;23.95;0.0719;2.971
Case 19274;3;90;23.91;0.0718;2.971
Case 19275;3;90;23.88;0.0717;2.971
Case 19276;3;90;23.84;0.0716;2.971
Case 19277;3;90;23.8;0.0715;2.971
Case 19278;3;90;23.77;0.0714;2.971
Case 19279;3;90;23.73;0.0713;2.971
Case 19280;3;90;23.7;0.0712;2.972
Case 19281;3;90;23.66;0.0711;2.972
Case 19282;3;90;23.62;0.071;2.972
Case 19283;3;90;23.58;0.0709;2.972
Case 19284;3;90;23.55;0.0708;2.972
Case 19285;3;90;23.51;0.0707;2.972
Case 19286;3;90;23.47;0.0706;2.972
Case 19287;3;90;23.44;0.0705;2.972
Case 19288;3;90;23.4;0.0704;2.972
Case 19289;3;90;23.37;0.0703;2.972
Case 19290;3;90;23.33;0.0702;2.972
Case 19291;3;90;23.29;0.0701;2.972
Case 19292;3;90;23.25;0.07;2.972
Case 19293;3;90;23.22;0.0699;2.973
Case 19294;3;90;23.17;0.0698;2.973
Case 19295;3;90;23.14;0.0697;2.973
Case 19296;3;90;23.1;0.0696;2.973
Case 19297;3;90;23.07;0.0695;2.973
Case 19298;3;90;23.03;0.0694;2.973
Case 19299;3;90;22.99;0.0693;2.973
Case 19300;3;90;22.96;0.0692;2.973
Case 19301;3;90;22.91;0.0691;2.973
Case 19302;3;90;22.88;0.069;2.973
Case 19303;3;90;22.84;0.0689;2.973
Case 19304;3;90;22.8;0.0688;2.973
Case 19305;3;90;22.76;0.0687;2.973
Case 19306;3;90;22.73;0.0686;2.974
Case 19307;3;90;22.68;0.0685;2.974
Case 19308;3;90;22.65;0.0684;2.974
Case 19309;3;90;22.61;0.0683;2.974
Case 19310;3;90;22.57;0.0682;2.974
Case 19311;3;90;22.54;0.0681;2.974
Case 19312;3;90;22.49;0.068;2.974
Case 19313;3;90;22.46;0.0679;2.974
Case 19314;3;90;22.41;0.0678;2.974
Case 19315;3;90;22.38;0.0677;2.974
Case 19316;3;90;22.34;0.0676;2.974
Case 19317;3;90;22.3;0.0675;2.974
Case 19319;3;90;22.23;0.0673;2.975
Case 19320;3;90;22.18;0.0672;2.975
Case 19321;3;90;22.15;0.0671;2.975
Case 19322;3;90;22.1;0.067;2.975
Case 19323;3;90;22.07;0.0669;2.975
Case 19324;3;90;22.02;0.0668;2.975
Case 19325;3;90;21.99;0.0667;2.975
Case 19326;3;90;21.94;0.0666;2.975
Case 19327;3;90;21.91;0.0665;2.975
Case 19328;3;90;21.87;0.0664;2.975
Case 19329;3;90;21.83;0.0663;2.975
Case 19330;3;90;21.79;0.0662;2.975
Case 19331;3;90;21.75;0.0661;2.975
Case 19332;3;90;21.71;0.066;2.976
Case 19333;3;90;21.67;0.0659;2.976
Case 19334;3;90;21.63;0.0658;2.976
Case 19335;3;90;21.59;0.0657;2.976
Case 19337;3;90;21.51;0.0655;2.976
Case 19338;3;90;21.47;0.0654;2.976
Case 19339;3;90;21.43;0.0653;2.976
Case 19340;3;90;21.39;0.0652;2.976
Case 19341;3;90;21.34;0.0651;2.976
Case 19342;3;90;21.31;0.065;2.976
Case 19343;3;90;21.26;0.0649;2.976
Case 19344;3;90;21.23;0.0648;2.976
Case 19346;3;90;21.15;0.0646;2.977
Case 19347;3;90;21.1;0.0645;2.977
Case 19348;3;90;21.06;0.0644;2.977
Case 19349;3;90;21.02;0.0643;2.977
Case 19350;3;90;20.98;0.0642;2.977
Case 19351;3;90;20.93;0.0641;2.977
Case 19352;3;90;20.9;0.064;2.977
Case 19353;3;90;20.85;0.0639;2.977
Case 19354;3;90;20.81;0.0638;2.977
Case 19355;3;90;20.77;0.0637;2.977
Case 19356;3;90;20.73;0.0636;2.977
Case 19357;3;90;20.69;0.0635;2.977
Case 19358;3;90;20.64;0.0634;2.977
Case 19359;3;90;20.6;0.0633;2.978
Case 19360;3;90;20.56;0.0632;2.978
Case 19361;3;90;20.52;0.0631;2.978
Case 19362;3;90;20.47;0.063;2.978
Case 19363;3;90;20.43;0.0629;2.978
Case 19364;3;90;20.39;0.0628;2.978
Case 19365;3;90;20.35;0.0627;2.978
Case 19366;3;90;20.31;0.0626;2.978
Case 19367;3;90;20.26;0.0625;2.978
Case 19368;3;90;20.22;0.0624;2.978
Case 19369;3;90;20.17;0.0623;2.978
Case 19370;3;90;20.13;0.0622;2.978
Case 19371;3;90;20.08;0.0621;2.978
Case 19372;3;90;20.04;0.062;2.978
Case 19373;3;90;20;0.0619;2.979
Case 19374;3;90;19.96;0.0618;2.979
Case 19375;3;90;19.92;0.0617;2.979
Case 19376;3;90;19.87;0.0616;2.979
Case 19377;3;90;19.84;0.0615;2.979
Case 19378;3;90;19.79;0.0614;2.979
Case 19379;3;90;19.75;0.0613;2.979
Case 19380;3;90;19.72;0.0612;2.979
Case 19381;3;90;19.67;0.0611;2.979
Case 19382;3;90;19.63;0.061;2.979
Case 19383;3;90;19.58;0.0609;2.979
Case 19384;3;90;19.55;0.0608;2.979
Case 19385;3;90;19.5;0.0607;2.979
Case 19386;3;90;19.46;0.0606;2.979
Case 19387;3;90;19.41;0.0605;2.979
Case 19388;3;90;19.38;0.0604;2.98
Case 19389;3;90;19.34;0.0603;2.98
Case 19390;3;90;19.29;0.0602;2.98
Case 19391;3;90;19.25;0.0601;2.98
Case 19392;3;90;19.21;0.06;2.98
Case 19393;3;90;19.17;0.0599;2.98
Case 19394;3;90;19.12;0.0598;2.98
Case 19395;3;90;19.08;0.0597;2.98
Case 19396;3;90;19.03;0.0596;2.98
Case 19397;3;90;18.99;0.0595;2.98
Case 19398;3;90;18.96;0.0594;2.98
Case 19399;3;90;18.91;0.0593;2.98
Case 19400;3;90;18.87;0.0592;2.98
Case 19401;3;90;18.82;0.0591;2.98
Case 19402;3;90;18.78;0.059;2.98
Case 19403;3;90;18.73;0.0589;2.981
Case 19404;3;90;18.69;0.0588;2.981
Case 19405;3;90;18.65;0.0587;2.981
Case 19406;3;90;18.61;0.0586;2.981
Case 19407;3;90;18.57;0.0585;2.981
Case 19408;3;90;18.52;0.0584;2.981
Case 19409;3;90;18.48;0.0583;2.981
Case 19410;3;90;18.43;0.0582;2.981
Case 19411;3;90;18.39;0.0581;2.981
Case 19412;3;90;18.35;0.058;2.981
Case 19413;3;90;18.3;0.0579;2.981
Case 19414;3;90;18.26;0.0578;2.981
Case 19415;3;90;18.21;0.0577;2.981
Case 19416;3;90;18.17;0.0576;2.981
Case 19417;3;90;18.12;0.0575;2.981
Case 19418;3;90;18.08;0.0574;2.982
Case 19419;3;90;18.03;0.0573;2.982
Case 19420;3;90;17.99;0.0572;2.982
Case 19421;3;90;17.95;0.0571;2.982
Case 19422;3;90;17.9;0.057;2.982
Case 19423;3;90;17.86;0.0569;2.982
Case 19424;3;90;17.81;0.0568;2.982
Case 19425;3;90;17.77;0.0567;2.982
Case 19426;3;90;17.72;0.0566;2.982
Case 19427;3;90;17.68;0.0565;2.982
Case 19428;3;90;17.64;0.0564;2.982
Case 19429;3;90;17.58;0.0563;2.982
Case 19430;3;90;17.54;0.0562;2.982
Case 19431;3;90;17.49;0.0561;2.982
Case 19432;3;90;17.45;0.056;2.982
Case 19433;3;90;17.4;0.0559;2.982
Case 19434;3;90;17.36;0.0558;2.983
Case 19435;3;90;17.32;0.0557;2.983
Case 19436;3;90;17.27;0.0556;2.983
Case 19437;3;90;17.22;0.0555;2.983
Case 19438;3;90;17.17;0.0554;2.983
Case 19439;3;90;17.13;0.0553;2.983
Case 19440;3;90;17.08;0.0552;2.983
Case 19441;3;90;17.04;0.0551;2.983
Case 19442;3;90;16.99;0.055;2.983
Case 19443;3;90;16.94;0.0549;2.983
Case 19444;3;90;16.9;0.0548;2.983
Case 19445;3;90;16.85;0.0547;2.983
Case 19446;3;90;16.8;0.0546;2.983
Case 19447;3;90;16.75;0.0545;2.983
Case 19448;3;90;16.71;0.0544;2.983
Case 19449;3;90;16.66;0.0543;2.983
Case 19450;3;90;16.61;0.0542;2.984
Case 19451;3;90;16.57;0.0541;2.984
Case 19452;3;90;16.52;0.054;2.984
Case 19453;3;90;16.47;0.0539;2.984
Case 19454;3;90;16.42;0.0538;2.984
Case 19455;3;90;16.38;0.0537;2.984
Case 19456;3;90;16.32;0.0536;2.984
Case 19457;3;90;16.28;0.0535;2.984
Case 19458;3;90;16.24;0.0534;2.984
Case 19459;3;90;16.18;0.0533;2.984
Case 19460;3;90;16.14;0.0532;2.984
Case 19461;3;90;16.08;0.0531;2.984
Case 19462;3;90;16.04;0.053;2.984
Case 19463;3;90;15.98;0.0529;2.984
Case 19464;3;90;15.94;0.0528;2.984
Case 19465;3;90;15.9;0.0527;2.984
Case 19466;3;90;15.84;0.0526;2.985
Case 19467;3;90;15.8;0.0525;2.985
Case 19468;3;90;15.74;0.0524;2.985
Case 19469;3;90;15.7;0.0523;2.985
Case 19470;3;90;15.64;0.0522;2.985
Case 19471;3;90;15.6;0.0521;2.985
Case 19472;3;90;15.55;0.052;2.985
Case 19473;3;90;15.49;0.0519;2.985
Case 19474;3;90;15.45;0.0518;2.985
Case 19475;3;90;15.39;0.0517;2.985
Case 19476;3;90;15.35;0.0516;2.985
Case 19477;3;90;15.29;0.0515;2.985
Case 19478;3;90;15.25;0.0514;2.985
Case 19479;3;90;15.2;0.0513;2.985
Case 19480;3;90;15.14;0.0512;2.985
Case 19481;3;90;15.1;0.0511;2.985
Case 19482;3;90;15.04;0.051;2.985
Case 19483;3;90;14.99;0.0509;2.985
Case 19484;3;90;14.94;0.0508;2.986
Case 19485;3;90;14.89;0.0507;2.986
Case 19486;3;90;14.84;0.0506;2.986
Case 19487;3;90;14.78;0.0505;2.986
Case 19488;3;90;14.74;0.0504;2.986
Case 19489;3;90;14.68;0.0503;2.986
Case 19490;3;90;14.63;0.0502;2.986
Case 19491;3;90;14.57;0.0501;2.986
Case 19492;3;90;14.53;0.05;2.986
Case 19493;3;90;14.48;0.0499;2.986
Case 19494;3;90;14.42;0.0498;2.986
Case 19495;3;90;14.37;0.0497;2.986
Case 19496;3;90;14.31;0.0496;2.986
Case 19497;3;90;14.26;0.0495;2.986
Case 19498;3;90;14.2;0.0494;2.986
Case 19499;3;90;14.16;0.0493;2.986
Case 19500;3;90;14.11;0.0492;2.986
Case 19501;3;90;14.05;0.0491;2.987
Case 19502;3;90;14;0.049;2.987
Case 19503;3;90;13.94;0.0489;2.987
Case 19504;3;90;13.89;0.0488;2.987
Case 19505;3;90;13.83;0.0487;2.987
Case 19506;3;90;13.78;0.0486;2.987
Case 19507;3;90;13.73;0.0485;2.987
Case 19508;3;90;13.67;0.0484;2.987
Case 19509;3;90;13.62;0.0483;2.987
Case 19510;3;90;13.56;0.0482;2.987
Case 19511;3;90;13.51;0.0481;2.987
Case 19512;3;90;13.46;0.048;2.987
Case 19513;3;90;13.39;0.0479;2.987
Case 19514;3;90;13.34;0.0478;2.987
Case 19515;3;90;13.28;0.0477;2.987
Case 19516;3;90;13.23;0.0476;2.987
Case 19517;3;90;13.17;0.0475;2.987
Case 19518;3;90;13.12;0.0474;2.987
Case 19519;3;90;13.06;0.0473;2.987
Case 19520;3;90;13;0.0472;2.988
Case 19521;3;90;12.95;0.0471;2.988
Case 19522;3;90;12.89;0.047;2.988
Case 19523;3;90;12.83;0.0469;2.988
Case 19524;3;90;12.77;0.0468;2.988
Case 19525;3;90;12.72;0.0467;2.988
Case 19526;3;90;12.66;0.0466;2.988
Case 19527;3;90;12.6;0.0465;2.988
Case 19528;3;90;12.55;0.0464;2.988
Case 19529;3;90;12.48;0.0463;2.988
Case 19530;3;90;12.43;0.0462;2.988
Case 19531;3;90;12.37;0.0461;2.988
Case 19532;3;90;12.31;0.046;2.988
Case 19533;3;90;12.25;0.0459;2.988
Case 19534;3;90;12.19;0.0458;2.988
Case 19535;3;90;12.13;0.0457;2.988
Case 19536;3;90;12.07;0.0456;2.988
Case 19537;3;90;12.01;0.0455;2.988
Case 19538;3;90;11.96;0.0454;2.988
Case 19539;3;90;11.89;0.0453;2.989
Case 19540;3;90;11.83;0.0452;2.989
Case 19541;3;90;11.77;0.0451;2.989
Case 19542;3;90;11.71;0.045;2.989
Case 19543;3;90;11.65;0.0449;2.989
Case 19544;3;90;11.59;0.0448;2.989
Case 19545;3;90;11.53;0.0447;2.989
Case 19546;3;90;11.46;0.0446;2.989
Case 19547;3;90;11.4;0.0445;2.989
Case 19548;3;90;11.34;0.0444;2.989
Case 19549;3;90;11.28;0.0443;2.989
Case 19550;3;90;11.22;0.0442;2.989
Case 19551;3;90;11.15;0.0441;2.989
Case 19552;3;90;11.09;0.044;2.989
Case 19553;3;90;11.02;0.0439;2.989
Case 19554;3;90;10.96;0.0438;2.989
Case 19555;3;90;10.9;0.0437;2.989
Case 19556;3;90;10.83;0.0436;2.989
Case 19557;3;90;10.77;0.0435;2.989
Case 19558;3;90;10.7;0.0434;2.989
Case 19559;3;90;10.64;0.0433;2.99
Case 19560;3;90;10.57;0.0432;2.99
Case 19561;3;90;10.51;0.0431;2.99
Case 19562;3;90;10.45;0.043;2.99
Case 19563;3;90;10.38;0.0429;2.99
Case 19564;3;90;10.31;0.0428;2.99
Case 19565;3;90;10.24;0.0427;2.99
Case 19566;3;90;10.18;0.0426;2.99
Case 19567;3;90;10.11;0.0425;2.99
Case 19568;3;90;10.04;0.0424;2.99
Case 19569;3;90;9.98;0.0423;2.99
Case 19570;3;90;9.92;0.0422;2.99
Case 19571;3;90;9.86;0.0421;2.99
Case 19572;3;90;9.8;0.042;2.99
Case 19573;3;90;9.74;0.0419;2.99
Case 19574;3;90;9.68;0.0418;2.99
Case 19575;3;90;9.62;0.0417;2.99
Case 19576;3;90;9.56;0.0416;2.99
Case 19577;3;90;9.5;0.0415;2.99
Case 19578;3;90;9.43;0.0414;2.99
Case 19579;3;90;9.38;0.0413;2.99
Case 19580;3;90;9.32;0.0412;2.991
Case 19581;3;90;9.26;0.0411;2.991
Case 19582;3;90;9.2;0.041;2.991
Case 19583;3;90;9.13;0.0409;2.991
Case 19584;3;90;9.07;0.0408;2.991
Case 19585;3;90;9.01;0.0407;2.991
Case 19586;3;90;8.95;0.0406;2.991
Case 19587;3;90;8.89;0.0405;2.991
Case 19588;3;90;8.82;0.0404;2.991
Case 19589;3;90;8.77;0.0403;2.991
Case 19590;3;90;8.7;0.0402;2.991
Case 19591;3;90;8.64;0.0401;2.991
Case 19592;3;90;8.58;0.04;2.991
Case 19593;3;90;8.51;0.0399;2.991
Case 19594;3;90;8.46;0.0398;2.991
Case 19595;3;90;8.39;0.0397;2.991
Case 19596;3;90;8.33;0.0396;2.991
Case 19597;3;90;8.27;0.0395;2.991
Case 19598;3;90;8.2;0.0394;2.991
Case 19599;3;90;8.14;0.0393;2.991
Case 19600;3;90;8.07;0.0392;2.991
Case 19601;3;90;8.01;0.0391;2.991
Case 19602;3;90;7.95;0.039;2.991
Case 19603;3;90;7.88;0.0389;2.992
Case 19604;3;90;7.82;0.0388;2.992
Case 19605;3;90;7.75;0.0387;2.992
Case 19606;3;90;7.69;0.0386;2.992
Case 19607;3;90;7.63;0.0385;2.992
Case 19608;3;90;7.56;0.0384;2.992
Case 19609;3;90;7.5;0.0383;2.992
Case 19610;3;90;7.43;0.0382;2.992
Case 19611;3;90;7.37;0.0381;2.992
Case 19612;3;90;7.31;0.038;2.992
Case 19613;3;90;7.24;0.0379;2.992
Case 19614;3;90;7.18;0.0378;2.992
Case 19615;3;90;7.11;0.0377;2.992
Case 19616;3;90;7.04;0.0376;2.992
Case 19617;3;90;6.98;0.0375;2.992
Case 19618;3;90;6.91;0.0374;2.992
Case 19619;3;90;6.85;0.0373;2.992
Case 19620;3;90;6.78;0.0372;2.992
Case 19621;3;90;6.71;0.0371;2.992
Case 19622;3;90;6.65;0.037;2.992
Case 19623;3;90;6.58;0.0369;2.992
Case 19624;3;90;6.51;0.0368;2.992
Case 19625;3;90;6.44;0.0367;2.992
Case 19626;3;90;6.38;0.0366;2.993
Case 19627;3;90;6.31;0.0365;2.993
Case 19628;3;90;6.24;0.0364;2.993
Case 19629;3;90;6.18;0.0363;2.993
Case 19630;3;90;6.1;0.0362;2.993
Case 19631;3;90;6.04;0.0361;2.993
Case 19632;3;90;5.97;0.036;2.993
Case 19633;3;90;5.9;0.0359;2.993
Case 19634;3;90;5.84;0.0358;2.993
Case 19635;3;90;5.76;0.0357;2.993
Case 19636;3;90;5.7;0.0356;2.993
Case 19637;3;90;5.63;0.0355;2.993
Case 19638;3;90;5.55;0.0354;2.993
Case 19639;3;90;5.49;0.0353;2.993
Case 19640;3;90;5.42;0.0352;2.993
Case 19641;3;90;5.35;0.0351;2.993
Case 19642;3;90;5.28;0.035;2.993
Case 19643;3;90;5.2;0.0349;2.993
Case 19644;3;90;5.14;0.0348;2.993
Case 19645;3;90;5.07;0.0347;2.993
Case 19646;3;90;4.99;0.0346;2.993
Case 19647;3;90;4.93;0.0345;2.993
Case 19648;3;90;4.85;0.0344;2.993
Case 19649;3;90;4.78;0.0343;2.993
Case 19650;3;90;4.71;0.0342;2.993
Case 19651;3;90;4.63;0.0341;2.994
Case 19652;3;90;4.57;0.034;2.994
Case 19653;3;90;4.49;0.0339;2.994
Case 19654;3;90;4.42;0.0338;2.994
Case 19655;3;90;4.35;0.0337;2.994
Case 19656;3;90;4.27;0.0336;2.994
Case 19657;3;90;4.2;0.0335;2.994
Case 19658;3;90;4.12;0.0334;2.994
Case 19659;3;90;4.05;0.0333;2.994
Case 19660;3;90;3.98;0.0332;2.994
Case 19661;3;90;3.9;0.0331;2.994
Case 19662;3;90;3.83;0.033;2.994
Case 19663;3;90;3.76;0.0329;2.994
Case 19664;3;90;3.68;0.0328;2.994
Case 19665;3;90;3.61;0.0327;2.994
Case 19666;3;90;3.53;0.0326;2.994
Case 19667;3;90;3.46;0.0325;2.994
Case 19668;3;90;3.38;0.0324;2.994
Case 19669;3;90;3.3;0.0323;2.994
Case 19670;3;90;3.23;0.0322;2.994
Case 19671;3;90;3.15;0.0321;2.994
Case 19672;3;90;3.07;0.032;2.994
Case 19673;3;90;3;0.0319;2.994
Case 19674;3;90;2.92;0.0318;2.994
Case 19675;3;90;2.84;0.0317;2.994
Case 19676;3;90;2.77;0.0316;2.994
Case 19677;3;90;2.68;0.0315;2.994
Case 19678;3;90;2.61;0.0314;2.994
Case 19679;3;90;2.52;0.0313;2.995
Case 19681;3;90;2.37;0.0311;2.995
Case 19682;3;90;2.29;0.031;2.995
Case 19683;3;90;2.21;0.0309;2.995
Case 19684;3;90;2.13;0.0308;2.995
Case 19685;3;90;2.05;0.0307;2.995
Case 19686;3;90;1.97;0.0306;2.995
Case 19687;3;90;1.89;0.0305;2.995
Case 19688;3;90;1.81;0.0304;2.995
Case 19689;3;90;1.73;0.0303;2.995
Case 19690;3;90;1.65;0.0302;2.995
Case 19691;3;90;1.56;0.0301;2.995
Case 19692;3;90;1.48;0.03;2.995
Case 19693;3;90;1.4;0.0299;2.995
Case 19694;3;90;1.31;0.0298;2.995
Case 19695;3;90;1.23;0.0297;2.995
Case 19696;3;90;1.15;0.0296;2.995
Case 19697;3;90;1.06;0.0295;2.995
Case 19698;3;90;0.98;0.0294;2.995
Case 19699;3;90;0.89;0.0293;2.995
Case 19700;3;90;0.81;0.0292;2.995
Case 19701;3;90;0.73;0.0291;2.995
Case 19702;3;90;0.64;0.029;2.995
Case 19703;3;90;0.55;0.0289;2.995
Case 19704;3;90;0.47;0.0288;2.995
Case 19705;3;90;0.38;0.0287;2.995
Case 19706;3;90;0.29;0.0286;2.995
Case 19707;3;90;0.2;0.0285;2.995
Case 19708;3;90;0.12;0.0284;2.995
Case 19709;3;90;0.03;0.0283;2.996
Case 19710;3;90;0;0.0282;2.996
Case 19711;3;90;0;0.0281;2.996
Case 19712;3;90;0;0.028;2.996
Case 19713;3;90;0;0.0279;2.996
Case 19714;3;90;0;0.0278;2.996
Case 19715;3;90;0;0.0277;2.996
Case 19716;3;90;0;0.0276;2.996
Case 19717;3;90;0;0.0275;2.996
Case 19718;3;90;0;0.0274;2.996
Case 19719;3;90;0;0.0273;2.996
Case 19720;3;90;0;0.0272;2.996
Case 19721;3;90;0;0.0271;2.996
Case 19722;3;90;0;0.027;2.996
Case 19723;3;90;0;0.0269;2.996
Case 19724;3;90;0;0.0268;2.996
Case 19725;3;90;0;0.0267;2.996
Case 19726;3;90;0;0.0266;2.996
Case 19727;3;90;0;0.0265;2.996
Case 19728;3;90;0;0.0264;2.996
Case 19729;3;90;0;0.0263;2.996
Case 19730;3;90;0;0.0262;2.996
Case 19731;3;90;0;0.0261;2.996
Case 19732;3;90;0;0.026;2.996
Case 19733;3;90;0;0.0259;2.996
Case 19734;3;90;0;0.0258;2.996
Case 19735;3;90;0;0.0257;2.996
Case 19736;3;90;0;0.0256;2.996
Case 19737;3;90;0;0.0255;2.996
Case 19738;3;90;0;0.0254;2.996
Case 19739;3;90;0;0.0253;2.996
Case 19740;3;90;0;0.0252;2.996
Case 19741;3;90;0;0.0251;2.996
Case 19742;3;90;0;0.025;2.997
Case 19743;3;90;0;0.0249;2.997
Case 19744;3;90;0;0.0248;2.997
Case 19745;3;90;0;0.0247;2.997
Case 19746;3;90;0;0.0246;2.997
Case 19747;3;90;0;0.0245;2.997
Case 19748;3;90;0;0.0244;2.997
Case 19749;3;90;0;0.0243;2.997
Case 19750;3;90;0;0.0242;2.997
Case 19751;3;90;0;0.0241;2.997
Case 19752;3;90;0;0.024;2.997
Case 19753;3;90;0;0.0239;2.997
Case 19754;3;90;0;0.0238;2.997
Case 19755;3;90;0;0.0237;2.997
Case 19756;3;90;0;0.0236;2.997
Case 19757;3;90;0;0.0235;2.997
Case 19758;3;90;0;0.0234;2.997
Case 19759;3;90;0;0.0233;2.997
Case 19760;3;90;0;0.0232;2.997
Case 19761;3;90;0;0.0231;2.997
Case 19762;3;90;0;0.023;2.997
Case 19763;3;90;0;0.0229;2.997
Case 19764;3;90;0;0.0228;2.997
Case 19765;3;90;0;0.0227;2.997
Case 19766;3;90;0;0.0226;2.997
Case 19767;3;90;0;0.0225;2.997
Case 19768;3;90;0;0.0224;2.997
Case 19769;3;90;0;0.0223;2.997
Case 19770;3;90;0;0.0222;2.997
Case 19771;3;90;0;0.0221;2.997
Case 19772;3;90;0;0.022;2.997
Case 19773;3;90;0;0.0219;2.997
Case 19774;3;90;0;0.0218;2.997
Case 19775;3;90;0;0.0217;2.997
Case 19776;3;90;0;0.0216;2.997
Case 19777;3;90;0;0.0215;2.997
Case 19778;3;90;0;0.0214;2.997
Case 19779;3;90;0;0.0213;2.997
Case 19780;3;90;0;0.0212;2.997
Case 19781;3;90;0;0.0211;2.998
Case 19782;3;90;0;0.021;2.998
Case 19783;3;90;0;0.0209;2.998
Case 19784;3;90;0;0.0208;2.998
Case 19785;3;90;0;0.0207;2.998
Case 19786;3;90;0;0.0206;2.998
Case 19787;3;90;0;0.0205;2.998
Case 19788;3;90;0;0.0204;2.998
Case 19789;3;90;0;0.0203;2.998
Case 19790;3;90;0;0.0202;2.998
Case 19791;3;90;0;0.0201;2.998
Case 19792;3;90;0;0.02;2.998
Case 19793;3;90;0;0.0199;2.998
Case 19794;3;90;0;0.0198;2.998
Case 19795;3;90;0;0.0197;2.998
Case 19796;3;90;0;0.0196;2.998
Case 19797;3;90;0;0.0195;2.998
Case 19798;3;90;0;0.0194;2.998
Case 19799;3;90;0;0.0193;2.998
Case 19800;3;90;0;0.0192;2.998
Case 19801;3;90;0;0.0191;2.998
Case 19802;3;90;0;0.019;2.998
Case 19803;3;90;0;0.0189;2.998
Case 19804;3;90;0;0.0188;2.998
Case 19805;3;90;0;0.0187;2.998
Case 19806;3;90;0;0.0186;2.998
Case 19807;3;90;0;0.0185;2.998
Case 19808;3;90;0;0.0184;2.998
Case 19809;3;90;0;0.0183;2.998
Case 19810;3;90;0;0.0182;2.998
Case 19811;3;90;0;0.0181;2.998
Case 19812;3;90;0;0.018;2.998
Case 19813;3;90;0;0.0179;2.998
Case 19814;3;90;0;0.0178;2.998
Case 19815;3;90;0;0.0177;2.998
Case 19816;3;90;0;0.0176;2.998
Case 19817;3;90;0;0.0175;2.998
Case 19818;3;90;0;0.0174;2.998
Case 19819;3;90;0;0.0173;2.998
Case 19820;3;90;0;0.0172;2.998
Case 19821;3;90;0;0.0171;2.998
Case 19822;3;90;0;0.017;2.998
Case 19823;3;90;0;0.0169;2.998
Case 19824;3;90;0;0.0168;2.998
Case 19825;3;90;0;0.0167;2.998
Case 19826;3;90;0;0.0166;2.998
Case 19827;3;90;0;0.0165;2.998
Case 19828;3;90;0;0.0164;2.998
Case 19829;3;90;0;0.0163;2.999
Case 19830;3;90;0;0.0162;2.999
Case 19831;3;90;0;0.0161;2.999
Case 19832;3;90;0;0.016;2.999
Case 19833;3;90;0;0.0159;2.999
Case 19834;3;90;0;0.0158;2.999
Case 19835;3;90;0;0.0157;2.999
Case 19836;3;90;0;0.0156;2.999
Case 19837;3;90;0;0.0155;2.999
Case 19838;3;90;0;0.0154;2.999
Case 19839;3;90;0;0.0153;2.999
Case 19840;3;90;0;0.0152;2.999
Case 19841;3;90;0;0.0151;2.999
Case 19842;3;90;0;0.015;2.999
Case 19843;3;90;0;0.0149;2.999
Case 19844;3;90;0;0.0148;2.999
Case 19845;3;90;0;0.0147;2.999
Case 19846;3;90;0;0.0146;2.999
Case 19847;3;90;0;0.0145;2.999
Case 19848;3;90;0;0.0144;2.999
Case 19849;3;90;0;0.0143;2.999
Case 19850;3;90;0;0.0142;2.999
Case 19851;3;90;0;0.0141;2.999
Case 19852;3;90;0;0.014;2.999
Case 19853;3;90;0;0.0139;2.999
Case 19854;3;90;0;0.0138;2.999
Case 19855;3;90;0;0.0137;2.999
Case 19856;3;90;0;0.0136;2.999
Case 19857;3;90;0;0.0135;2.999
Case 19858;3;90;0;0.0134;2.999
Case 19859;3;90;0;0.0133;2.999
Case 19860;3;90;0;0.0132;2.999
Case 19861;3;90;0;0.0131;2.999
Case 19862;3;90;0;0.013;2.999
Case 19863;3;90;0;0.0129;2.999
Case 19864;3;90;0;0.0128;2.999
Case 19865;3;90;0;0.0127;2.999
Case 19866;3;90;0;0.0126;2.999
Case 19867;3;90;0;0.0125;2.999
Case 19868;3;90;0;0.0124;2.999
Case 19869;3;90;0;0.0123;2.999
Case 19870;3;90;0;0.0122;2.999
Case 19871;3;90;0;0.0121;2.999
Case 19872;3;90;0;0.012;2.999
Case 19873;3;90;0;0.0119;2.999
Case 19874;3;90;0;0.0118;2.999
Case 19875;3;90;0;0.0117;2.999
Case 19876;3;90;0;0.0116;2.999
Case 19877;3;90;0;0.0115;2.999
Case 19878;3;90;0;0.0114;2.999
Case 19879;3;90;0;0.0113;2.999
Case 19880;3;90;0;0.0112;2.999
Case 19881;3;90;0;0.0111;2.999
Case 19882;3;90;0;0.011;2.999
Case 19883;3;90;0;0.0109;2.999
Case 19884;3;90;0;0.0108;2.999
Case 19885;3;90;0;0.0107;2.999
Case 19886;3;90;0;0.0106;2.999
Case 19887;3;90;0;0.0105;2.999
Case 19888;3;90;0;0.0104;2.999
Case 19889;3;90;0;0.0103;2.999
Case 19890;3;90;0;0.0102;2.999
Case 19891;3;90;0;0.0101;2.999
Case 19892;3;90;0;0.01;2.999
Case 19893;3;90;0;0.0099;2.999
Case 19894;3;90;0;0.0098;2.999
Case 19895;3;90;0;0.0097;2.999
Case 19896;3;90;0;0.0096;2.999
Case 19897;3;90;0;0.0095;2.999
Case 19898;3;90;0;0.0094;3
Case 19899;3;90;0;0.0093;3
Case 19900;3;90;0;0.0092;3
Case 19901;3;90;0;0.0091;3
Case 19902;3;90;0;0.009;3
Case 19903;3;90;0;0.0089;3
Case 19904;3;90;0;0.0088;3
Case 19905;3;90;0;0.0087;3
Case 19906;3;90;0;0.0086;3
Case 19907;3;90;0;0.0085;3
Case 19908;3;90;0;0.0084;3
Case 19909;3;90;0;0.0083;3
Case 19910;3;90;0;0.0082;3
Case 19911;3;90;0;0.0081;3
Case 19912;3;90;0;0.008;3
Case 19913;3;90;0;0.0079;3
Case 19914;3;90;0;0.0078;3
Case 19915;3;90;0;0.0077;3
Case 19916;3;90;0;0.0076;3
Case 19917;3;90;0;0.0075;3
Case 19918;3;90;0;0.0074;3
Case 19919;3;90;0;0.0073;3
Case 19920;3;90;0;0.0072;3
Case 19921;3;90;0;0.0071;3
Case 19922;3;90;0;0.007;3
Case 19923;3;90;0;0.0069;3
Case 19924;3;90;0;0.0068;3
Case 19925;3;90;0;0.0067;3
Case 19926;3;90;0;0.0066;3
Case 19927;3;90;0;0.0065;3
Case 19928;3;90;0;0.0064;3
Case 19929;3;90;0;0.0063;3
Case 19930;3;90;0;0.0062;3
Case 19931;3;90;0;0.0061;3
Case 19932;3;90;0;0.006;3
Case 19933;3;90;0;0.0059;3
Case 19934;3;90;0;0.0058;3
Case 19935;3;90;0;0.0057;3
Case 19936;3;90;0;0.0056;3
Case 19937;3;90;0;0.0055;3
Case 19938;3;90;0;0.0054;3
Case 19939;3;90;0;0.0053;3
Case 19940;3;90;0;0.0052;3
Case 19941;3;90;0;0.0051;3
Case 19942;3;90;0;0.005;3
Case 19943;3;90;0;0.0049;3
Case 19944;3;90;0;0.0048;3
Case 19945;3;90;0;0.0047;3
Case 19946;3;90;0;0.0046;3
Case 19947;3;90;0;0.0045;3
Case 19948;3;90;0;0.0044;3
Case 19949;3;90;0;0.0043;3
Case 19950;3;90;0;0.0042;3
Case 19951;3;90;0;0.0041;3
Case 19952;3;90;0;0.004;3
Case 19953;3;90;0;0.0039;3
Case 19954;3;90;0;0.0038;3
Case 19955;3;90;0;0.0037;3
Case 19956;3;90;0;0.0036;3
Case 19957;3;90;0;0.0035;3
Case 19958;3;90;0;0.0034;3
Case 19959;3;90;0;0.0033;3
Case 19960;3;90;0;0.0032;3
Case 19961;3;90;0;0.0031;3
Case 19962;3;90;0;0.003;3
Case 19963;3;90;0;0.0029;3
Case 19964;3;90;0;0.0028;3
Case 19965;3;90;0;0.0027;3
Case 19966;3;90;0;0.0026;3
Case 19967;3;90;0;0.0025;3
Case 19968;3;90;0;0.0024;3
Case 19969;3;90;0;0.0023;3
Case 19970;3;90;0;0.0022;3
Case 19971;3;90;0;0.0021;3
Case 19972;3;90;0;0.002;3
Case 19973;3;90;0;0.0019;3
Case 19974;3;90;0;0.0018;3
Case 19975;3;90;0;0.0017;3
Case 19976;3;90;0;0.0016;3
Case 19977;3;90;0;0.0015;3
Case 19978;3;90;0;0.0014;3
Case 19979;3;90;0;0.0013;3
Case 19980;3;90;0;0.0012;3
Case 19981;3;90;0;0.0011;3
Case 19982;3;90;0;0.001;3
Case 26879;3;80;100;0.3104;0.3967
Case 26880;3;80;100;0.3103;0.4418
Case 26881;3;80;100;0.3102;0.4705
Case 26882;3;80;100;0.3101;0.4934
Case 26883;3;80;100;0.31;0.5129
Case 26884;3;80;100;0.3099;0.5302
Case 26885;3;80;100;0.3098;0.5459
Case 26886;3;80;100;0.3097;0.5604
Case 26887;3;80;100;0.3096;0.5739
Case 26888;3;80;100;0.3095;0.5866
Case 26889;3;80;100;0.3094;0.5986
Case 26890;3;80;100;0.3093;0.61
Case 26891;3;80;100;0.3092;0.6209
Case 26892;3;80;100;0.3091;0.6313
Case 26893;3;80;100;0.309;0.6414
Case 26894;3;80;100;0.3089;0.6511
Case 26895;3;80;100;0.3088;0.6604
Case 26896;3;80;100;0.3087;0.6695
Case 26897;3;80;100;0.3086;0.6783
Case 26898;3;80;100;0.3085;0.6868
Case 26899;3;80;100;0.3084;0.6952
Case 26900;3;80;100;0.3083;0.7033
Case 26901;3;80;100;0.3082;0.7112
Case 26902;3;80;100;0.3081;0.7189
Case 26903;3;80;100;0.308;0.7265
Case 26904;3;80;100;0.3079;0.7339
Case 26905;3;80;100;0.3078;0.7411
Case 26906;3;80;100;0.3077;0.7482
Case 26907;3;80;100;0.3076;0.7552
Case 26908;3;80;100;0.3075;0.762
Case 26909;3;80;100;0.3074;0.7687
Case 26910;3;80;100;0.3073;0.7753
Case 26911;3;80;100;0.3072;0.7818
Case 26912;3;80;100;0.3071;0.7882
Case 26913;3;80;100;0.307;0.7945
Case 26914;3;80;100;0.3069;0.8006
Case 26915;3;80;100;0.3068;0.8067
Case 26916;3;80;100;0.3067;0.8127
Case 26917;3;80;100;0.3066;0.8186
Case 26918;3;80;100;0.3065;0.8245
Case 26919;3;80;100;0.3064;0.8302
Case 26920;3;80;100;0.3063;0.8359
Case 26921;3;80;100;0.3062;0.8415
Case 26922;3;80;100;0.3061;0.847
Case 26923;3;80;100;0.306;0.8525
Case 26924;3;80;100;0.3059;0.8579
Case 26925;3;80;100;0.3058;0.8632
Case 26926;3;80;100;0.3057;0.8685
Case 26927;3;80;100;0.3056;0.8737
Case 26928;3;80;100;0.3055;0.8789
Case 26929;3;80;100;0.3054;0.884
Case 26930;3;80;100;0.3053;0.889
Case 26931;3;80;100;0.3052;0.894
Case 26932;3;80;100;0.3051;0.8989
Case 26933;3;80;100;0.305;0.9038
Case 26934;3;80;100;0.3049;0.9087
Case 26935;3;80;100;0.3048;0.9134
Case 26936;3;80;100;0.3047;0.9182
Case 26937;3;80;100;0.3046;0.9229
Case 26938;3;80;100;0.3045;0.9276
Case 26939;3;80;99.96;0.3044;0.9322
Case 26940;3;80;99.43;0.3043;0.9367
Case 26941;3;80;98.94;0.3042;0.9413
Case 26942;3;80;98.47;0.3041;0.9458
Case 26943;3;80;98.02;0.304;0.9502
Case 26944;3;80;97.59;0.3039;0.9546
Case 26945;3;80;97.18;0.3038;0.959
Case 26946;3;80;96.78;0.3037;0.9634
Case 26947;3;80;96.41;0.3036;0.9677
Case 26948;3;80;96.03;0.3035;0.972
Case 26949;3;80;95.69;0.3034;0.9762
Case 26950;3;80;95.34;0.3033;0.9804
Case 26951;3;80;95.02;0.3032;0.9846
Case 26952;3;80;94.71;0.3031;0.9887
Case 26953;3;80;94.39;0.303;0.9928
Case 26954;3;80;94.1;0.3029;0.9969
Case 26955;3;80;93.81;0.3028;1.001
Case 26956;3;80;93.53;0.3027;1.005
Case 26957;3;80;93.25;0.3026;1.009
Case 26958;3;80;92.99;0.3025;1.013
Case 26959;3;80;92.73;0.3024;1.017
Case 26960;3;80;92.48;0.3023;1.021
Case 26961;3;80;92.23;0.3022;1.025
Case 26962;3;80;92;0.3021;1.029
Case 26963;3;80;91.76;0.302;1.032
Case 26964;3;80;91.54;0.3019;1.036
Case 26965;3;80;91.31;0.3018;1.04
Case 26966;3;80;91.1;0.3017;1.044
Case 26967;3;80;90.88;0.3016;1.047
Case 26968;3;80;90.68;0.3015;1.051
Case 26969;3;80;90.47;0.3014;1.055
Case 26970;3;80;90.28;0.3013;1.059
Case 26971;3;80;90.09;0.3012;1.062
Case 26972;3;80;89.89;0.3011;1.066
Case 26973;3;80;89.71;0.301;1.069
Case 26974;3;80;89.52;0.3009;1.073
Case 26975;3;80;89.35;0.3008;1.077
Case 26976;3;80;89.16;0.3007;1.08
Case 26977;3;80;89;0.3006;1.084
Case 26978;3;80;88.82;0.3005;1.087
Case 26979;3;80;88.66;0.3004;1.091
Case 26980;3;80;88.49;0.3003;1.094
Case 26981;3;80;88.33;0.3002;1.097
Case 26982;3;80;88.16;0.3001;1.101
Case 26983;3;80;88.01;0.3;1.104
Case 26984;3;80;87.85;0.2999;1.108
Case 26985;3;80;87.71;0.2998;1.111
Case 26986;3;80;87.55;0.2997;1.114
Case 26987;3;80;87.41;0.2996;1.118
Case 26988;3;80;87.26;0.2995;1.121
Case 26989;3;80;87.12;0.2994;1.124
Case 26990;3;80;86.97;0.2993;1.128
Case 26991;3;80;86.84;0.2992;1.131
Case 26992;3;80;86.7;0.2991;1.134
Case 26993;3;80;86.56;0.299;1.137
Case 26994;3;80;86.43;0.2989;1.141
Case 26995;3;80;86.3;0.2988;1.144
Case 26996;3;80;86.16;0.2987;1.147
Case 26997;3;80;86.04;0.2986;1.15
Case 26998;3;80;85.91;0.2985;1.153
Case 26999;3;80;85.79;0.2984;1.156
Case 27000;3;80;85.66;0.2983;1.159
Case 27001;3;80;85.54;0.2982;1.163
Case 27002;3;80;85.41;0.2981;1.166
Case 27003;3;80;85.3;0.298;1.169
Case 27004;3;80;85.17;0.2979;1.172
Case 27005;3;80;85.06;0.2978;1.175
Case 27006;3;80;84.95;0.2977;1.178
Case 27007;3;80;84.83;0.2976;1.181
Case 27008;3;80;84.72;0.2975;1.184
Case 27009;3;80;84.6;0.2974;1.187
Case 27010;3;80;84.5;0.2973;1.19
Case 27011;3;80;84.38;0.2972;1.193
Case 27012;3;80;84.28;0.2971;1.196
Case 27013;3;80;84.16;0.297;1.199
Case 27014;3;80;84.06;0.2969;1.202
Case 27015;3;80;83.95;0.2968;1.205
Case 27016;3;80;83.85;0.2967;1.207
Case 27017;3;80;83.74;0.2966;1.21
Case 27018;3;80;83.64;0.2965;1.213
Case 27019;3;80;83.54;0.2964;1.216
Case 27020;3;80;83.44;0.2963;1.219
Case 27021;3;80;83.34;0.2962;1.222
Case 27022;3;80;83.24;0.2961;1.225
Case 27023;3;80;83.14;0.296;1.228
Case 27024;3;80;83.04;0.2959;1.23
Case 27025;3;80;82.94;0.2958;1.233
Case 27026;3;80;82.85;0.2957;1.236
Case 27027;3;80;82.75;0.2956;1.239
Case 27029;3;80;82.57;0.2954;1.244
Case 27030;3;80;82.47;0.2953;1.247
Case 27031;3;80;82.38;0.2952;1.25
Case 27032;3;80;82.28;0.2951;1.252
Case 27033;3;80;82.2;0.295;1.255
Case 27034;3;80;82.1;0.2949;1.258
Case 27035;3;80;82.02;0.2948;1.261
Case 27036;3;80;81.92;0.2947;1.263
Case 27037;3;80;81.84;0.2946;1.266
Case 27038;3;80;81.74;0.2945;1.269
Case 27039;3;80;81.66;0.2944;1.271
Case 27040;3;80;81.57;0.2943;1.274
Case 27041;3;80;81.49;0.2942;1.276
Case 27042;3;80;81.4;0.2941;1.279
Case 27043;3;80;81.32;0.294;1.282
Case 27044;3;80;81.23;0.2939;1.284
Case 27045;3;80;81.15;0.2938;1.287
Case 27046;3;80;81.06;0.2937;1.29
Case 27047;3;80;80.98;0.2936;1.292
Case 27048;3;80;80.89;0.2935;1.295
Case 27049;3;80;80.82;0.2934;1.297
Case 27050;3;80;80.73;0.2933;1.3
Case 27051;3;80;80.65;0.2932;1.302
Case 27052;3;80;80.57;0.2931;1.305
Case 27053;3;80;80.49;0.293;1.307
Case 27054;3;80;80.41;0.2929;1.31
Case 27055;3;80;80.33;0.2928;1.312
Case 27056;3;80;80.25;0.2927;1.315
Case 27057;3;80;80.17;0.2926;1.317
Case 27058;3;80;80.09;0.2925;1.32
Case 27059;3;80;80.02;0.2924;1.322
Case 27060;3;80;79.95;0.2923;1.325
Case 27061;3;80;79.87;0.2922;1.327
Case 27062;3;80;79.81;0.2921;1.33
Case 27063;3;80;79.73;0.292;1.332
Case 27064;3;80;79.67;0.2919;1.335
Case 27065;3;80;79.6;0.2918;1.337
Case 27066;3;80;79.53;0.2917;1.339
Case 27067;3;80;79.46;0.2916;1.342
Case 27068;3;80;79.4;0.2915;1.344
Case 27069;3;80;79.33;0.2914;1.347
Case 27070;3;80;79.27;0.2913;1.349
Case 27071;3;80;79.2;0.2912;1.351
Case 27072;3;80;79.14;0.2911;1.354
Case 27073;3;80;79.07;0.291;1.356
Case 27074;3;80;79.01;0.2909;1.359
Case 27075;3;80;78.94;0.2908;1.361
Case 27076;3;80;78.88;0.2907;1.363
Case 27077;3;80;78.81;0.2906;1.366
Case 27078;3;80;78.76;0.2905;1.368
Case 27079;3;80;78.69;0.2904;1.37
Case 27080;3;80;78.63;0.2903;1.373
Case 27081;3;80;78.57;0.2902;1.375
Case 27082;3;80;78.51;0.2901;1.377
Case 27083;3;80;78.44;0.29;1.379
Case 27084;3;80;78.39;0.2899;1.382
Case 27085;3;80;78.32;0.2898;1.384
Case 27086;3;80;78.27;0.2897;1.386
Case 27087;3;80;78.2;0.2896;1.389
Case 27088;3;80;78.15;0.2895;1.391
Case 27089;3;80;78.08;0.2894;1.393
Case 27090;3;80;78.03;0.2893;1.395
Case 27091;3;80;77.97;0.2892;1.398
Case 27092;3;80;77.92;0.2891;1.4
Case 27093;3;80;77.85;0.289;1.402
Case 27094;3;80;77.8;0.2889;1.404
Case 27095;3;80;77.74;0.2888;1.407
Case 27096;3;80;77.69;0.2887;1.409
Case 27097;3;80;77.63;0.2886;1.411
Case 27098;3;80;77.57;0.2885;1.413
Case 27099;3;80;77.51;0.2884;1.415
Case 27100;3;80;77.46;0.2883;1.418
Case 27101;3;80;77.4;0.2882;1.42
Case 27102;3;80;77.35;0.2881;1.422
Case 27103;3;80;77.29;0.288;1.424
Case 27104;3;80;77.24;0.2879;1.426
Case 27105;3;80;77.19;0.2878;1.428
Case 27106;3;80;77.14;0.2877;1.431
Case 27107;3;80;77.09;0.2876;1.433
Case 27108;3;80;77.03;0.2875;1.435
Case 27109;3;80;76.98;0.2874;1.437
Case 27110;3;80;76.92;0.2873;1.439
Case 27111;3;80;76.87;0.2872;1.441
Case 27112;3;80;76.82;0.2871;1.443
Case 27113;3;80;76.77;0.287;1.445
Case 27114;3;80;76.71;0.2869;1.448
Case 27115;3;80;76.67;0.2868;1.45
Case 27116;3;80;76.61;0.2867;1.452
Case 27117;3;80;76.56;0.2866;1.454
Case 27118;3;80;76.51;0.2865;1.456
Case 27119;3;80;76.46;0.2864;1.458
Case 27120;3;80;76.41;0.2863;1.46
Case 27121;3;80;76.36;0.2862;1.462
Case 27122;3;80;76.31;0.2861;1.464
Case 27123;3;80;76.26;0.286;1.466
Case 27124;3;80;76.21;0.2859;1.468
Case 27125;3;80;76.16;0.2858;1.47
Case 27126;3;80;76.11;0.2857;1.472
Case 27127;3;80;76.06;0.2856;1.475
Case 27128;3;80;76.01;0.2855;1.477
Case 27129;3;80;75.96;0.2854;1.479
Case 27130;3;80;75.91;0.2853;1.481
Case 27131;3;80;75.87;0.2852;1.483
Case 27132;3;80;75.81;0.2851;1.485
Case 27133;3;80;75.77;0.285;1.487
Case 27134;3;80;75.72;0.2849;1.489
Case 27135;3;80;75.68;0.2848;1.491
Case 27136;3;80;75.62;0.2847;1.493
Case 27137;3;80;75.58;0.2846;1.495
Case 27138;3;80;75.53;0.2845;1.497
Case 27139;3;80;75.49;0.2844;1.499
Case 27140;3;80;75.44;0.2843;1.501
Case 27141;3;80;75.39;0.2842;1.503
Case 27142;3;80;75.34;0.2841;1.505
Case 27143;3;80;75.3;0.284;1.506
Case 27144;3;80;75.25;0.2839;1.508
Case 27145;3;80;75.21;0.2838;1.51
Case 27146;3;80;75.16;0.2837;1.512
Case 27147;3;80;75.12;0.2836;1.514
Case 27148;3;80;75.07;0.2835;1.516
Case 27149;3;80;75.03;0.2834;1.518
Case 27150;3;80;74.98;0.2833;1.52
Case 27151;3;80;74.94;0.2832;1.522
Case 27152;3;80;74.89;0.2831;1.524
Case 27153;3;80;74.85;0.283;1.526
Case 27154;3;80;74.8;0.2829;1.528
Case 27155;3;80;74.76;0.2828;1.53
Case 27156;3;80;74.71;0.2827;1.532
Case 27157;3;80;74.67;0.2826;1.533
Case 27158;3;80;74.62;0.2825;1.535
Case 27159;3;80;74.58;0.2824;1.537
Case 27160;3;80;74.54;0.2823;1.539
Case 27161;3;80;74.5;0.2822;1.541
Case 27162;3;80;74.45;0.2821;1.543
Case 27163;3;80;74.41;0.282;1.545
Case 27164;3;80;74.36;0.2819;1.547
Case 27165;3;80;74.33;0.2818;1.549
Case 27166;3;80;74.28;0.2817;1.55
Case 27167;3;80;74.24;0.2816;1.552
Case 27168;3;80;74.19;0.2815;1.554
Case 27169;3;80;74.16;0.2814;1.556
Case 27170;3;80;74.11;0.2813;1.558
Case 27171;3;80;74.07;0.2812;1.56
Case 27172;3;80;74.02;0.2811;1.561
Case 27173;3;80;73.99;0.281;1.563
Case 27174;3;80;73.94;0.2809;1.565
Case 27175;3;80;73.9;0.2808;1.567
Case 27176;3;80;73.87;0.2807;1.569
Case 27177;3;80;73.82;0.2806;1.571
Case 27178;3;80;73.78;0.2805;1.572
Case 27179;3;80;73.74;0.2804;1.574
Case 27180;3;80;73.7;0.2803;1.576
Case 27181;3;80;73.66;0.2802;1.578
Case 27182;3;80;73.62;0.2801;1.58
Case 27183;3;80;73.57;0.28;1.581
Case 27184;3;80;73.54;0.2799;1.583
Case 27185;3;80;73.49;0.2798;1.585
Case 27186;3;80;73.46;0.2797;1.587
Case 27187;3;80;73.41;0.2796;1.589
Case 27188;3;80;73.38;0.2795;1.59
Case 27189;3;80;73.33;0.2794;1.592
Case 27190;3;80;73.3;0.2793;1.594
Case 27191;3;80;73.25;0.2792;1.596
Case 27192;3;80;73.22;0.2791;1.597
Case 27194;3;80;73.13;0.2789;1.601
Case 27195;3;80;73.1;0.2788;1.603
Case 27196;3;80;73.06;0.2787;1.604
Case 27197;3;80;73.02;0.2786;1.606
Case 27198;3;80;72.98;0.2785;1.608
Case 27199;3;80;72.94;0.2784;1.61
Case 27200;3;80;72.9;0.2783;1.611
Case 27201;3;80;72.86;0.2782;1.613
Case 27202;3;80;72.82;0.2781;1.615
Case 27203;3;80;72.79;0.278;1.617
Case 27204;3;80;72.74;0.2779;1.618
Case 27205;3;80;72.71;0.2778;1.62
Case 27206;3;80;72.67;0.2777;1.622
Case 27207;3;80;72.63;0.2776;1.623
Case 27208;3;80;72.59;0.2775;1.625
Case 27209;3;80;72.56;0.2774;1.627
Case 27210;3;80;72.51;0.2773;1.629
Case 27211;3;80;72.48;0.2772;1.63
Case 27212;3;80;72.44;0.2771;1.632
Case 27213;3;80;72.4;0.277;1.634
Case 27214;3;80;72.36;0.2769;1.635
Case 27215;3;80;72.33;0.2768;1.637
Case 27216;3;80;72.29;0.2767;1.639
Case 27217;3;80;72.25;0.2766;1.64
Case 27218;3;80;72.21;0.2765;1.642
Case 27219;3;80;72.18;0.2764;1.644
Case 27220;3;80;72.14;0.2763;1.645
Case 27221;3;80;72.11;0.2762;1.647
Case 27222;3;80;72.06;0.2761;1.649
Case 27223;3;80;72.03;0.276;1.65
Case 27224;3;80;71.99;0.2759;1.652
Case 27225;3;80;71.96;0.2758;1.654
Case 27226;3;80;71.92;0.2757;1.655
Case 27227;3;80;71.88;0.2756;1.657
Case 27228;3;80;71.84;0.2755;1.659
Case 27229;3;80;71.81;0.2754;1.66
Case 27230;3;80;71.77;0.2753;1.662
Case 27231;3;80;71.74;0.2752;1.664
Case 27232;3;80;71.7;0.2751;1.665
Case 27233;3;80;71.66;0.275;1.667
Case 27234;3;80;71.62;0.2749;1.668
Case 27235;3;80;71.59;0.2748;1.67
Case 27236;3;80;71.55;0.2747;1.672
Case 27237;3;80;71.52;0.2746;1.673
Case 27238;3;80;71.48;0.2745;1.675
Case 27239;3;80;71.45;0.2744;1.676
Case 27240;3;80;71.41;0.2743;1.678
Case 27241;3;80;71.38;0.2742;1.68
Case 27242;3;80;71.34;0.2741;1.681
Case 27243;3;80;71.3;0.274;1.683
Case 27244;3;80;71.26;0.2739;1.684
Case 27245;3;80;71.23;0.2738;1.686
Case 27246;3;80;71.19;0.2737;1.688
Case 27247;3;80;71.16;0.2736;1.689
Case 27248;3;80;71.12;0.2735;1.691
Case 27249;3;80;71.09;0.2734;1.692
Case 27250;3;80;71.05;0.2733;1.694
Case 27251;3;80;71.02;0.2732;1.696
Case 27252;3;80;70.98;0.2731;1.697
Case 27253;3;80;70.95;0.273;1.699
Case 27254;3;80;70.92;0.2729;1.7
Case 27255;3;80;70.88;0.2728;1.702
Case 27256;3;80;70.85;0.2727;1.703
Case 27257;3;80;70.81;0.2726;1.705
Case 27258;3;80;70.78;0.2725;1.707
Case 27259;3;80;70.74;0.2724;1.708
Case 27260;3;80;70.71;0.2723;1.71
Case 27261;3;80;70.67;0.2722;1.711
Case 27262;3;80;70.64;0.2721;1.713
Case 27263;3;80;70.6;0.272;1.714
Case 27264;3;80;70.57;0.2719;1.716
Case 27265;3;80;70.53;0.2718;1.717
Case 27266;3;80;70.5;0.2717;1.719
Case 27267;3;80;70.46;0.2716;1.72
Case 27268;3;80;70.44;0.2715;1.722
Case 27269;3;80;70.4;0.2714;1.723
Case 27270;3;80;70.37;0.2713;1.725
Case 27271;3;80;70.33;0.2712;1.726
Case 27272;3;80;70.3;0.2711;1.728
Case 27273;3;80;70.26;0.271;1.73
Case 27274;3;80;70.23;0.2709;1.731
Case 27275;3;80;70.19;0.2708;1.733
Case 27276;3;80;70.16;0.2707;1.734
Case 27277;3;80;70.12;0.2706;1.736
Case 27278;3;80;70.09;0.2705;1.737
Case 27279;3;80;70.06;0.2704;1.739
Case 27280;3;80;70.03;0.2703;1.74
Case 27281;3;80;69.99;0.2702;1.742
Case 27282;3;80;69.96;0.2701;1.743
Case 27283;3;80;69.93;0.27;1.745
Case 27284;3;80;69.9;0.2699;1.746
Case 27285;3;80;69.87;0.2698;1.748
Case 27286;3;80;69.84;0.2697;1.749
Case 27287;3;80;69.81;0.2696;1.75
Case 27288;3;80;69.78;0.2695;1.752
Case 27289;3;80;69.75;0.2694;1.753
Case 27290;3;80;69.72;0.2693;1.755
Case 27291;3;80;69.68;0.2692;1.756
Case 27292;3;80;69.66;0.2691;1.758
Case 27293;3;80;69.62;0.269;1.759
Case 27294;3;80;69.6;0.2689;1.761
Case 27295;3;80;69.57;0.2688;1.762
Case 27296;3;80;69.54;0.2687;1.764
Case 27297;3;80;69.51;0.2686;1.765
Case 27298;3;80;69.48;0.2685;1.767
Case 27299;3;80;69.45;0.2684;1.768
Case 27300;3;80;69.42;0.2683;1.77
Case 27301;3;80;69.39;0.2682;1.771
Case 27302;3;80;69.36;0.2681;1.772
Case 27303;3;80;69.33;0.268;1.774
Case 27304;3;80;69.3;0.2679;1.775
Case 27305;3;80;69.27;0.2678;1.777
Case 27306;3;80;69.25;0.2677;1.778
Case 27307;3;80;69.21;0.2676;1.78
Case 27308;3;80;69.19;0.2675;1.781
Case 27309;3;80;69.15;0.2674;1.782
Case 27310;3;80;69.13;0.2673;1.784
Case 27311;3;80;69.1;0.2672;1.785
Case 27312;3;80;69.07;0.2671;1.787
Case 27313;3;80;69.04;0.267;1.788
Case 27314;3;80;69.02;0.2669;1.79
Case 27315;3;80;68.98;0.2668;1.791
Case 27316;3;80;68.96;0.2667;1.792
Case 27317;3;80;68.92;0.2666;1.794
Case 27318;3;80;68.9;0.2665;1.795
Case 27319;3;80;68.87;0.2664;1.797
Case 27320;3;80;68.84;0.2663;1.798
Case 27321;3;80;68.81;0.2662;1.799
Case 27322;3;80;68.79;0.2661;1.801
Case 27323;3;80;68.75;0.266;1.802
Case 27324;3;80;68.73;0.2659;1.804
Case 27325;3;80;68.7;0.2658;1.805
Case 27326;3;80;68.67;0.2657;1.806
Case 27327;3;80;68.64;0.2656;1.808
Case 27328;3;80;68.62;0.2655;1.809
Case 27329;3;80;68.59;0.2654;1.811
Case 27330;3;80;68.56;0.2653;1.812
Case 27331;3;80;68.53;0.2652;1.813
Case 27332;3;80;68.51;0.2651;1.815
Case 27333;3;80;68.47;0.265;1.816
Case 27334;3;80;68.45;0.2649;1.817
Case 27335;3;80;68.42;0.2648;1.819
Case 27336;3;80;68.4;0.2647;1.82
Case 27337;3;80;68.36;0.2646;1.822
Case 27338;3;80;68.34;0.2645;1.823
Case 27339;3;80;68.31;0.2644;1.824
Case 27340;3;80;68.29;0.2643;1.826
Case 27341;3;80;68.25;0.2642;1.827
Case 27342;3;80;68.23;0.2641;1.828
Case 27343;3;80;68.2;0.264;1.83
Case 27344;3;80;68.18;0.2639;1.831
Case 27345;3;80;68.14;0.2638;1.832
Case 27346;3;80;68.12;0.2637;1.834
Case 27347;3;80;68.09;0.2636;1.835
Case 27348;3;80;68.07;0.2635;1.836
Case 27349;3;80;68.04;0.2634;1.838
Case 27350;3;80;68.01;0.2633;1.839
Case 27351;3;80;67.98;0.2632;1.841
Case 27352;3;80;67.96;0.2631;1.842
Case 27353;3;80;67.93;0.263;1.843
Case 27354;3;80;67.91;0.2629;1.845
Case 27355;3;80;67.87;0.2628;1.846
Case 27356;3;80;67.85;0.2627;1.847
Case 27357;3;80;67.83;0.2626;1.849
Case 27358;3;80;67.8;0.2625;1.85
Case 27359;3;80;67.78;0.2624;1.851
Case 27360;3;80;67.74;0.2623;1.852
Case 27361;3;80;67.72;0.2622;1.854
Case 27362;3;80;67.69;0.2621;1.855
Case 27363;3;80;67.67;0.262;1.856
Case 27364;3;80;67.64;0.2619;1.858
Case 27365;3;80;67.62;0.2618;1.859
Case 27366;3;80;67.59;0.2617;1.86
Case 27367;3;80;67.56;0.2616;1.862
Case 27368;3;80;67.53;0.2615;1.863
Case 27369;3;80;67.5;0.2614;1.864
Case 27370;3;80;67.48;0.2613;1.866
Case 27371;3;80;67.46;0.2612;1.867
Case 27372;3;80;67.43;0.2611;1.868
Case 27373;3;80;67.41;0.261;1.87
Case 27374;3;80;67.38;0.2609;1.871
Case 27375;3;80;67.36;0.2608;1.872
Case 27376;3;80;67.32;0.2607;1.873
Case 27377;3;80;67.3;0.2606;1.875
Case 27378;3;80;67.27;0.2605;1.876
Case 27379;3;80;67.25;0.2604;1.877
Case 27380;3;80;67.22;0.2603;1.879
Case 27381;3;80;67.2;0.2602;1.88
Case 27382;3;80;67.17;0.2601;1.881
Case 27383;3;80;67.15;0.26;1.882
Case 27384;3;80;67.12;0.2599;1.884
Case 27385;3;80;67.1;0.2598;1.885
Case 27386;3;80;67.07;0.2597;1.886
Case 27387;3;80;67.05;0.2596;1.887
Case 27388;3;80;67.01;0.2595;1.889
Case 27389;3;80;66.99;0.2594;1.89
Case 27390;3;80;66.96;0.2593;1.891
Case 27391;3;80;66.94;0.2592;1.893
Case 27392;3;80;66.91;0.2591;1.894
Case 27393;3;80;66.89;0.259;1.895
Case 27394;3;80;66.86;0.2589;1.896
Case 27395;3;80;66.84;0.2588;1.898
Case 27396;3;80;66.81;0.2587;1.899
Case 27397;3;80;66.79;0.2586;1.9
Case 27398;3;80;66.76;0.2585;1.901
Case 27399;3;80;66.74;0.2584;1.903
Case 27400;3;80;66.71;0.2583;1.904
Case 27401;3;80;66.69;0.2582;1.905
Case 27402;3;80;66.66;0.2581;1.906
Case 27403;3;80;66.64;0.258;1.908
Case 27404;3;80;66.61;0.2579;1.909
Case 27405;3;80;66.59;0.2578;1.91
Case 27406;3;80;66.56;0.2577;1.911
Case 27407;3;80;66.54;0.2576;1.913
Case 27408;3;80;66.51;0.2575;1.914
Case 27409;3;80;66.49;0.2574;1.915
Case 27410;3;80;66.47;0.2573;1.916
Case 27411;3;80;66.44;0.2572;1.917
Case 27412;3;80;66.42;0.2571;1.919
Case 27413;3;80;66.39;0.257;1.92
Case 27414;3;80;66.37;0.2569;1.921
Case 27415;3;80;66.34;0.2568;1.922
Case 27416;3;80;66.32;0.2567;1.924
Case 27417;3;80;66.29;0.2566;1.925
Case 27418;3;80;66.27;0.2565;1.926
Case 27419;3;80;66.24;0.2564;1.927
Case 27420;3;80;66.22;0.2563;1.929
Case 27421;3;80;66.19;0.2562;1.93
Case 27422;3;80;66.17;0.2561;1.931
Case 27423;3;80;66.14;0.256;1.932
Case 27424;3;80;66.12;0.2559;1.933
Case 27425;3;80;66.09;0.2558;1.935
Case 27426;3;80;66.07;0.2557;1.936
Case 27427;3;80;66.04;0.2556;1.937
Case 27428;3;80;66.02;0.2555;1.938
Case 27429;3;80;65.99;0.2554;1.939
Case 27430;3;80;65.97;0.2553;1.941
Case 27431;3;80;65.94;0.2552;1.942
Case 27432;3;80;65.92;0.2551;1.943
Case 27433;3;80;65.89;0.255;1.944
Case 27434;3;80;65.87;0.2549;1.945
Case 27435;3;80;65.84;0.2548;1.947
Case 27436;3;80;65.82;0.2547;1.948
Case 27437;3;80;65.8;0.2546;1.949
Case 27438;3;80;65.77;0.2545;1.95
Case 27439;3;80;65.76;0.2544;1.951
Case 27440;3;80;65.73;0.2543;1.952
Case 27441;3;80;65.7;0.2542;1.954
Case 27442;3;80;65.68;0.2541;1.955
Case 27443;3;80;65.65;0.254;1.956
Case 27444;3;80;65.63;0.2539;1.957
Case 27445;3;80;65.6;0.2538;1.958
Case 27446;3;80;65.58;0.2537;1.96
Case 27447;3;80;65.55;0.2536;1.961
Case 27448;3;80;65.54;0.2535;1.962
Case 27449;3;80;65.51;0.2534;1.963
Case 27450;3;80;65.49;0.2533;1.964
Case 27451;3;80;65.46;0.2532;1.965
Case 27452;3;80;65.44;0.2531;1.967
Case 27453;3;80;65.41;0.253;1.968
Case 27454;3;80;65.39;0.2529;1.969
Case 27455;3;80;65.36;0.2528;1.97
Case 27456;3;80;65.35;0.2527;1.971
Case 27457;3;80;65.32;0.2526;1.972
Case 27458;3;80;65.3;0.2525;1.974
Case 27459;3;80;65.27;0.2524;1.975
Case 27460;3;80;65.25;0.2523;1.976
Case 27461;3;80;65.22;0.2522;1.977
Case 27462;3;80;65.21;0.2521;1.978
Case 27463;3;80;65.18;0.252;1.979
Case 27464;3;80;65.15;0.2519;1.98
Case 27465;3;80;65.13;0.2518;1.982
Case 27466;3;80;65.1;0.2517;1.983
Case 27467;3;80;65.08;0.2516;1.984
Case 27468;3;80;65.06;0.2515;1.985
Case 27469;3;80;65.04;0.2514;1.986
Case 27470;3;80;65.01;0.2513;1.987
Case 27471;3;80;64.99;0.2512;1.988
Case 27472;3;80;64.96;0.2511;1.99
Case 27473;3;80;64.95;0.251;1.991
Case 27474;3;80;64.92;0.2509;1.992
Case 27475;3;80;64.9;0.2508;1.993
Case 27476;3;80;64.87;0.2507;1.994
Case 27477;3;80;64.85;0.2506;1.995
Case 27478;3;80;64.83;0.2505;1.996
Case 27479;3;80;64.8;0.2504;1.998
Case 27480;3;80;64.78;0.2503;1.999
Case 27481;3;80;64.75;0.2502;2
Case 27482;3;80;64.73;0.2501;2.001
Case 27483;3;80;64.71;0.25;2.002
Case 27484;3;80;64.69;0.2499;2.003
Case 27485;3;80;64.66;0.2498;2.004
Case 27486;3;80;64.64;0.2497;2.005
Case 27487;3;80;64.62;0.2496;2.006
Case 27488;3;80;64.59;0.2495;2.008
Case 27489;3;80;64.57;0.2494;2.009
Case 27490;3;80;64.55;0.2493;2.01
Case 27491;3;80;64.53;0.2492;2.011
Case 27492;3;80;64.5;0.2491;2.012
Case 27493;3;80;64.48;0.249;2.013
Case 27494;3;80;64.45;0.2489;2.014
Case 27495;3;80;64.43;0.2488;2.015
Case 27496;3;80;64.41;0.2487;2.016
Case 27497;3;80;64.39;0.2486;2.018
Case 27498;3;80;64.36;0.2485;2.019
Case 27499;3;80;64.35;0.2484;2.02
Case 27500;3;80;64.32;0.2483;2.021
Case 27501;3;80;64.29;0.2482;2.022
Case 27502;3;80;64.27;0.2481;2.023
Case 27503;3;80;64.25;0.248;2.024
Case 27504;3;80;64.23;0.2479;2.025
Case 27505;3;80;64.2;0.2478;2.026
Case 27506;3;80;64.18;0.2477;2.027
Case 27507;3;80;64.16;0.2476;2.029
Case 27508;3;80;64.13;0.2475;2.03
Case 27509;3;80;64.11;0.2474;2.031
Case 27510;3;80;64.09;0.2473;2.032
Case 27511;3;80;64.07;0.2472;2.033
Case 27512;3;80;64.04;0.2471;2.034
Case 27513;3;80;64.02;0.247;2.035
Case 27514;3;80;64;0.2469;2.036
Case 27515;3;80;63.98;0.2468;2.037
Case 27516;3;80;63.95;0.2467;2.038
Case 27517;3;80;63.93;0.2466;2.039
Case 27518;3;80;63.91;0.2465;2.04
Case 27519;3;80;63.88;0.2464;2.041
Case 27520;3;80;63.86;0.2463;2.043
Case 27521;3;80;63.84;0.2462;2.044
Case 27522;3;80;63.82;0.2461;2.045
Case 27523;3;80;63.79;0.246;2.046
Case 27524;3;80;63.78;0.2459;2.047
Case 27525;3;80;63.75;0.2458;2.048
Case 27526;3;80;63.72;0.2457;2.049
Case 27527;3;80;63.71;0.2456;2.05
Case 27528;3;80;63.68;0.2455;2.051
Case 27529;3;80;63.66;0.2454;2.052
Case 27530;3;80;63.63;0.2453;2.053
Case 27531;3;80;63.62;0.2452;2.054
Case 27532;3;80;63.59;0.2451;2.055
Case 27533;3;80;63.57;0.245;2.056
Case 27534;3;80;63.55;0.2449;2.057
Case 27535;3;80;63.52;0.2448;2.058
Case 27536;3;80;63.5;0.2447;2.06
Case 27537;3;80;63.48;0.2446;2.061
Case 27538;3;80;63.46;0.2445;2.062
Case 27539;3;80;63.43;0.2444;2.063
Case 27540;3;80;63.42;0.2443;2.064
Case 27541;3;80;63.39;0.2442;2.065
Case 27542;3;80;63.36;0.2441;2.066
Case 27543;3;80;63.35;0.244;2.067
Case 27544;3;80;63.32;0.2439;2.068
Case 27545;3;80;63.3;0.2438;2.069
Case 27546;3;80;63.28;0.2437;2.07
Case 27547;3;80;63.25;0.2436;2.071
Case 27548;3;80;63.24;0.2435;2.072
Case 27549;3;80;63.21;0.2434;2.073
Case 27550;3;80;63.19;0.2433;2.074
Case 27551;3;80;63.17;0.2432;2.075
Case 27552;3;80;63.15;0.2431;2.076
Case 27553;3;80;63.12;0.243;2.077
Case 27554;3;80;63.11;0.2429;2.078
Case 27555;3;80;63.08;0.2428;2.079
Case 27556;3;80;63.05;0.2427;2.08
Case 27557;3;80;63.04;0.2426;2.081
Case 27558;3;80;63.01;0.2425;2.082
Case 27559;3;80;62.99;0.2424;2.083
Case 27560;3;80;62.97;0.2423;2.084
Case 27561;3;80;62.94;0.2422;2.085
Case 27562;3;80;62.92;0.2421;2.086
Case 27563;3;80;62.9;0.242;2.087
Case 27564;3;80;62.88;0.2419;2.088
Case 27565;3;80;62.86;0.2418;2.089
Case 27566;3;80;62.83;0.2417;2.091
Case 27567;3;80;62.81;0.2416;2.092
Case 27568;3;80;62.79;0.2415;2.093
Case 27569;3;80;62.77;0.2414;2.094
Case 27570;3;80;62.74;0.2413;2.095
Case 27571;3;80;62.73;0.2412;2.096
Case 27572;3;80;62.7;0.2411;2.097
Case 27573;3;80;62.69;0.241;2.098
Case 27574;3;80;62.66;0.2409;2.099
Case 27575;3;80;62.63;0.2408;2.1
Case 27576;3;80;62.62;0.2407;2.101
Case 27577;3;80;62.59;0.2406;2.102
Case 27578;3;80;62.58;0.2405;2.103
Case 27579;3;80;62.55;0.2404;2.104
Case 27580;3;80;62.52;0.2403;2.105
Case 27581;3;80;62.51;0.2402;2.106
Case 27582;3;80;62.48;0.2401;2.107
Case 27583;3;80;62.46;0.24;2.108
Case 27584;3;80;62.44;0.2399;2.109
Case 27585;3;80;62.41;0.2398;2.11
Case 27586;3;80;62.4;0.2397;2.111
Case 27587;3;80;62.37;0.2396;2.112
Case 27588;3;80;62.35;0.2395;2.113
Case 27589;3;80;62.33;0.2394;2.114
Case 27590;3;80;62.3;0.2393;2.115
Case 27591;3;80;62.29;0.2392;2.116
Case 27592;3;80;62.26;0.2391;2.117
Case 27593;3;80;62.24;0.239;2.118
Case 27594;3;80;62.22;0.2389;2.118
Case 27595;3;80;62.2;0.2388;2.119
Case 27596;3;80;62.18;0.2387;2.12
Case 27597;3;80;62.15;0.2386;2.121
Case 27598;3;80;62.13;0.2385;2.122
Case 27599;3;80;62.11;0.2384;2.123
Case 27600;3;80;62.09;0.2383;2.124
Case 27601;3;80;62.07;0.2382;2.125
Case 27602;3;80;62.04;0.2381;2.126
Case 27603;3;80;62.02;0.238;2.127
Case 27604;3;80;62;0.2379;2.128
Case 27605;3;80;61.98;0.2378;2.129
Case 27606;3;80;61.96;0.2377;2.13
Case 27607;3;80;61.93;0.2376;2.131
Case 27608;3;80;61.92;0.2375;2.132
Case 27609;3;80;61.89;0.2374;2.133
Case 27610;3;80;61.87;0.2373;2.134
Case 27611;3;80;61.85;0.2372;2.135
Case 27612;3;80;61.82;0.2371;2.136
Case 27613;3;80;61.81;0.237;2.137
Case 27614;3;80;61.78;0.2369;2.138
Case 27615;3;80;61.76;0.2368;2.139
Case 27616;3;80;61.74;0.2367;2.14
Case 27617;3;80;61.71;0.2366;2.141
Case 27618;3;80;61.7;0.2365;2.142
Case 27619;3;80;61.67;0.2364;2.143
Case 27620;3;80;61.66;0.2363;2.144
Case 27621;3;80;61.63;0.2362;2.145
Case 27622;3;80;61.61;0.2361;2.146
Case 27623;3;80;61.59;0.236;2.147
Case 27624;3;80;61.56;0.2359;2.148
Case 27625;3;80;61.55;0.2358;2.148
Case 27626;3;80;61.52;0.2357;2.149
Case 27627;3;80;61.51;0.2356;2.15
Case 27628;3;80;61.48;0.2355;2.151
Case 27629;3;80;61.45;0.2354;2.152
Case 27630;3;80;61.44;0.2353;2.153
Case 27631;3;80;61.41;0.2352;2.154
Case 27632;3;80;61.4;0.2351;2.155
Case 27633;3;80;61.37;0.235;2.156
Case 27634;3;80;61.35;0.2349;2.157
Case 27635;3;80;61.33;0.2348;2.158
Case 27636;3;80;61.3;0.2347;2.159
Case 27637;3;80;61.29;0.2346;2.16
Case 27638;3;80;61.26;0.2345;2.161
Case 27639;3;80;61.24;0.2344;2.162
Case 27640;3;80;61.22;0.2343;2.163
Case 27641;3;80;61.19;0.2342;2.164
Case 27642;3;80;61.18;0.2341;2.164
Case 27643;3;80;61.15;0.234;2.165
Case 27644;3;80;61.14;0.2339;2.166
Case 27645;3;80;61.11;0.2338;2.167
Case 27646;3;80;61.09;0.2337;2.168
Case 27647;3;80;61.07;0.2336;2.169
Case 27648;3;80;61.05;0.2335;2.17
Case 27649;3;80;61.02;0.2334;2.171
Case 27650;3;80;61;0.2333;2.172
Case 27651;3;80;60.98;0.2332;2.173
Case 27652;3;80;60.96;0.2331;2.174
Case 27653;3;80;60.94;0.233;2.175
Case 27654;3;80;60.91;0.2329;2.176
Case 27655;3;80;60.9;0.2328;2.177
Case 27656;3;80;60.87;0.2327;2.177
Case 27657;3;80;60.85;0.2326;2.178
Case 27658;3;80;60.83;0.2325;2.179
Case 27659;3;80;60.8;0.2324;2.18
Case 27660;3;80;60.79;0.2323;2.181
Case 27661;3;80;60.76;0.2322;2.182
Case 27662;3;80;60.75;0.2321;2.183
Case 27663;3;80;60.72;0.232;2.184
Case 27664;3;80;60.69;0.2319;2.185
Case 27665;3;80;60.68;0.2318;2.186
Case 27666;3;80;60.65;0.2317;2.187
Case 27667;3;80;60.64;0.2316;2.188
Case 27668;3;80;60.61;0.2315;2.188
Case 27669;3;80;60.6;0.2314;2.189
Case 27670;3;80;60.57;0.2313;2.19
Case 27671;3;80;60.54;0.2312;2.191
Case 27672;3;80;60.53;0.2311;2.192
Case 27673;3;80;60.5;0.231;2.193
Case 27674;3;80;60.49;0.2309;2.194
Case 27675;3;80;60.46;0.2308;2.195
Case 27676;3;80;60.44;0.2307;2.196
Case 27677;3;80;60.42;0.2306;2.197
Case 27678;3;80;60.4;0.2305;2.197
Case 27679;3;80;60.37;0.2304;2.198
Case 27680;3;80;60.35;0.2303;2.199
Case 27681;3;80;60.33;0.2302;2.2
Case 27682;3;80;60.31;0.2301;2.201
Case 27683;3;80;60.29;0.23;2.202
Case 27684;3;80;60.27;0.2299;2.203
Case 27685;3;80;60.24;0.2298;2.204
Case 27686;3;80;60.23;0.2297;2.205
Case 27687;3;80;60.2;0.2296;2.205
Case 27688;3;80;60.18;0.2295;2.206
Case 27689;3;80;60.16;0.2294;2.207
Case 27690;3;80;60.14;0.2293;2.208
Case 27691;3;80;60.11;0.2292;2.209
Case 27692;3;80;60.1;0.2291;2.21
Case 27693;3;80;60.07;0.229;2.211
Case 27694;3;80;60.05;0.2289;2.212
Case 27695;3;80;60.03;0.2288;2.213
Case 27696;3;80;60;0.2287;2.213
Case 27697;3;80;59.99;0.2286;2.214
Case 27698;3;80;59.97;0.2285;2.215
Case 27699;3;80;59.95;0.2284;2.216
Case 27700;3;80;59.93;0.2283;2.217
Case 27702;3;80;59.88;0.2281;2.219
Case 27703;3;80;59.87;0.228;2.22
Case 27704;3;80;59.85;0.2279;2.22
Case 27705;3;80;59.83;0.2278;2.221
Case 27706;3;80;59.81;0.2277;2.222
Case 27707;3;80;59.79;0.2276;2.223
Case 27708;3;80;59.77;0.2275;2.224
Case 27709;3;80;59.75;0.2274;2.225
Case 27710;3;80;59.73;0.2273;2.226
Case 27711;3;80;59.72;0.2272;2.227
Case 27712;3;80;59.69;0.2271;2.227
Case 27713;3;80;59.68;0.227;2.228
Case 27714;3;80;59.65;0.2269;2.229
Case 27715;3;80;59.64;0.2268;2.23
Case 27716;3;80;59.62;0.2267;2.231
Case 27717;3;80;59.59;0.2266;2.232
Case 27718;3;80;59.58;0.2265;2.233
Case 27719;3;80;59.56;0.2264;2.234
Case 27720;3;80;59.54;0.2263;2.234
Case 27721;3;80;59.52;0.2262;2.235
Case 27722;3;80;59.5;0.2261;2.236
Case 27723;3;80;59.48;0.226;2.237
Case 27724;3;80;59.46;0.2259;2.238
Case 27725;3;80;59.44;0.2258;2.239
Case 27726;3;80;59.43;0.2257;2.24
Case 27727;3;80;59.4;0.2256;2.24
Case 27728;3;80;59.39;0.2255;2.241
Case 27729;3;80;59.36;0.2254;2.242
Case 27730;3;80;59.35;0.2253;2.243
Case 27731;3;80;59.32;0.2252;2.244
Case 27732;3;80;59.31;0.2251;2.245
Case 27733;3;80;59.28;0.225;2.245
Case 27734;3;80;59.27;0.2249;2.246
Case 27735;3;80;59.25;0.2248;2.247
Case 27736;3;80;59.23;0.2247;2.248
Case 27737;3;80;59.2;0.2246;2.249
Case 27738;3;80;59.19;0.2245;2.25
Case 27739;3;80;59.17;0.2244;2.251
Case 27740;3;80;59.15;0.2243;2.251
Case 27741;3;80;59.14;0.2242;2.252
Case 27742;3;80;59.11;0.2241;2.253
Case 27743;3;80;59.1;0.224;2.254
Case 27744;3;80;59.07;0.2239;2.255
Case 27745;3;80;59.06;0.2238;2.256
Case 27746;3;80;59.03;0.2237;2.256
Case 27747;3;80;59.02;0.2236;2.257
Case 27748;3;80;59;0.2235;2.258
Case 27749;3;80;58.98;0.2234;2.259
Case 27750;3;80;58.96;0.2233;2.26
Case 27751;3;80;58.95;0.2232;2.261
Case 27752;3;80;58.92;0.2231;2.261
Case 27753;3;80;58.91;0.223;2.262
Case 27754;3;80;58.89;0.2229;2.263
Case 27755;3;80;58.86;0.2228;2.264
Case 27756;3;80;58.85;0.2227;2.265
Case 27757;3;80;58.82;0.2226;2.266
Case 27758;3;80;58.81;0.2225;2.266
Case 27759;3;80;58.79;0.2224;2.267
Case 27760;3;80;58.77;0.2223;2.268
Case 27761;3;80;58.75;0.2222;2.269
Case 27762;3;80;58.73;0.2221;2.27
Case 27763;3;80;58.71;0.222;2.271
Case 27764;3;80;58.7;0.2219;2.271
Case 27765;3;80;58.67;0.2218;2.272
Case 27766;3;80;58.66;0.2217;2.273
Case 27768;3;80;58.62;0.2215;2.275
Case 27769;3;80;58.59;0.2214;2.275
Case 27770;3;80;58.58;0.2213;2.276
Case 27771;3;80;58.56;0.2212;2.277
Case 27772;3;80;58.54;0.2211;2.278
Case 27773;3;80;58.52;0.221;2.279
Case 27774;3;80;58.5;0.2209;2.28
Case 27775;3;80;58.48;0.2208;2.28
Case 27776;3;80;58.46;0.2207;2.281
Case 27777;3;80;58.45;0.2206;2.282
Case 27778;3;80;58.42;0.2205;2.283
Case 27779;3;80;58.41;0.2204;2.284
Case 27780;3;80;58.39;0.2203;2.284
Case 27781;3;80;58.36;0.2202;2.285
Case 27782;3;80;58.35;0.2201;2.286
Case 27783;3;80;58.33;0.22;2.287
Case 27784;3;80;58.31;0.2199;2.288
Case 27786;3;80;58.28;0.2197;2.289
Case 27787;3;80;58.25;0.2196;2.29
Case 27788;3;80;58.24;0.2195;2.291
Case 27789;3;80;58.22;0.2194;2.292
Case 27790;3;80;58.2;0.2193;2.293
Case 27791;3;80;58.18;0.2192;2.293
Case 27792;3;80;58.16;0.2191;2.294
Case 27793;3;80;58.14;0.219;2.295
Case 27794;3;80;58.12;0.2189;2.296
Case 27795;3;80;58.11;0.2188;2.297
Case 27796;3;80;58.08;0.2187;2.297
Case 27797;3;80;58.07;0.2186;2.298
Case 27798;3;80;58.05;0.2185;2.299
Case 27799;3;80;58.03;0.2184;2.3
Case 27800;3;80;58.01;0.2183;2.301
Case 27801;3;80;57.99;0.2182;2.301
Case 27802;3;80;57.97;0.2181;2.302
Case 27804;3;80;57.94;0.2179;2.304
Case 27805;3;80;57.91;0.2178;2.304
Case 27806;3;80;57.9;0.2177;2.305
Case 27807;3;80;57.88;0.2176;2.306
Case 27808;3;80;57.86;0.2175;2.307
Case 27809;3;80;57.84;0.2174;2.308
Case 27810;3;80;57.82;0.2173;2.308
Case 27811;3;80;57.8;0.2172;2.309
Case 27812;3;80;57.79;0.2171;2.31
Case 27813;3;80;57.76;0.217;2.311
Case 27814;3;80;57.75;0.2169;2.312
Case 27815;3;80;57.73;0.2168;2.312
Case 27816;3;80;57.71;0.2167;2.313
Case 27817;3;80;57.69;0.2166;2.314
Case 27818;3;80;57.67;0.2165;2.315
Case 27819;3;80;57.65;0.2164;2.315
Case 27820;3;80;57.64;0.2163;2.316
Case 27821;3;80;57.61;0.2162;2.317
Case 27822;3;80;57.6;0.2161;2.318
Case 27823;3;80;57.58;0.216;2.319
Case 27824;3;80;57.56;0.2159;2.319
Case 27825;3;80;57.54;0.2158;2.32
Case 27826;3;80;57.52;0.2157;2.321
Case 27827;3;80;57.5;0.2156;2.322
Case 27828;3;80;57.48;0.2155;2.322
Case 27829;3;80;57.47;0.2154;2.323
Case 27830;3;80;57.44;0.2153;2.324
Case 27831;3;80;57.43;0.2152;2.325
Case 27832;3;80;57.41;0.2151;2.326
Case 27833;3;80;57.39;0.215;2.326
Case 27834;3;80;57.37;0.2149;2.327
Case 27835;3;80;57.35;0.2148;2.328
Case 27836;3;80;57.33;0.2147;2.329
Case 27837;3;80;57.32;0.2146;2.329
Case 27838;3;80;57.29;0.2145;2.33
Case 27839;3;80;57.28;0.2144;2.331
Case 27840;3;80;57.26;0.2143;2.332
Case 27841;3;80;57.24;0.2142;2.332
Case 27842;3;80;57.22;0.2141;2.333
Case 27843;3;80;57.2;0.214;2.334
Case 27844;3;80;57.19;0.2139;2.335
Case 27845;3;80;57.17;0.2138;2.335
Case 27846;3;80;57.14;0.2137;2.336
Case 27847;3;80;57.13;0.2136;2.337
Case 27848;3;80;57.11;0.2135;2.338
Case 27849;3;80;57.09;0.2134;2.339
Case 27850;3;80;57.08;0.2133;2.339
Case 27851;3;80;57.05;0.2132;2.34
Case 27852;3;80;57.04;0.2131;2.341
Case 27853;3;80;57.02;0.213;2.342
Case 27854;3;80;57;0.2129;2.342
Case 27855;3;80;56.98;0.2128;2.343
Case 27856;3;80;56.96;0.2127;2.344
Case 27858;3;80;56.92;0.2125;2.345
Case 27859;3;80;56.91;0.2124;2.346
Case 27860;3;80;56.89;0.2123;2.347
Case 27861;3;80;56.87;0.2122;2.348
Case 27862;3;80;56.85;0.2121;2.348
Case 27863;3;80;56.83;0.212;2.349
Case 27864;3;80;56.81;0.2119;2.35
Case 27865;3;80;56.79;0.2118;2.351
Case 27866;3;80;56.78;0.2117;2.351
Case 27867;3;80;56.75;0.2116;2.352
Case 27868;3;80;56.74;0.2115;2.353
Case 27869;3;80;56.72;0.2114;2.354
Case 27870;3;80;56.7;0.2113;2.354
Case 27872;3;80;56.66;0.2111;2.356
Case 27873;3;80;56.65;0.211;2.356
Case 27874;3;80;56.62;0.2109;2.357
Case 27875;3;80;56.61;0.2108;2.358
Case 27876;3;80;56.59;0.2107;2.359
Case 27877;3;80;56.57;0.2106;2.359
Case 27878;3;80;56.56;0.2105;2.36
Case 27879;3;80;56.53;0.2104;2.361
Case 27880;3;80;56.52;0.2103;2.362
Case 27881;3;80;56.5;0.2102;2.362
Case 27882;3;80;56.47;0.2101;2.363
Case 27883;3;80;56.46;0.21;2.364
Case 27884;3;80;56.44;0.2099;2.365
Case 27885;3;80;56.42;0.2098;2.365
Case 27886;3;80;56.41;0.2097;2.366
Case 27887;3;80;56.38;0.2096;2.367
Case 27888;3;80;56.37;0.2095;2.368
Case 27889;3;80;56.35;0.2094;2.368
Case 27890;3;80;56.33;0.2093;2.369
Case 27891;3;80;56.31;0.2092;2.37
Case 27892;3;80;56.29;0.2091;2.37
Case 27893;3;80;56.27;0.209;2.371
Case 27894;3;80;56.26;0.2089;2.372
Case 27895;3;80;56.24;0.2088;2.373
Case 27896;3;80;56.21;0.2087;2.373
Case 27897;3;80;56.2;0.2086;2.374
Case 27898;3;80;56.18;0.2085;2.375
Case 27899;3;80;56.16;0.2084;2.376
Case 27900;3;80;56.15;0.2083;2.376
Case 27901;3;80;56.12;0.2082;2.377
Case 27902;3;80;56.11;0.2081;2.378
Case 27903;3;80;56.09;0.208;2.378
Case 27904;3;80;56.07;0.2079;2.379
Case 27905;3;80;56.05;0.2078;2.38
Case 27906;3;80;56.04;0.2077;2.381
Case 27907;3;80;56.01;0.2076;2.381
Case 27908;3;80;56;0.2075;2.382
Case 27909;3;80;55.98;0.2074;2.383
Case 27910;3;80;55.96;0.2073;2.383
Case 27911;3;80;55.95;0.2072;2.384
Case 27912;3;80;55.92;0.2071;2.385
Case 27913;3;80;55.91;0.207;2.386
Case 27914;3;80;55.89;0.2069;2.386
Case 27915;3;80;55.86;0.2068;2.387
Case 27916;3;80;55.85;0.2067;2.388
Case 27917;3;80;55.83;0.2066;2.388
Case 27918;3;80;55.81;0.2065;2.389
Case 27919;3;80;55.8;0.2064;2.39
Case 27920;3;80;55.77;0.2063;2.391
Case 27921;3;80;55.76;0.2062;2.391
Case 27922;3;80;55.74;0.2061;2.392
Case 27923;3;80;55.71;0.206;2.393
Case 27924;3;80;55.7;0.2059;2.393
Case 27925;3;80;55.68;0.2058;2.394
Case 27926;3;80;55.66;0.2057;2.395
Case 27927;3;80;55.65;0.2056;2.395
Case 27928;3;80;55.62;0.2055;2.396
Case 27929;3;80;55.61;0.2054;2.397
Case 27930;3;80;55.59;0.2053;2.398
Case 27931;3;80;55.57;0.2052;2.398
Case 27932;3;80;55.55;0.2051;2.399
Case 27933;3;80;55.53;0.205;2.4
Case 27934;3;80;55.52;0.2049;2.4
Case 27935;3;80;55.49;0.2048;2.401
Case 27936;3;80;55.48;0.2047;2.402
Case 27937;3;80;55.46;0.2046;2.402
Case 27938;3;80;55.44;0.2045;2.403
Case 27940;3;80;55.4;0.2043;2.405
Case 27941;3;80;55.39;0.2042;2.405
Case 27942;3;80;55.37;0.2041;2.406
Case 27943;3;80;55.35;0.204;2.407
Case 27944;3;80;55.33;0.2039;2.407
Case 27945;3;80;55.31;0.2038;2.408
Case 27946;3;80;55.29;0.2037;2.409
Case 27947;3;80;55.28;0.2036;2.409
Case 27948;3;80;55.25;0.2035;2.41
Case 27949;3;80;55.24;0.2034;2.411
Case 27950;3;80;55.22;0.2033;2.412
Case 27951;3;80;55.2;0.2032;2.412
Case 27952;3;80;55.19;0.2031;2.413
Case 27953;3;80;55.16;0.203;2.414
Case 27954;3;80;55.15;0.2029;2.414
Case 27955;3;80;55.13;0.2028;2.415
Case 27956;3;80;55.1;0.2027;2.416
Case 27957;3;80;55.09;0.2026;2.416
Case 27958;3;80;55.07;0.2025;2.417
Case 27959;3;80;55.06;0.2024;2.418
Case 27960;3;80;55.03;0.2023;2.418
Case 27961;3;80;55.02;0.2022;2.419
Case 27962;3;80;54.99;0.2021;2.42
Case 27963;3;80;54.98;0.202;2.42
Case 27964;3;80;54.96;0.2019;2.421
Case 27965;3;80;54.94;0.2018;2.422
Case 27966;3;80;54.93;0.2017;2.422
Case 27967;3;80;54.9;0.2016;2.423
Case 27968;3;80;54.89;0.2015;2.424
Case 27969;3;80;54.87;0.2014;2.424
Case 27970;3;80;54.85;0.2013;2.425
Case 27972;3;80;54.81;0.2011;2.427
Case 27973;3;80;54.8;0.201;2.427
Case 27974;3;80;54.78;0.2009;2.428
Case 27975;3;80;54.75;0.2008;2.429
Case 27976;3;80;54.74;0.2007;2.429
Case 27977;3;80;54.72;0.2006;2.43
Case 27978;3;80;54.7;0.2005;2.431
Case 27979;3;80;54.69;0.2004;2.431
Case 27980;3;80;54.66;0.2003;2.432
Case 27981;3;80;54.65;0.2002;2.433
Case 27982;3;80;54.63;0.2001;2.433
Case 27983;3;80;54.6;0.2;2.434
Case 27984;3;80;54.59;0.1999;2.435
Case 27985;3;80;54.57;0.1998;2.435
Case 27986;3;80;54.55;0.1997;2.436
Case 27987;3;80;54.54;0.1996;2.437
Case 27988;3;80;54.51;0.1995;2.437
Case 27989;3;80;54.5;0.1994;2.438
Case 27990;3;80;54.48;0.1993;2.439
Case 27991;3;80;54.45;0.1992;2.439
Case 27992;3;80;54.44;0.1991;2.44
Case 27993;3;80;54.42;0.199;2.441
Case 27994;3;80;54.4;0.1989;2.441
Case 27995;3;80;54.39;0.1988;2.442
Case 27996;3;80;54.36;0.1987;2.443
Case 27997;3;80;54.35;0.1986;2.443
Case 27998;3;80;54.33;0.1985;2.444
Case 27999;3;80;54.31;0.1984;2.445
Case 28000;3;80;54.3;0.1983;2.445
Case 28001;3;80;54.27;0.1982;2.446
Case 28002;3;80;54.26;0.1981;2.447
Case 28003;3;80;54.24;0.198;2.447
Case 28004;3;80;54.21;0.1979;2.448
Case 28005;3;80;54.2;0.1978;2.448
Case 28006;3;80;54.18;0.1977;2.449
Case 28007;3;80;54.16;0.1976;2.45
Case 28008;3;80;54.15;0.1975;2.45
Case 28009;3;80;54.12;0.1974;2.451
Case 28010;3;80;54.11;0.1973;2.452
Case 28011;3;80;54.09;0.1972;2.452
Case 28012;3;80;54.07;0.1971;2.453
Case 28013;3;80;54.05;0.197;2.454
Case 28014;3;80;54.04;0.1969;2.454
Case 28015;3;80;54.01;0.1968;2.455
Case 28016;3;80;54;0.1967;2.456
Case 28017;3;80;53.98;0.1966;2.456
Case 28018;3;80;53.95;0.1965;2.457
Case 28019;3;80;53.94;0.1964;2.458
Case 28020;3;80;53.92;0.1963;2.458
Case 28022;3;80;53.89;0.1961;2.46
Case 28023;3;80;53.86;0.196;2.46
Case 28024;3;80;53.85;0.1959;2.461
Case 28025;3;80;53.83;0.1958;2.461
Case 28026;3;80;53.81;0.1957;2.462
Case 28027;3;80;53.79;0.1956;2.463
Case 28028;3;80;53.77;0.1955;2.463
Case 28029;3;80;53.75;0.1954;2.464
Case 28030;3;80;53.74;0.1953;2.465
Case 28031;3;80;53.71;0.1952;2.465
Case 28032;3;80;53.7;0.1951;2.466
Case 28033;3;80;53.68;0.195;2.467
Case 28034;3;80;53.66;0.1949;2.467
Case 28035;3;80;53.64;0.1948;2.468
Case 28036;3;80;53.62;0.1947;2.469
Case 28037;3;80;53.6;0.1946;2.469
Case 28038;3;80;53.59;0.1945;2.47
Case 28039;3;80;53.56;0.1944;2.47
Case 28040;3;80;53.55;0.1943;2.471
Case 28041;3;80;53.53;0.1942;2.472
Case 28042;3;80;53.51;0.1941;2.472
Case 28043;3;80;53.49;0.194;2.473
Case 28044;3;80;53.47;0.1939;2.474
Case 28045;3;80;53.45;0.1938;2.474
Case 28046;3;80;53.44;0.1937;2.475
Case 28047;3;80;53.41;0.1936;2.476
Case 28048;3;80;53.4;0.1935;2.476
Case 28049;3;80;53.38;0.1934;2.477
Case 28050;3;80;53.36;0.1933;2.477
Case 28051;3;80;53.34;0.1932;2.478
Case 28052;3;80;53.32;0.1931;2.479
Case 28053;3;80;53.3;0.193;2.479
Case 28054;3;80;53.29;0.1929;2.48
Case 28055;3;80;53.27;0.1928;2.481
Case 28056;3;80;53.24;0.1927;2.481
Case 28058;3;80;53.21;0.1925;2.482
Case 28059;3;80;53.19;0.1924;2.483
Case 28060;3;80;53.18;0.1923;2.484
Case 28061;3;80;53.15;0.1922;2.484
Case 28062;3;80;53.14;0.1921;2.485
Case 28063;3;80;53.12;0.192;2.486
Case 28064;3;80;53.09;0.1919;2.486
Case 28065;3;80;53.08;0.1918;2.487
Case 28066;3;80;53.06;0.1917;2.487
Case 28067;3;80;53.04;0.1916;2.488
Case 28068;3;80;53.03;0.1915;2.489
Case 28069;3;80;53;0.1914;2.489
Case 28070;3;80;52.99;0.1913;2.49
Case 28072;3;80;52.95;0.1911;2.491
Case 28073;3;80;52.92;0.191;2.492
Case 28074;3;80;52.91;0.1909;2.492
Case 28075;3;80;52.89;0.1908;2.493
Case 28076;3;80;52.87;0.1907;2.494
Case 28077;3;80;52.85;0.1906;2.494
Case 28078;3;80;52.83;0.1905;2.495
Case 28079;3;80;52.81;0.1904;2.495
Case 28080;3;80;52.8;0.1903;2.496
Case 28081;3;80;52.78;0.1902;2.497
Case 28082;3;80;52.76;0.1901;2.497
Case 28083;3;80;52.74;0.19;2.498
Case 28084;3;80;52.72;0.1899;2.498
Case 28085;3;80;52.7;0.1898;2.499
Case 28086;3;80;52.69;0.1897;2.5
Case 28087;3;80;52.66;0.1896;2.5
Case 28088;3;80;52.65;0.1895;2.501
Case 28090;3;80;52.61;0.1893;2.502
Case 28091;3;80;52.58;0.1892;2.503
Case 28092;3;80;52.57;0.1891;2.503
Case 28093;3;80;52.55;0.189;2.504
Case 28094;3;80;52.53;0.1889;2.505
Case 28095;3;80;52.51;0.1888;2.505
Case 28096;3;80;52.49;0.1887;2.506
Case 28097;3;80;52.47;0.1886;2.506
Case 28098;3;80;52.46;0.1885;2.507
Case 28099;3;80;52.43;0.1884;2.508
Case 28100;3;80;52.42;0.1883;2.508
Case 28101;3;80;52.4;0.1882;2.509
Case 28102;3;80;52.38;0.1881;2.509
Case 28103;3;80;52.36;0.188;2.51
Case 28104;3;80;52.34;0.1879;2.511
Case 28105;3;80;52.32;0.1878;2.511
Case 28106;3;80;52.31;0.1877;2.512
Case 28108;3;80;52.27;0.1875;2.513
Case 28109;3;80;52.24;0.1874;2.514
Case 28110;3;80;52.23;0.1873;2.514
Case 28111;3;80;52.21;0.1872;2.515
Case 28112;3;80;52.19;0.1871;2.515
Case 28113;3;80;52.17;0.187;2.516
Case 28114;3;80;52.15;0.1869;2.517
Case 28115;3;80;52.13;0.1868;2.517
Case 28116;3;80;52.11;0.1867;2.518
Case 28117;3;80;52.1;0.1866;2.518
Case 28118;3;80;52.07;0.1865;2.519
Case 28119;3;80;52.06;0.1864;2.52
Case 28120;3;80;52.04;0.1863;2.52
Case 28121;3;80;52.01;0.1862;2.521
Case 28122;3;80;52;0.1861;2.521
Case 28123;3;80;51.98;0.186;2.522
Case 28124;3;80;51.96;0.1859;2.522
Case 28125;3;80;51.94;0.1858;2.523
Case 28126;3;80;51.92;0.1857;2.524
Case 28127;3;80;51.91;0.1856;2.524
Case 28128;3;80;51.88;0.1855;2.525
Case 28130;3;80;51.85;0.1853;2.526
Case 28131;3;80;51.82;0.1852;2.527
Case 28132;3;80;51.81;0.1851;2.527
Case 28133;3;80;51.79;0.185;2.528
Case 28134;3;80;51.76;0.1849;2.528
Case 28135;3;80;51.75;0.1848;2.529
Case 28136;3;80;51.73;0.1847;2.529
Case 28137;3;80;51.71;0.1846;2.53
Case 28138;3;80;51.69;0.1845;2.531
Case 28139;3;80;51.67;0.1844;2.531
Case 28140;3;80;51.65;0.1843;2.532
Case 28141;3;80;51.63;0.1842;2.532
Case 28142;3;80;51.61;0.1841;2.533
Case 28143;3;80;51.6;0.184;2.534
Case 28144;3;80;51.57;0.1839;2.534
Case 28145;3;80;51.56;0.1838;2.535
Case 28146;3;80;51.54;0.1837;2.535
Case 28148;3;80;51.49;0.1835;2.536
Case 28149;3;80;51.48;0.1834;2.537
Case 28150;3;80;51.46;0.1833;2.538
Case 28151;3;80;51.44;0.1832;2.538
Case 28152;3;80;51.42;0.1831;2.539
Case 28153;3;80;51.39;0.183;2.539
Case 28154;3;80;51.38;0.1829;2.54
Case 28155;3;80;51.36;0.1828;2.54
Case 28156;3;80;51.34;0.1827;2.541
Case 28157;3;80;51.32;0.1826;2.542
Case 28158;3;80;51.3;0.1825;2.542
Case 28159;3;80;51.28;0.1824;2.543
Case 28160;3;80;51.26;0.1823;2.543
Case 28161;3;80;51.24;0.1822;2.544
Case 28162;3;80;51.23;0.1821;2.544
Case 28163;3;80;51.2;0.182;2.545
Case 28164;3;80;51.19;0.1819;2.546
Case 28165;3;80;51.17;0.1818;2.546
Case 28166;3;80;51.14;0.1817;2.547
Case 28167;3;80;51.13;0.1816;2.547
Case 28168;3;80;51.1;0.1815;2.548
Case 28169;3;80;51.09;0.1814;2.548
Case 28170;3;80;51.07;0.1813;2.549
Case 28171;3;80;51.05;0.1812;2.55
Case 28172;3;80;51.02;0.1811;2.55
Case 28173;3;80;51.01;0.181;2.551
Case 28174;3;80;50.99;0.1809;2.551
Case 28175;3;80;50.97;0.1808;2.552
Case 28176;3;80;50.95;0.1807;2.552
Case 28177;3;80;50.93;0.1806;2.553
Case 28178;3;80;50.92;0.1805;2.554
Case 28179;3;80;50.89;0.1804;2.554
Case 28180;3;80;50.88;0.1803;2.555
Case 28181;3;80;50.85;0.1802;2.555
Case 28182;3;80;50.83;0.1801;2.556
Case 28183;3;80;50.82;0.18;2.556
Case 28184;3;80;50.79;0.1799;2.557
Case 28185;3;80;50.78;0.1798;2.557
Case 28186;3;80;50.75;0.1797;2.558
Case 28187;3;80;50.73;0.1796;2.559
Case 28188;3;80;50.72;0.1795;2.559
Case 28189;3;80;50.69;0.1794;2.56
Case 28190;3;80;50.68;0.1793;2.56
Case 28191;3;80;50.66;0.1792;2.561
Case 28192;3;80;50.63;0.1791;2.561
Case 28193;3;80;50.62;0.179;2.562
Case 28194;3;80;50.59;0.1789;2.562
Case 28195;3;80;50.58;0.1788;2.563
Case 28196;3;80;50.56;0.1787;2.564
Case 28197;3;80;50.54;0.1786;2.564
Case 28198;3;80;50.52;0.1785;2.565
Case 28200;3;80;50.47;0.1783;2.566
Case 28201;3;80;50.46;0.1782;2.566
Case 28202;3;80;50.44;0.1781;2.567
Case 28203;3;80;50.42;0.178;2.567
Case 28204;3;80;50.4;0.1779;2.568
Case 28205;3;80;50.37;0.1778;2.569
Case 28206;3;80;50.36;0.1777;2.569
Case 28207;3;80;50.33;0.1776;2.57
Case 28208;3;80;50.32;0.1775;2.57
Case 28209;3;80;50.3;0.1774;2.571
Case 28210;3;80;50.27;0.1773;2.571
Case 28211;3;80;50.26;0.1772;2.572
Case 28212;3;80;50.23;0.1771;2.572
Case 28213;3;80;50.22;0.177;2.573
Case 28214;3;80;50.2;0.1769;2.573
Case 28215;3;80;50.17;0.1768;2.574
Case 28216;3;80;50.16;0.1767;2.575
Case 28217;3;80;50.13;0.1766;2.575
Case 28218;3;80;50.12;0.1765;2.576
Case 28219;3;80;50.1;0.1764;2.576
Case 28220;3;80;50.08;0.1763;2.577
Case 28221;3;80;50.05;0.1762;2.577
Case 28222;3;80;50.04;0.1761;2.578
Case 28223;3;80;50.02;0.176;2.578
Case 28224;3;80;49.99;0.1759;2.579
Case 28225;3;80;49.98;0.1758;2.579
Case 28226;3;80;49.96;0.1757;2.58
Case 28227;3;80;49.93;0.1756;2.58
Case 28228;3;80;49.93;0.1755;2.581
Case 28230;3;80;49.88;0.1753;2.582
Case 28231;3;80;49.87;0.1752;2.583
Case 28232;3;80;49.85;0.1751;2.583
Case 28233;3;80;49.83;0.175;2.584
Case 28234;3;80;49.81;0.1749;2.584
Case 28235;3;80;49.79;0.1748;2.585
Case 28236;3;80;49.77;0.1747;2.585
Case 28237;3;80;49.76;0.1746;2.586
Case 28238;3;80;49.74;0.1745;2.586
Case 28239;3;80;49.71;0.1744;2.587
Case 28240;3;80;49.7;0.1743;2.587
Case 28241;3;80;49.68;0.1742;2.588
Case 28242;3;80;49.66;0.1741;2.588
Case 28244;3;80;49.63;0.1739;2.59
Case 28245;3;80;49.61;0.1738;2.59
Case 28246;3;80;49.58;0.1737;2.591
Case 28247;3;80;49.57;0.1736;2.591
Case 28248;3;80;49.55;0.1735;2.592
Case 28249;3;80;49.54;0.1734;2.592
Case 28250;3;80;49.52;0.1733;2.593
Case 28251;3;80;49.49;0.1732;2.593
Case 28252;3;80;49.48;0.1731;2.594
Case 28253;3;80;49.46;0.173;2.594
Case 28254;3;80;49.45;0.1729;2.595
Case 28255;3;80;49.42;0.1728;2.595
Case 28256;3;80;49.41;0.1727;2.596
Case 28257;3;80;49.38;0.1726;2.596
Case 28258;3;80;49.37;0.1725;2.597
Case 28259;3;80;49.35;0.1724;2.597
Case 28260;3;80;49.33;0.1723;2.598
Case 28262;3;80;49.29;0.1721;2.599
Case 28263;3;80;49.28;0.172;2.6
Case 28264;3;80;49.26;0.1719;2.6
Case 28265;3;80;49.23;0.1718;2.601
Case 28266;3;80;49.22;0.1717;2.601
Case 28267;3;80;49.2;0.1716;2.602
Case 28268;3;80;49.18;0.1715;2.602
Case 28269;3;80;49.17;0.1714;2.603
Case 28270;3;80;49.14;0.1713;2.603
Case 28271;3;80;49.13;0.1712;2.604
Case 28272;3;80;49.11;0.1711;2.604
Case 28273;3;80;49.09;0.171;2.605
Case 28274;3;80;49.07;0.1709;2.605
Case 28276;3;80;49.03;0.1707;2.606
Case 28277;3;80;49.02;0.1706;2.607
Case 28278;3;80;48.99;0.1705;2.607
Case 28279;3;80;48.98;0.1704;2.608
Case 28280;3;80;48.96;0.1703;2.608
Case 28281;3;80;48.94;0.1702;2.609
Case 28282;3;80;48.92;0.1701;2.609
Case 28283;3;80;48.9;0.17;2.61
Case 28284;3;80;48.88;0.1699;2.61
Case 28285;3;80;48.87;0.1698;2.611
Case 28286;3;80;48.84;0.1697;2.611
Case 28287;3;80;48.83;0.1696;2.612
Case 28288;3;80;48.81;0.1695;2.612
Case 28289;3;80;48.79;0.1694;2.613
Case 28290;3;80;48.77;0.1693;2.613
Case 28291;3;80;48.75;0.1692;2.614
Case 28292;3;80;48.73;0.1691;2.614
Case 28293;3;80;48.72;0.169;2.615
Case 28294;3;80;48.69;0.1689;2.615
Case 28295;3;80;48.68;0.1688;2.616
Case 28296;3;80;48.66;0.1687;2.616
Case 28297;3;80;48.64;0.1686;2.617
Case 28298;3;80;48.63;0.1685;2.617
Case 28299;3;80;48.6;0.1684;2.618
Case 28300;3;80;48.59;0.1683;2.618
Case 28301;3;80;48.57;0.1682;2.619
Case 28302;3;80;48.54;0.1681;2.619
Case 28303;3;80;48.53;0.168;2.62
Case 28304;3;80;48.51;0.1679;2.62
Case 28305;3;80;48.49;0.1678;2.621
Case 28306;3;80;48.48;0.1677;2.622
Case 28307;3;80;48.45;0.1676;2.622
Case 28308;3;80;48.44;0.1675;2.623
Case 28309;3;80;48.42;0.1674;2.623
Case 28310;3;80;48.39;0.1673;2.624
Case 28312;3;80;48.36;0.1671;2.625
Case 28313;3;80;48.34;0.167;2.625
Case 28314;3;80;48.33;0.1669;2.625
Case 28315;3;80;48.3;0.1668;2.626
Case 28316;3;80;48.29;0.1667;2.626
Case 28317;3;80;48.27;0.1666;2.627
Case 28318;3;80;48.25;0.1665;2.627
Case 28319;3;80;48.23;0.1664;2.628
Case 28320;3;80;48.21;0.1663;2.628
Case 28321;3;80;48.19;0.1662;2.629
Case 28322;3;80;48.17;0.1661;2.629
Case 28323;3;80;48.16;0.166;2.63
Case 28324;3;80;48.13;0.1659;2.63
Case 28325;3;80;48.12;0.1658;2.631
Case 28326;3;80;48.1;0.1657;2.631
Case 28327;3;80;48.08;0.1656;2.632
Case 28328;3;80;48.06;0.1655;2.632
Case 28329;3;80;48.04;0.1654;2.633
Case 28330;3;80;48.03;0.1653;2.633
Case 28331;3;80;48.01;0.1652;2.634
Case 28332;3;80;47.98;0.1651;2.634
Case 28333;3;80;47.97;0.165;2.635
Case 28334;3;80;47.95;0.1649;2.635
Case 28335;3;80;47.93;0.1648;2.636
Case 28336;3;80;47.91;0.1647;2.636
Case 28337;3;80;47.89;0.1646;2.637
Case 28338;3;80;47.87;0.1645;2.637
Case 28339;3;80;47.85;0.1644;2.638
Case 28340;3;80;47.84;0.1643;2.638
Case 28341;3;80;47.81;0.1642;2.639
Case 28342;3;80;47.8;0.1641;2.639
Case 28343;3;80;47.78;0.164;2.64
Case 28344;3;80;47.76;0.1639;2.64
Case 28345;3;80;47.74;0.1638;2.641
Case 28346;3;80;47.72;0.1637;2.641
Case 28347;3;80;47.7;0.1636;2.642
Case 28348;3;80;47.69;0.1635;2.642
Case 28349;3;80;47.66;0.1634;2.643
Case 28350;3;80;47.65;0.1633;2.643
Case 28351;3;80;47.63;0.1632;2.644
Case 28352;3;80;47.61;0.1631;2.644
Case 28353;3;80;47.59;0.163;2.645
Case 28354;3;80;47.57;0.1629;2.645
Case 28355;3;80;47.55;0.1628;2.646
Case 28356;3;80;47.53;0.1627;2.646
Case 28357;3;80;47.52;0.1626;2.647
Case 28358;3;80;47.49;0.1625;2.647
Case 28359;3;80;47.48;0.1624;2.647
Case 28360;3;80;47.46;0.1623;2.648
Case 28361;3;80;47.43;0.1622;2.648
Case 28362;3;80;47.42;0.1621;2.649
Case 28363;3;80;47.4;0.162;2.649
Case 28364;3;80;47.38;0.1619;2.65
Case 28365;3;80;47.36;0.1618;2.65
Case 28366;3;80;47.34;0.1617;2.651
Case 28367;3;80;47.32;0.1616;2.651
Case 28368;3;80;47.3;0.1615;2.652
Case 28369;3;80;47.29;0.1614;2.652
Case 28370;3;80;47.26;0.1613;2.653
Case 28371;3;80;47.25;0.1612;2.653
Case 28372;3;80;47.23;0.1611;2.654
Case 28373;3;80;47.21;0.161;2.654
Case 28374;3;80;47.19;0.1609;2.655
Case 28375;3;80;47.17;0.1608;2.655
Case 28376;3;80;47.15;0.1607;2.656
Case 28378;3;80;47.11;0.1605;2.656
Case 28379;3;80;47.09;0.1604;2.657
Case 28380;3;80;47.08;0.1603;2.657
Case 28381;3;80;47.05;0.1602;2.658
Case 28382;3;80;47.04;0.1601;2.658
Case 28383;3;80;47.02;0.16;2.659
Case 28384;3;80;47;0.1599;2.659
Case 28385;3;80;46.98;0.1598;2.66
Case 28386;3;80;46.95;0.1597;2.66
Case 28387;3;80;46.94;0.1596;2.661
Case 28388;3;80;46.92;0.1595;2.661
Case 28389;3;80;46.9;0.1594;2.662
Case 28390;3;80;46.89;0.1593;2.662
Case 28392;3;80;46.84;0.1591;2.663
Case 28393;3;80;46.83;0.159;2.664
Case 28394;3;80;46.81;0.1589;2.664
Case 28395;3;80;46.78;0.1588;2.664
Case 28396;3;80;46.77;0.1587;2.665
Case 28397;3;80;46.75;0.1586;2.665
Case 28398;3;80;46.73;0.1585;2.666
Case 28399;3;80;46.71;0.1584;2.666
Case 28400;3;80;46.7;0.1583;2.667
Case 28401;3;80;46.67;0.1582;2.667
Case 28402;3;80;46.66;0.1581;2.668
Case 28403;3;80;46.63;0.158;2.668
Case 28404;3;80;46.62;0.1579;2.669
Case 28405;3;80;46.59;0.1578;2.669
Case 28406;3;80;46.58;0.1577;2.67
Case 28407;3;80;46.55;0.1576;2.67
Case 28408;3;80;46.54;0.1575;2.67
Case 28409;3;80;46.52;0.1574;2.671
Case 28410;3;80;46.49;0.1573;2.671
Case 28411;3;80;46.48;0.1572;2.672
Case 28412;3;80;46.46;0.1571;2.672
Case 28414;3;80;46.42;0.1569;2.673
Case 28415;3;80;46.4;0.1568;2.674
Case 28416;3;80;46.38;0.1567;2.674
Case 28417;3;80;46.36;0.1566;2.675
Case 28418;3;80;46.35;0.1565;2.675
Case 28419;3;80;46.33;0.1564;2.675
Case 28420;3;80;46.3;0.1563;2.676
Case 28421;3;80;46.29;0.1562;2.676
Case 28422;3;80;46.26;0.1561;2.677
Case 28423;3;80;46.25;0.156;2.677
Case 28424;3;80;46.23;0.1559;2.678
Case 28425;3;80;46.2;0.1558;2.678
Case 28426;3;80;46.19;0.1557;2.679
Case 28427;3;80;46.17;0.1556;2.679
Case 28428;3;80;46.15;0.1555;2.68
Case 28429;3;80;46.13;0.1554;2.68
Case 28430;3;80;46.1;0.1553;2.68
Case 28431;3;80;46.09;0.1552;2.681
Case 28432;3;80;46.07;0.1551;2.681
Case 28433;3;80;46.05;0.155;2.682
Case 28434;3;80;46.03;0.1549;2.682
Case 28435;3;80;46.02;0.1548;2.683
Case 28436;3;80;45.99;0.1547;2.683
Case 28437;3;80;45.98;0.1546;2.684
Case 28438;3;80;45.95;0.1545;2.684
Case 28439;3;80;45.93;0.1544;2.684
Case 28440;3;80;45.92;0.1543;2.685
Case 28441;3;80;45.89;0.1542;2.685
Case 28442;3;80;45.88;0.1541;2.686
Case 28443;3;80;45.86;0.154;2.686
Case 28444;3;80;45.83;0.1539;2.687
Case 28445;3;80;45.82;0.1538;2.687
Case 28446;3;80;45.79;0.1537;2.688
Case 28447;3;80;45.78;0.1536;2.688
Case 28448;3;80;45.76;0.1535;2.688
Case 28449;3;80;45.74;0.1534;2.689
Case 28450;3;80;45.72;0.1533;2.689
Case 28451;3;80;45.69;0.1532;2.69
Case 28452;3;80;45.68;0.1531;2.69
Case 28453;3;80;45.66;0.153;2.691
Case 28454;3;80;45.64;0.1529;2.691
Case 28455;3;80;45.62;0.1528;2.692
Case 28456;3;80;45.6;0.1527;2.692
Case 28457;3;80;45.58;0.1526;2.692
Case 28458;3;80;45.56;0.1525;2.693
Case 28459;3;80;45.54;0.1524;2.693
Case 28460;3;80;45.52;0.1523;2.694
Case 28461;3;80;45.5;0.1522;2.694
Case 28462;3;80;45.48;0.1521;2.695
Case 28463;3;80;45.46;0.152;2.695
Case 28464;3;80;45.44;0.1519;2.695
Case 28465;3;80;45.42;0.1518;2.696
Case 28466;3;80;45.41;0.1517;2.696
Case 28467;3;80;45.38;0.1516;2.697
Case 28468;3;80;45.37;0.1515;2.697
Case 28470;3;80;45.32;0.1513;2.698
Case 28471;3;80;45.3;0.1512;2.698
Case 28472;3;80;45.29;0.1511;2.699
Case 28473;3;80;45.26;0.151;2.699
Case 28474;3;80;45.25;0.1509;2.7
Case 28475;3;80;45.22;0.1508;2.7
Case 28476;3;80;45.2;0.1507;2.701
Case 28477;3;80;45.19;0.1506;2.701
Case 28478;3;80;45.16;0.1505;2.702
Case 28479;3;80;45.14;0.1504;2.702
Case 28480;3;80;45.12;0.1503;2.702
Case 28481;3;80;45.11;0.1502;2.703
Case 28482;3;80;45.08;0.1501;2.703
Case 28483;3;80;45.07;0.15;2.704
Case 28484;3;80;45.04;0.1499;2.704
Case 28485;3;80;45.02;0.1498;2.705
Case 28486;3;80;45.01;0.1497;2.705
Case 28487;3;80;44.98;0.1496;2.705
Case 28488;3;80;44.97;0.1495;2.706
Case 28489;3;80;44.94;0.1494;2.706
Case 28490;3;80;44.92;0.1493;2.707
Case 28491;3;80;44.91;0.1492;2.707
Case 28492;3;80;44.88;0.1491;2.707
Case 28493;3;80;44.86;0.149;2.708
Case 28494;3;80;44.84;0.1489;2.708
Case 28495;3;80;44.82;0.1488;2.709
Case 28496;3;80;44.8;0.1487;2.709
Case 28497;3;80;44.78;0.1486;2.71
Case 28498;3;80;44.76;0.1485;2.71
Case 28499;3;80;44.74;0.1484;2.71
Case 28500;3;80;44.73;0.1483;2.711
Case 28501;3;80;44.7;0.1482;2.711
Case 28502;3;80;44.68;0.1481;2.712
Case 28503;3;80;44.66;0.148;2.712
Case 28504;3;80;44.64;0.1479;2.713
Case 28505;3;80;44.62;0.1478;2.713
Case 28506;3;80;44.6;0.1477;2.713
Case 28507;3;80;44.58;0.1476;2.714
Case 28508;3;80;44.56;0.1475;2.714
Case 28509;3;80;44.53;0.1474;2.715
Case 28510;3;80;44.52;0.1473;2.715
Case 28511;3;80;44.5;0.1472;2.715
Case 28512;3;80;44.48;0.1471;2.716
Case 28513;3;80;44.45;0.147;2.716
Case 28514;3;80;44.44;0.1469;2.717
Case 28515;3;80;44.42;0.1468;2.717
Case 28516;3;80;44.4;0.1467;2.718
Case 28517;3;80;44.38;0.1466;2.718
Case 28518;3;80;44.35;0.1465;2.718
Case 28519;3;80;44.34;0.1464;2.719
Case 28520;3;80;44.31;0.1463;2.719
Case 28521;3;80;44.3;0.1462;2.72
Case 28522;3;80;44.27;0.1461;2.72
Case 28523;3;80;44.25;0.146;2.72
Case 28524;3;80;44.24;0.1459;2.721
Case 28525;3;80;44.21;0.1458;2.721
Case 28526;3;80;44.19;0.1457;2.722
Case 28527;3;80;44.17;0.1456;2.722
Case 28528;3;80;44.15;0.1455;2.723
Case 28529;3;80;44.13;0.1454;2.723
Case 28530;3;80;44.1;0.1453;2.723
Case 28531;3;80;44.09;0.1452;2.724
Case 28532;3;80;44.07;0.1451;2.724
Case 28533;3;80;44.05;0.145;2.725
Case 28534;3;80;44.02;0.1449;2.725
Case 28535;3;80;44.01;0.1448;2.725
Case 28536;3;80;43.99;0.1447;2.726
Case 28537;3;80;43.96;0.1446;2.726
Case 28538;3;80;43.94;0.1445;2.727
Case 28539;3;80;43.92;0.1444;2.727
Case 28540;3;80;43.91;0.1443;2.727
Case 28541;3;80;43.88;0.1442;2.728
Case 28542;3;80;43.86;0.1441;2.728
Case 28543;3;80;43.84;0.144;2.729
Case 28544;3;80;43.82;0.1439;2.729
Case 28545;3;80;43.8;0.1438;2.729
Case 28546;3;80;43.77;0.1437;2.73
Case 28547;3;80;43.76;0.1436;2.73
Case 28548;3;80;43.73;0.1435;2.731
Case 28549;3;80;43.72;0.1434;2.731
Case 28550;3;80;43.7;0.1433;2.731
Case 28551;3;80;43.68;0.1432;2.732
Case 28552;3;80;43.65;0.1431;2.732
Case 28553;3;80;43.64;0.143;2.733
Case 28554;3;80;43.61;0.1429;2.733
Case 28555;3;80;43.59;0.1428;2.734
Case 28556;3;80;43.57;0.1427;2.734
Case 28557;3;80;43.55;0.1426;2.734
Case 28558;3;80;43.52;0.1425;2.735
Case 28559;3;80;43.51;0.1424;2.735
Case 28560;3;80;43.48;0.1423;2.736
Case 28561;3;80;43.47;0.1422;2.736
Case 28562;3;80;43.44;0.1421;2.736
Case 28563;3;80;43.42;0.142;2.737
Case 28564;3;80;43.41;0.1419;2.737
Case 28566;3;80;43.36;0.1417;2.738
Case 28567;3;80;43.34;0.1416;2.738
Case 28568;3;80;43.32;0.1415;2.739
Case 28569;3;80;43.3;0.1414;2.739
Case 28570;3;80;43.28;0.1413;2.739
Case 28571;3;80;43.25;0.1412;2.74
Case 28572;3;80;43.24;0.1411;2.74
Case 28573;3;80;43.21;0.141;2.741
Case 28574;3;80;43.19;0.1409;2.741
Case 28575;3;80;43.17;0.1408;2.741
Case 28576;3;80;43.14;0.1407;2.742
Case 28577;3;80;43.13;0.1406;2.742
Case 28578;3;80;43.1;0.1405;2.743
Case 28579;3;80;43.09;0.1404;2.743
Case 28580;3;80;43.06;0.1403;2.743
Case 28581;3;80;43.05;0.1402;2.744
Case 28582;3;80;43.02;0.1401;2.744
Case 28583;3;80;43;0.14;2.745
Case 28584;3;80;42.98;0.1399;2.745
Case 28585;3;80;42.96;0.1398;2.745
Case 28586;3;80;42.93;0.1397;2.746
Case 28587;3;80;42.92;0.1396;2.746
Case 28588;3;80;42.89;0.1395;2.747
Case 28589;3;80;42.88;0.1394;2.747
Case 28590;3;80;42.85;0.1393;2.747
Case 28591;3;80;42.83;0.1392;2.748
Case 28592;3;80;42.81;0.1391;2.748
Case 28593;3;80;42.78;0.139;2.748
Case 28594;3;80;42.77;0.1389;2.749
Case 28595;3;80;42.74;0.1388;2.749
Case 28596;3;80;42.72;0.1387;2.75
Case 28597;3;80;42.7;0.1386;2.75
Case 28598;3;80;42.68;0.1385;2.75
Case 28599;3;80;42.66;0.1384;2.751
Case 28600;3;80;42.63;0.1383;2.751
Case 28601;3;80;42.62;0.1382;2.752
Case 28602;3;80;42.59;0.1381;2.752
Case 28603;3;80;42.57;0.138;2.752
Case 28604;3;80;42.55;0.1379;2.753
Case 28605;3;80;42.53;0.1378;2.753
Case 28606;3;80;42.5;0.1377;2.753
Case 28607;3;80;42.48;0.1376;2.754
Case 28608;3;80;42.46;0.1375;2.754
Case 28609;3;80;42.44;0.1374;2.755
Case 28610;3;80;42.42;0.1373;2.755
Case 28611;3;80;42.39;0.1372;2.755
Case 28612;3;80;42.38;0.1371;2.756
Case 28613;3;80;42.35;0.137;2.756
Case 28614;3;80;42.33;0.1369;2.757
Case 28615;3;80;42.31;0.1368;2.757
Case 28616;3;80;42.29;0.1367;2.757
Case 28617;3;80;42.26;0.1366;2.758
Case 28618;3;80;42.25;0.1365;2.758
Case 28619;3;80;42.22;0.1364;2.758
Case 28620;3;80;42.2;0.1363;2.759
Case 28621;3;80;42.18;0.1362;2.759
Case 28622;3;80;42.15;0.1361;2.76
Case 28623;3;80;42.14;0.136;2.76
Case 28624;3;80;42.11;0.1359;2.76
Case 28625;3;80;42.09;0.1358;2.761
Case 28626;3;80;42.07;0.1357;2.761
Case 28627;3;80;42.04;0.1356;2.761
Case 28628;3;80;42.03;0.1355;2.762
Case 28629;3;80;42;0.1354;2.762
Case 28630;3;80;41.98;0.1353;2.763
Case 28631;3;80;41.96;0.1352;2.763
Case 28632;3;80;41.93;0.1351;2.763
Case 28633;3;80;41.91;0.135;2.764
Case 28634;3;80;41.89;0.1349;2.764
Case 28635;3;80;41.87;0.1348;2.764
Case 28636;3;80;41.84;0.1347;2.765
Case 28637;3;80;41.83;0.1346;2.765
Case 28638;3;80;41.8;0.1345;2.766
Case 28639;3;80;41.77;0.1344;2.766
Case 28640;3;80;41.76;0.1343;2.766
Case 28641;3;80;41.73;0.1342;2.767
Case 28642;3;80;41.71;0.1341;2.767
Case 28643;3;80;41.69;0.134;2.767
Case 28644;3;80;41.67;0.1339;2.768
Case 28645;3;80;41.64;0.1338;2.768
Case 28646;3;80;41.63;0.1337;2.769
Case 28647;3;80;41.6;0.1336;2.769
Case 28648;3;80;41.57;0.1335;2.769
Case 28649;3;80;41.56;0.1334;2.77
Case 28650;3;80;41.53;0.1333;2.77
Case 28651;3;80;41.51;0.1332;2.77
Case 28652;3;80;41.49;0.1331;2.771
Case 28653;3;80;41.46;0.133;2.771
Case 28654;3;80;41.44;0.1329;2.771
Case 28655;3;80;41.41;0.1328;2.772
Case 28656;3;80;41.4;0.1327;2.772
Case 28657;3;80;41.37;0.1326;2.773
Case 28658;3;80;41.35;0.1325;2.773
Case 28659;3;80;41.33;0.1324;2.773
Case 28660;3;80;41.31;0.1323;2.774
Case 28661;3;80;41.28;0.1322;2.774
Case 28662;3;80;41.26;0.1321;2.774
Case 28663;3;80;41.24;0.132;2.775
Case 28664;3;80;41.21;0.1319;2.775
Case 28665;3;80;41.19;0.1318;2.775
Case 28666;3;80;41.16;0.1317;2.776
Case 28667;3;80;41.15;0.1316;2.776
Case 28668;3;80;41.12;0.1315;2.777
Case 28669;3;80;41.1;0.1314;2.777
Case 28670;3;80;41.07;0.1313;2.777
Case 28671;3;80;41.06;0.1312;2.778
Case 28672;3;80;41.03;0.1311;2.778
Case 28673;3;80;41.01;0.131;2.778
Case 28674;3;80;40.98;0.1309;2.779
Case 28675;3;80;40.97;0.1308;2.779
Case 28676;3;80;40.94;0.1307;2.779
Case 28677;3;80;40.91;0.1306;2.78
Case 28678;3;80;40.89;0.1305;2.78
Case 28679;3;80;40.86;0.1304;2.78
Case 28680;3;80;40.85;0.1303;2.781
Case 28681;3;80;40.82;0.1302;2.781
Case 28682;3;80;40.8;0.1301;2.782
Case 28683;3;80;40.77;0.13;2.782
Case 28684;3;80;40.75;0.1299;2.782
Case 28685;3;80;40.73;0.1298;2.783
Case 28686;3;80;40.71;0.1297;2.783
Case 28687;3;80;40.68;0.1296;2.783
Case 28688;3;80;40.66;0.1295;2.784
Case 28689;3;80;40.63;0.1294;2.784
Case 28690;3;80;40.62;0.1293;2.784
Case 28691;3;80;40.59;0.1292;2.785
Case 28692;3;80;40.56;0.1291;2.785
Case 28693;3;80;40.54;0.129;2.785
Case 28694;3;80;40.51;0.1289;2.786
Case 28695;3;80;40.49;0.1288;2.786
Case 28696;3;80;40.47;0.1287;2.786
Case 28697;3;80;40.45;0.1286;2.787
Case 28698;3;80;40.42;0.1285;2.787
Case 28699;3;80;40.4;0.1284;2.788
Case 28700;3;80;40.37;0.1283;2.788
Case 28701;3;80;40.35;0.1282;2.788
Case 28702;3;80;40.32;0.1281;2.789
Case 28703;3;80;40.31;0.128;2.789
Case 28704;3;80;40.28;0.1279;2.789
Case 28705;3;80;40.26;0.1278;2.79
Case 28706;3;80;40.23;0.1277;2.79
Case 28707;3;80;40.21;0.1276;2.79
Case 28708;3;80;40.18;0.1275;2.791
Case 28709;3;80;40.16;0.1274;2.791
Case 28710;3;80;40.13;0.1273;2.791
Case 28711;3;80;40.11;0.1272;2.792
Case 28712;3;80;40.09;0.1271;2.792
Case 28713;3;80;40.07;0.127;2.792
Case 28714;3;80;40.04;0.1269;2.793
Case 28715;3;80;40.02;0.1268;2.793
Case 28716;3;80;39.99;0.1267;2.793
Case 28717;3;80;39.97;0.1266;2.794
Case 28718;3;80;39.95;0.1265;2.794
Case 28719;3;80;39.92;0.1264;2.794
Case 28720;3;80;39.9;0.1263;2.795
Case 28721;3;80;39.88;0.1262;2.795
Case 28722;3;80;39.86;0.1261;2.796
Case 28723;3;80;39.83;0.126;2.796
Case 28724;3;80;39.82;0.1259;2.796
Case 28725;3;80;39.79;0.1258;2.797
Case 28726;3;80;39.77;0.1257;2.797
Case 28727;3;80;39.74;0.1256;2.797
Case 28728;3;80;39.73;0.1255;2.798
Case 28729;3;80;39.7;0.1254;2.798
Case 28730;3;80;39.67;0.1253;2.798
Case 28731;3;80;39.66;0.1252;2.799
Case 28732;3;80;39.63;0.1251;2.799
Case 28733;3;80;39.61;0.125;2.799
Case 28734;3;80;39.59;0.1249;2.8
Case 28735;3;80;39.57;0.1248;2.8
Case 28736;3;80;39.54;0.1247;2.8
Case 28737;3;80;39.53;0.1246;2.801
Case 28738;3;80;39.5;0.1245;2.801
Case 28739;3;80;39.47;0.1244;2.801
Case 28740;3;80;39.45;0.1243;2.802
Case 28741;3;80;39.43;0.1242;2.802
Case 28742;3;80;39.41;0.1241;2.802
Case 28743;3;80;39.38;0.124;2.803
Case 28744;3;80;39.37;0.1239;2.803
Case 28745;3;80;39.34;0.1238;2.803
Case 28746;3;80;39.31;0.1237;2.804
Case 28747;3;80;39.29;0.1236;2.804
Case 28748;3;80;39.28;0.1235;2.804
Case 28749;3;80;39.25;0.1234;2.805
Case 28750;3;80;39.22;0.1233;2.805
Case 28751;3;80;39.2;0.1232;2.805
Case 28752;3;80;39.18;0.1231;2.806
Case 28753;3;80;39.16;0.123;2.806
Case 28754;3;80;39.13;0.1229;2.806
Case 28755;3;80;39.11;0.1228;2.807
Case 28756;3;80;39.09;0.1227;2.807
Case 28757;3;80;39.06;0.1226;2.807
Case 28758;3;80;39.04;0.1225;2.808
Case 28759;3;80;39.02;0.1224;2.808
Case 28760;3;80;39;0.1223;2.808
Case 28761;3;80;38.97;0.1222;2.809
Case 28762;3;80;38.95;0.1221;2.809
Case 28763;3;80;38.92;0.122;2.809
Case 28764;3;80;38.91;0.1219;2.81
Case 28765;3;80;38.88;0.1218;2.81
Case 28766;3;80;38.86;0.1217;2.81
Case 28767;3;80;38.83;0.1216;2.811
Case 28768;3;80;38.82;0.1215;2.811
Case 28769;3;80;38.79;0.1214;2.811
Case 28770;3;80;38.76;0.1213;2.812
Case 28771;3;80;38.74;0.1212;2.812
Case 28772;3;80;38.73;0.1211;2.812
Case 28773;3;80;38.7;0.121;2.813
Case 28774;3;80;38.67;0.1209;2.813
Case 28775;3;80;38.65;0.1208;2.813
Case 28776;3;80;38.62;0.1207;2.814
Case 28777;3;80;38.61;0.1206;2.814
Case 28778;3;80;38.58;0.1205;2.814
Case 28779;3;80;38.56;0.1204;2.814
Case 28780;3;80;38.53;0.1203;2.815
Case 28781;3;80;38.51;0.1202;2.815
Case 28782;3;80;38.49;0.1201;2.815
Case 28783;3;80;38.47;0.12;2.816
Case 28784;3;80;38.44;0.1199;2.816
Case 28785;3;80;38.42;0.1198;2.816
Case 28786;3;80;38.39;0.1197;2.817
Case 28787;3;80;38.38;0.1196;2.817
Case 28788;3;80;38.35;0.1195;2.817
Case 28789;3;80;38.32;0.1194;2.818
Case 28790;3;80;38.3;0.1193;2.818
Case 28791;3;80;38.27;0.1192;2.818
Case 28792;3;80;38.25;0.1191;2.819
Case 28793;3;80;38.23;0.119;2.819
Case 28794;3;80;38.21;0.1189;2.819
Case 28795;3;80;38.18;0.1188;2.82
Case 28796;3;80;38.16;0.1187;2.82
Case 28797;3;80;38.13;0.1186;2.82
Case 28798;3;80;38.11;0.1185;2.821
Case 28799;3;80;38.09;0.1184;2.821
Case 28800;3;80;38.07;0.1183;2.821
Case 28801;3;80;38.04;0.1182;2.822
Case 28802;3;80;38.02;0.1181;2.822
Case 28803;3;80;37.99;0.118;2.822
Case 28804;3;80;37.97;0.1179;2.822
Case 28805;3;80;37.94;0.1178;2.823
Case 28806;3;80;37.93;0.1177;2.823
Case 28807;3;80;37.9;0.1176;2.823
Case 28808;3;80;37.88;0.1175;2.824
Case 28809;3;80;37.85;0.1174;2.824
Case 28810;3;80;37.83;0.1173;2.824
Case 28811;3;80;37.8;0.1172;2.825
Case 28812;3;80;37.78;0.1171;2.825
Case 28813;3;80;37.75;0.117;2.825
Case 28814;3;80;37.74;0.1169;2.826
Case 28815;3;80;37.71;0.1168;2.826
Case 28816;3;80;37.68;0.1167;2.826
Case 28817;3;80;37.66;0.1166;2.827
Case 28818;3;80;37.64;0.1165;2.827
Case 28819;3;80;37.61;0.1164;2.827
Case 28820;3;80;37.59;0.1163;2.827
Case 28821;3;80;37.56;0.1162;2.828
Case 28822;3;80;37.54;0.1161;2.828
Case 28823;3;80;37.52;0.116;2.828
Case 28824;3;80;37.49;0.1159;2.829
Case 28825;3;80;37.47;0.1158;2.829
Case 28826;3;80;37.44;0.1157;2.829
Case 28827;3;80;37.42;0.1156;2.83
Case 28828;3;80;37.4;0.1155;2.83
Case 28829;3;80;37.37;0.1154;2.83
Case 28830;3;80;37.35;0.1153;2.831
Case 28831;3;80;37.32;0.1152;2.831
Case 28832;3;80;37.3;0.1151;2.831
Case 28833;3;80;37.27;0.115;2.831
Case 28834;3;80;37.25;0.1149;2.832
Case 28835;3;80;37.22;0.1148;2.832
Case 28836;3;80;37.2;0.1147;2.832
Case 28837;3;80;37.17;0.1146;2.833
Case 28838;3;80;37.16;0.1145;2.833
Case 28839;3;80;37.13;0.1144;2.833
Case 28840;3;80;37.11;0.1143;2.834
Case 28841;3;80;37.08;0.1142;2.834
Case 28842;3;80;37.06;0.1141;2.834
Case 28843;3;80;37.03;0.114;2.835
Case 28844;3;80;37.01;0.1139;2.835
Case 28845;3;80;36.98;0.1138;2.835
Case 28846;3;80;36.96;0.1137;2.835
Case 28847;3;80;36.93;0.1136;2.836
Case 28848;3;80;36.91;0.1135;2.836
Case 28849;3;80;36.88;0.1134;2.836
Case 28850;3;80;36.86;0.1133;2.837
Case 28851;3;80;36.83;0.1132;2.837
Case 28852;3;80;36.81;0.1131;2.837
Case 28853;3;80;36.78;0.113;2.838
Case 28854;3;80;36.76;0.1129;2.838
Case 28855;3;80;36.73;0.1128;2.838
Case 28856;3;80;36.71;0.1127;2.838
Case 28857;3;80;36.68;0.1126;2.839
Case 28858;3;80;36.66;0.1125;2.839
Case 28859;3;80;36.64;0.1124;2.839
Case 28860;3;80;36.61;0.1123;2.84
Case 28861;3;80;36.59;0.1122;2.84
Case 28862;3;80;36.56;0.1121;2.84
Case 28863;3;80;36.54;0.112;2.841
Case 28864;3;80;36.51;0.1119;2.841
Case 28865;3;80;36.49;0.1118;2.841
Case 28866;3;80;36.46;0.1117;2.841
Case 28867;3;80;36.44;0.1116;2.842
Case 28868;3;80;36.41;0.1115;2.842
Case 28869;3;80;36.39;0.1114;2.842
Case 28870;3;80;36.36;0.1113;2.843
Case 28871;3;80;36.34;0.1112;2.843
Case 28872;3;80;36.31;0.1111;2.843
Case 28873;3;80;36.29;0.111;2.844
Case 28874;3;80;36.26;0.1109;2.844
Case 28875;3;80;36.23;0.1108;2.844
Case 28876;3;80;36.2;0.1107;2.844
Case 28877;3;80;36.18;0.1106;2.845
Case 28878;3;80;36.16;0.1105;2.845
Case 28879;3;80;36.13;0.1104;2.845
Case 28880;3;80;36.11;0.1103;2.846
Case 28881;3;80;36.08;0.1102;2.846
Case 28882;3;80;36.06;0.1101;2.846
Case 28883;3;80;36.03;0.11;2.846
Case 28884;3;80;36.01;0.1099;2.847
Case 28885;3;80;35.98;0.1098;2.847
Case 28886;3;80;35.96;0.1097;2.847
Case 28887;3;80;35.93;0.1096;2.848
Case 28888;3;80;35.91;0.1095;2.848
Case 28889;3;80;35.87;0.1094;2.848
Case 28890;3;80;35.85;0.1093;2.848
Case 28891;3;80;35.82;0.1092;2.849
Case 28892;3;80;35.8;0.1091;2.849
Case 28894;3;80;35.74;0.1089;2.85
Case 28895;3;80;35.72;0.1088;2.85
Case 28896;3;80;35.69;0.1087;2.85
Case 28897;3;80;35.67;0.1086;2.85
Case 28898;3;80;35.65;0.1085;2.851
Case 28899;3;80;35.62;0.1084;2.851
Case 28900;3;80;35.6;0.1083;2.851
Case 28901;3;80;35.57;0.1082;2.852
Case 28902;3;80;35.55;0.1081;2.852
Case 28903;3;80;35.51;0.108;2.852
Case 28904;3;80;35.49;0.1079;2.852
Case 28906;3;80;35.44;0.1077;2.853
Case 28907;3;80;35.41;0.1076;2.853
Case 28908;3;80;35.38;0.1075;2.854
Case 28909;3;80;35.36;0.1074;2.854
Case 28910;3;80;35.33;0.1073;2.854
Case 28911;3;80;35.31;0.1072;2.854
Case 28912;3;80;35.28;0.1071;2.855
Case 28913;3;80;35.25;0.107;2.855
Case 28914;3;80;35.22;0.1069;2.855
Case 28915;3;80;35.2;0.1068;2.856
Case 28916;3;80;35.17;0.1067;2.856
Case 28918;3;80;35.12;0.1065;2.856
Case 28919;3;80;35.1;0.1064;2.857
Case 28920;3;80;35.07;0.1063;2.857
Case 28921;3;80;35.05;0.1062;2.857
Case 28922;3;80;35.01;0.1061;2.858
Case 28923;3;80;34.99;0.106;2.858
Case 28924;3;80;34.96;0.1059;2.858
Case 28926;3;80;34.91;0.1057;2.859
Case 28927;3;80;34.88;0.1056;2.859
Case 28928;3;80;34.86;0.1055;2.859
Case 28929;3;80;34.83;0.1054;2.859
Case 28930;3;80;34.8;0.1053;2.86
Case 28931;3;80;34.77;0.1052;2.86
Case 28932;3;80;34.75;0.1051;2.86
Case 28934;3;80;34.69;0.1049;2.861
Case 28935;3;80;34.67;0.1048;2.861
Case 28936;3;80;34.64;0.1047;2.861
Case 28938;3;80;34.59;0.1045;2.862
Case 28939;3;80;34.56;0.1044;2.862
Case 28940;3;80;34.53;0.1043;2.862
Case 28941;3;80;34.51;0.1042;2.863
Case 28942;3;80;34.48;0.1041;2.863
Case 28943;3;80;34.45;0.104;2.863
Case 28944;3;80;34.42;0.1039;2.864
Case 28946;3;80;34.37;0.1037;2.864
Case 28947;3;80;34.34;0.1036;2.864
Case 28948;3;80;34.31;0.1035;2.865
Case 28950;3;80;34.25;0.1033;2.865
Case 28951;3;80;34.23;0.1032;2.865
Case 28952;3;80;34.21;0.1031;2.866
Case 28953;3;80;34.18;0.103;2.866
Case 28954;3;80;34.15;0.1029;2.866
Case 28955;3;80;34.12;0.1028;2.867
Case 28956;3;80;34.1;0.1027;2.867
Case 28958;3;80;34.04;0.1025;2.867
Case 28959;3;80;34.01;0.1024;2.868
Case 28960;3;80;33.98;0.1023;2.868
Case 28962;3;80;33.93;0.1021;2.868
Case 28963;3;80;33.89;0.102;2.869
Case 28964;3;80;33.87;0.1019;2.869
Case 28966;3;80;33.81;0.1017;2.87
Case 28967;3;80;33.79;0.1016;2.87
Case 28968;3;80;33.75;0.1015;2.87
Case 28970;3;80;33.7;0.1013;2.871
Case 28971;3;80;33.68;0.1012;2.871
Case 28972;3;80;33.64;0.1011;2.871
Case 28974;3;80;33.59;0.1009;2.872
Case 28975;3;80;33.56;0.1008;2.872
Case 28976;3;80;33.53;0.1007;2.872
Case 28978;3;80;33.47;0.1005;2.873
Case 28979;3;80;33.45;0.1004;2.873
Case 28980;3;80;33.41;0.1003;2.873
Case 28982;3;80;33.36;0.1001;2.874
Case 28983;3;80;33.33;0.1;2.874
Case 28984;3;80;33.3;0.0999;2.874
Case 28986;3;80;33.25;0.0997;2.875
Case 28987;3;80;33.21;0.0996;2.875
Case 28988;3;80;33.19;0.0995;2.875
Case 28990;3;80;33.13;0.0993;2.876
Case 28991;3;80;33.1;0.0992;2.876
Case 28992;3;80;33.07;0.0991;2.876
Case 28994;3;80;33.01;0.0989;2.877
Case 28995;3;80;32.98;0.0988;2.877
Case 28996;3;80;32.95;0.0987;2.877
Case 28997;3;80;32.92;0.0986;2.878
Case 28998;3;80;32.89;0.0985;2.878
Case 28999;3;80;32.86;0.0984;2.878
Case 29000;3;80;32.83;0.0983;2.878
Case 29001;3;80;32.8;0.0982;2.879
Case 29002;3;80;32.78;0.0981;2.879
Case 29003;3;80;32.74;0.098;2.879
Case 29004;3;80;32.72;0.0979;2.879
Case 29005;3;80;32.69;0.0978;2.88
Case 29006;3;80;32.65;0.0977;2.88
Case 29007;3;80;32.63;0.0976;2.88
Case 29008;3;80;32.59;0.0975;2.88
Case 29009;3;80;32.57;0.0974;2.881
Case 29010;3;80;32.53;0.0973;2.881
Case 29011;3;80;32.51;0.0972;2.881
Case 29012;3;80;32.47;0.0971;2.881
Case 29013;3;80;32.45;0.097;2.882
Case 29014;3;80;32.41;0.0969;2.882
Case 29015;3;80;32.39;0.0968;2.882
Case 29016;3;80;32.35;0.0967;2.882
Case 29017;3;80;32.33;0.0966;2.883
Case 29018;3;80;32.29;0.0965;2.883
Case 29019;3;80;32.26;0.0964;2.883
Case 29020;3;80;32.24;0.0963;2.883
Case 29021;3;80;32.2;0.0962;2.884
Case 29022;3;80;32.18;0.0961;2.884
Case 29023;3;80;32.14;0.096;2.884
Case 29024;3;80;32.11;0.0959;2.884
Case 29025;3;80;32.08;0.0958;2.885
Case 29026;3;80;32.05;0.0957;2.885
Case 29027;3;80;32.02;0.0956;2.885
Case 29028;3;80;31.99;0.0955;2.885
Case 29029;3;80;31.95;0.0954;2.886
Case 29030;3;80;31.93;0.0953;2.886
Case 29031;3;80;31.89;0.0952;2.886
Case 29032;3;80;31.86;0.0951;2.886
Case 29033;3;80;31.83;0.095;2.887
Case 29034;3;80;31.8;0.0949;2.887
Case 29035;3;80;31.77;0.0948;2.887
Case 29036;3;80;31.74;0.0947;2.887
Case 29037;3;80;31.71;0.0946;2.888
Case 29038;3;80;31.67;0.0945;2.888
Case 29039;3;80;31.65;0.0944;2.888
Case 29040;3;80;31.61;0.0943;2.888
Case 29041;3;80;31.58;0.0942;2.889
Case 29042;3;80;31.55;0.0941;2.889
Case 29043;3;80;31.52;0.094;2.889
Case 29044;3;80;31.48;0.0939;2.889
Case 29045;3;80;31.46;0.0938;2.89
Case 29046;3;80;31.42;0.0937;2.89
Case 29047;3;80;31.39;0.0936;2.89
Case 29048;3;80;31.35;0.0935;2.89
Case 29049;3;80;31.33;0.0934;2.891
Case 29050;3;80;31.29;0.0933;2.891
Case 29051;3;80;31.26;0.0932;2.891
Case 29052;3;80;31.23;0.0931;2.891
Case 29053;3;80;31.2;0.093;2.891
Case 29054;3;80;31.17;0.0929;2.892
Case 29055;3;80;31.13;0.0928;2.892
Case 29056;3;80;31.1;0.0927;2.892
Case 29057;3;80;31.06;0.0926;2.892
Case 29058;3;80;31.04;0.0925;2.893
Case 29059;3;80;31;0.0924;2.893
Case 29060;3;80;30.97;0.0923;2.893
Case 29061;3;80;30.93;0.0922;2.893
Case 29062;3;80;30.9;0.0921;2.894
Case 29063;3;80;30.87;0.092;2.894
Case 29064;3;80;30.84;0.0919;2.894
Case 29065;3;80;30.8;0.0918;2.894
Case 29066;3;80;30.77;0.0917;2.895
Case 29067;3;80;30.73;0.0916;2.895
Case 29068;3;80;30.7;0.0915;2.895
Case 29069;3;80;30.67;0.0914;2.895
Case 29070;3;80;30.64;0.0913;2.896
Case 29071;3;80;30.61;0.0912;2.896
Case 29072;3;80;30.57;0.0911;2.896
Case 29073;3;80;30.54;0.091;2.896
Case 29074;3;80;30.5;0.0909;2.896
Case 29075;3;80;30.47;0.0908;2.897
Case 29076;3;80;30.43;0.0907;2.897
Case 29077;3;80;30.4;0.0906;2.897
Case 29078;3;80;30.36;0.0905;2.897
Case 29079;3;80;30.33;0.0904;2.898
Case 29080;3;80;30.29;0.0903;2.898
Case 29081;3;80;30.26;0.0902;2.898
Case 29082;3;80;30.22;0.0901;2.898
Case 29083;3;80;30.19;0.09;2.899
Case 29084;3;80;30.16;0.0899;2.899
Case 29085;3;80;30.12;0.0898;2.899
Case 29086;3;80;30.09;0.0897;2.899
Case 29087;3;80;30.05;0.0896;2.899
Case 29088;3;80;30.02;0.0895;2.9
Case 29089;3;80;29.98;0.0894;2.9
Case 29090;3;80;29.96;0.0893;2.9
Case 29091;3;80;29.93;0.0892;2.9
Case 29092;3;80;29.9;0.0891;2.901
Case 29093;3;80;29.87;0.089;2.901
Case 29094;3;80;29.83;0.0889;2.901
Case 29095;3;80;29.81;0.0888;2.901
Case 29096;3;80;29.77;0.0887;2.902
Case 29097;3;80;29.75;0.0886;2.902
Case 29098;3;80;29.71;0.0885;2.902
Case 29099;3;80;29.69;0.0884;2.902
Case 29100;3;80;29.65;0.0883;2.902
Case 29101;3;80;29.62;0.0882;2.903
Case 29102;3;80;29.59;0.0881;2.903
Case 29103;3;80;29.56;0.088;2.903
Case 29104;3;80;29.53;0.0879;2.903
Case 29105;3;80;29.5;0.0878;2.904
Case 29106;3;80;29.47;0.0877;2.904
Case 29107;3;80;29.44;0.0876;2.904
Case 29108;3;80;29.4;0.0875;2.904
Case 29109;3;80;29.38;0.0874;2.904
Case 29110;3;80;29.34;0.0873;2.905
Case 29111;3;80;29.32;0.0872;2.905
Case 29112;3;80;29.29;0.0871;2.905
Case 29113;3;80;29.25;0.087;2.905
Case 29114;3;80;29.23;0.0869;2.906
Case 29115;3;80;29.19;0.0868;2.906
Case 29116;3;80;29.17;0.0867;2.906
Case 29117;3;80;29.13;0.0866;2.906
Case 29118;3;80;29.1;0.0865;2.906
Case 29119;3;80;29.07;0.0864;2.907
Case 29120;3;80;29.04;0.0863;2.907
Case 29121;3;80;29;0.0862;2.907
Case 29122;3;80;28.98;0.0861;2.907
Case 29123;3;80;28.94;0.086;2.908
Case 29124;3;80;28.91;0.0859;2.908
Case 29125;3;80;28.88;0.0858;2.908
Case 29126;3;80;28.85;0.0857;2.908
Case 29127;3;80;28.82;0.0856;2.908
Case 29128;3;80;28.79;0.0855;2.909
Case 29129;3;80;28.76;0.0854;2.909
Case 29130;3;80;28.72;0.0853;2.909
Case 29131;3;80;28.7;0.0852;2.909
Case 29132;3;80;28.66;0.0851;2.91
Case 29133;3;80;28.63;0.085;2.91
Case 29134;3;80;28.6;0.0849;2.91
Case 29135;3;80;28.57;0.0848;2.91
Case 29136;3;80;28.53;0.0847;2.91
Case 29137;3;80;28.51;0.0846;2.911
Case 29138;3;80;28.47;0.0845;2.911
Case 29139;3;80;28.44;0.0844;2.911
Case 29140;3;80;28.41;0.0843;2.911
Case 29141;3;80;28.38;0.0842;2.912
Case 29142;3;80;28.34;0.0841;2.912
Case 29143;3;80;28.32;0.084;2.912
Case 29144;3;80;28.29;0.0839;2.912
Case 29145;3;80;28.25;0.0838;2.912
Case 29146;3;80;28.22;0.0837;2.913
Case 29147;3;80;28.19;0.0836;2.913
Case 29148;3;80;28.16;0.0835;2.913
Case 29149;3;80;28.12;0.0834;2.913
Case 29150;3;80;28.1;0.0833;2.913
Case 29151;3;80;28.06;0.0832;2.914
Case 29152;3;80;28.03;0.0831;2.914
Case 29153;3;80;27.99;0.083;2.914
Case 29154;3;80;27.97;0.0829;2.914
Case 29155;3;80;27.93;0.0828;2.914
Case 29156;3;80;27.9;0.0827;2.915
Case 29157;3;80;27.87;0.0826;2.915
Case 29158;3;80;27.84;0.0825;2.915
Case 29159;3;80;27.81;0.0824;2.915
Case 29160;3;80;27.77;0.0823;2.916
Case 29161;3;80;27.74;0.0822;2.916
Case 29162;3;80;27.7;0.0821;2.916
Case 29163;3;80;27.68;0.082;2.916
Case 29164;3;80;27.64;0.0819;2.916
Case 29165;3;80;27.61;0.0818;2.917
Case 29166;3;80;27.57;0.0817;2.917
Case 29167;3;80;27.55;0.0816;2.917
Case 29168;3;80;27.51;0.0815;2.917
Case 29169;3;80;27.48;0.0814;2.917
Case 29170;3;80;27.45;0.0813;2.918
Case 29171;3;80;27.41;0.0812;2.918
Case 29172;3;80;27.39;0.0811;2.918
Case 29173;3;80;27.35;0.081;2.918
Case 29174;3;80;27.32;0.0809;2.918
Case 29175;3;80;27.28;0.0808;2.919
Case 29176;3;80;27.25;0.0807;2.919
Case 29177;3;80;27.21;0.0806;2.919
Case 29178;3;80;27.19;0.0805;2.919
Case 29179;3;80;27.15;0.0804;2.919
Case 29180;3;80;27.12;0.0803;2.92
Case 29181;3;80;27.08;0.0802;2.92
Case 29182;3;80;27.05;0.0801;2.92
Case 29183;3;80;27.02;0.08;2.92
Case 29184;3;80;26.99;0.0799;2.92
Case 29185;3;80;26.96;0.0798;2.921
Case 29186;3;80;26.92;0.0797;2.921
Case 29187;3;80;26.89;0.0796;2.921
Case 29188;3;80;26.85;0.0795;2.921
Case 29189;3;80;26.82;0.0794;2.922
Case 29190;3;80;26.78;0.0793;2.922
Case 29191;3;80;26.76;0.0792;2.922
Case 29192;3;80;26.72;0.0791;2.922
Case 29193;3;80;26.69;0.079;2.922
Case 29194;3;80;26.65;0.0789;2.923
Case 29195;3;80;26.62;0.0788;2.923
Case 29196;3;80;26.59;0.0787;2.923
Case 29197;3;80;26.55;0.0786;2.923
Case 29198;3;80;26.52;0.0785;2.923
Case 29199;3;80;26.48;0.0784;2.924
Case 29200;3;80;26.45;0.0783;2.924
Case 29201;3;80;26.41;0.0782;2.924
Case 29202;3;80;26.39;0.0781;2.924
Case 29203;3;80;26.35;0.078;2.924
Case 29204;3;80;26.32;0.0779;2.925
Case 29205;3;80;26.28;0.0778;2.925
Case 29206;3;80;26.25;0.0777;2.925
Case 29207;3;80;26.21;0.0776;2.925
Case 29208;3;80;26.18;0.0775;2.925
Case 29209;3;80;26.15;0.0774;2.925
Case 29210;3;80;26.11;0.0773;2.926
Case 29211;3;80;26.08;0.0772;2.926
Case 29212;3;80;26.04;0.0771;2.926
Case 29213;3;80;26.01;0.077;2.926
Case 29214;3;80;25.97;0.0769;2.926
Case 29215;3;80;25.94;0.0768;2.927
Case 29216;3;80;25.9;0.0767;2.927
Case 29217;3;80;25.87;0.0766;2.927
Case 29218;3;80;25.83;0.0765;2.927
Case 29219;3;80;25.8;0.0764;2.927
Case 29220;3;80;25.77;0.0763;2.928
Case 29221;3;80;25.73;0.0762;2.928
Case 29222;3;80;25.7;0.0761;2.928
Case 29223;3;80;25.66;0.076;2.928
Case 29224;3;80;25.63;0.0759;2.928
Case 29225;3;80;25.59;0.0758;2.929
Case 29226;3;80;25.56;0.0757;2.929
Case 29227;3;80;25.52;0.0756;2.929
Case 29228;3;80;25.49;0.0755;2.929
Case 29229;3;80;25.45;0.0754;2.929
Case 29230;3;80;25.42;0.0753;2.93
Case 29231;3;80;25.38;0.0752;2.93
Case 29232;3;80;25.35;0.0751;2.93
Case 29233;3;80;25.32;0.075;2.93
Case 29234;3;80;25.28;0.0749;2.93
Case 29235;3;80;25.25;0.0748;2.93
Case 29236;3;80;25.21;0.0747;2.931
Case 29237;3;80;25.18;0.0746;2.931
Case 29238;3;80;25.13;0.0745;2.931
Case 29239;3;80;25.1;0.0744;2.931
Case 29240;3;80;25.06;0.0743;2.931
Case 29241;3;80;25.03;0.0742;2.932
Case 29242;3;80;24.99;0.0741;2.932
Case 29243;3;80;24.96;0.074;2.932
Case 29244;3;80;24.92;0.0739;2.932
Case 29245;3;80;24.89;0.0738;2.932
Case 29246;3;80;24.86;0.0737;2.933
Case 29247;3;80;24.81;0.0736;2.933
Case 29248;3;80;24.78;0.0735;2.933
Case 29249;3;80;24.74;0.0734;2.933
Case 29250;3;80;24.71;0.0733;2.933
Case 29251;3;80;24.67;0.0732;2.933
Case 29252;3;80;24.64;0.0731;2.934
Case 29253;3;80;24.6;0.073;2.934
Case 29254;3;80;24.56;0.0729;2.934
Case 29255;3;80;24.52;0.0728;2.934
Case 29256;3;80;24.49;0.0727;2.934
Case 29257;3;80;24.46;0.0726;2.935
Case 29258;3;80;24.42;0.0725;2.935
Case 29259;3;80;24.39;0.0724;2.935
Case 29260;3;80;24.34;0.0723;2.935
Case 29261;3;80;24.31;0.0722;2.935
Case 29262;3;80;24.27;0.0721;2.936
Case 29263;3;80;24.24;0.072;2.936
Case 29264;3;80;24.19;0.0719;2.936
Case 29265;3;80;24.16;0.0718;2.936
Case 29266;3;80;24.12;0.0717;2.936
Case 29267;3;80;24.09;0.0716;2.936
Case 29268;3;80;24.06;0.0715;2.937
Case 29269;3;80;24.01;0.0714;2.937
Case 29270;3;80;23.98;0.0713;2.937
Case 29271;3;80;23.94;0.0712;2.937
Case 29272;3;80;23.91;0.0711;2.937
Case 29273;3;80;23.86;0.071;2.937
Case 29274;3;80;23.83;0.0709;2.938
Case 29275;3;80;23.79;0.0708;2.938
Case 29276;3;80;23.75;0.0707;2.938
Case 29277;3;80;23.71;0.0706;2.938
Case 29278;3;80;23.68;0.0705;2.938
Case 29279;3;80;23.65;0.0704;2.939
Case 29280;3;80;23.6;0.0703;2.939
Case 29281;3;80;23.57;0.0702;2.939
Case 29282;3;80;23.53;0.0701;2.939
Case 29283;3;80;23.49;0.07;2.939
Case 29284;3;80;23.45;0.0699;2.939
Case 29285;3;80;23.42;0.0698;2.94
Case 29286;3;80;23.37;0.0697;2.94
Case 29287;3;80;23.34;0.0696;2.94
Case 29288;3;80;23.29;0.0695;2.94
Case 29289;3;80;23.26;0.0694;2.94
Case 29290;3;80;23.23;0.0693;2.94
Case 29291;3;80;23.18;0.0692;2.941
Case 29292;3;80;23.15;0.0691;2.941
Case 29293;3;80;23.11;0.069;2.941
Case 29294;3;80;23.07;0.0689;2.941
Case 29295;3;80;23.03;0.0688;2.941
Case 29296;3;80;22.99;0.0687;2.942
Case 29297;3;80;22.95;0.0686;2.942
Case 29298;3;80;22.92;0.0685;2.942
Case 29299;3;80;22.87;0.0684;2.942
Case 29300;3;80;22.84;0.0683;2.942
Case 29301;3;80;22.8;0.0682;2.942
Case 29302;3;80;22.76;0.0681;2.943
Case 29303;3;80;22.72;0.068;2.943
Case 29304;3;80;22.68;0.0679;2.943
Case 29305;3;80;22.64;0.0678;2.943
Case 29306;3;80;22.6;0.0677;2.943
Case 29307;3;80;22.56;0.0676;2.943
Case 29308;3;80;22.52;0.0675;2.944
Case 29309;3;80;22.48;0.0674;2.944
Case 29310;3;80;22.45;0.0673;2.944
Case 29311;3;80;22.4;0.0672;2.944
Case 29312;3;80;22.37;0.0671;2.944
Case 29313;3;80;22.32;0.067;2.944
Case 29314;3;80;22.29;0.0669;2.945
Case 29315;3;80;22.24;0.0668;2.945
Case 29316;3;80;22.21;0.0667;2.945
Case 29317;3;80;22.16;0.0666;2.945
Case 29318;3;80;22.13;0.0665;2.945
Case 29319;3;80;22.08;0.0664;2.945
Case 29320;3;80;22.04;0.0663;2.946
Case 29321;3;80;22.01;0.0662;2.946
Case 29322;3;80;21.96;0.0661;2.946
Case 29323;3;80;21.93;0.066;2.946
Case 29324;3;80;21.88;0.0659;2.946
Case 29325;3;80;21.84;0.0658;2.946
Case 29326;3;80;21.8;0.0657;2.947
Case 29327;3;80;21.76;0.0656;2.947
Case 29328;3;80;21.72;0.0655;2.947
Case 29329;3;80;21.68;0.0654;2.947
Case 29330;3;80;21.64;0.0653;2.947
Case 29331;3;80;21.6;0.0652;2.947
Case 29332;3;80;21.56;0.0651;2.948
Case 29333;3;80;21.51;0.065;2.948
Case 29334;3;80;21.48;0.0649;2.948
Case 29335;3;80;21.43;0.0648;2.948
Case 29336;3;80;21.39;0.0647;2.948
Case 29337;3;80;21.34;0.0646;2.948
Case 29338;3;80;21.31;0.0645;2.949
Case 29339;3;80;21.27;0.0644;2.949
Case 29340;3;80;21.22;0.0643;2.949
Case 29341;3;80;21.18;0.0642;2.949
Case 29342;3;80;21.14;0.0641;2.949
Case 29343;3;80;21.1;0.064;2.949
Case 29344;3;80;21.05;0.0639;2.95
Case 29345;3;80;21.01;0.0638;2.95
Case 29346;3;80;20.97;0.0637;2.95
Case 29347;3;80;20.93;0.0636;2.95
Case 29348;3;80;20.89;0.0635;2.95
Case 29349;3;80;20.84;0.0634;2.95
Case 29350;3;80;20.8;0.0633;2.95
Case 29351;3;80;20.76;0.0632;2.951
Case 29352;3;80;20.72;0.0631;2.951
Case 29353;3;80;20.67;0.063;2.951
Case 29354;3;80;20.63;0.0629;2.951
Case 29355;3;80;20.58;0.0628;2.951
Case 29356;3;80;20.54;0.0627;2.951
Case 29357;3;80;20.5;0.0626;2.952
Case 29358;3;80;20.45;0.0625;2.952
Case 29359;3;80;20.41;0.0624;2.952
Case 29360;3;80;20.37;0.0623;2.952
Case 29361;3;80;20.33;0.0622;2.952
Case 29362;3;80;20.28;0.0621;2.952
Case 29363;3;80;20.24;0.062;2.953
Case 29364;3;80;20.19;0.0619;2.953
Case 29365;3;80;20.15;0.0618;2.953
Case 29366;3;80;20.11;0.0617;2.953
Case 29367;3;80;20.06;0.0616;2.953
Case 29368;3;80;20.02;0.0615;2.953
Case 29369;3;80;19.97;0.0614;2.953
Case 29370;3;80;19.93;0.0613;2.954
Case 29371;3;80;19.88;0.0612;2.954
Case 29372;3;80;19.85;0.0611;2.954
Case 29373;3;80;19.8;0.061;2.954
Case 29374;3;80;19.76;0.0609;2.954
Case 29375;3;80;19.72;0.0608;2.954
Case 29376;3;80;19.67;0.0607;2.955
Case 29377;3;80;19.64;0.0606;2.955
Case 29378;3;80;19.59;0.0605;2.955
Case 29379;3;80;19.55;0.0604;2.955
Case 29380;3;80;19.5;0.0603;2.955
Case 29381;3;80;19.46;0.0602;2.955
Case 29382;3;80;19.42;0.0601;2.955
Case 29383;3;80;19.38;0.06;2.956
Case 29384;3;80;19.34;0.0599;2.956
Case 29385;3;80;19.29;0.0598;2.956
Case 29386;3;80;19.25;0.0597;2.956
Case 29387;3;80;19.2;0.0596;2.956
Case 29388;3;80;19.16;0.0595;2.956
Case 29389;3;80;19.11;0.0594;2.956
Case 29390;3;80;19.07;0.0593;2.957
Case 29391;3;80;19.04;0.0592;2.957
Case 29392;3;80;18.99;0.0591;2.957
Case 29393;3;80;18.95;0.059;2.957
Case 29394;3;80;18.9;0.0589;2.957
Case 29395;3;80;18.86;0.0588;2.957
Case 29396;3;80;18.81;0.0587;2.957
Case 29397;3;80;18.77;0.0586;2.958
Case 29398;3;80;18.72;0.0585;2.958
Case 29399;3;80;18.68;0.0584;2.958
Case 29400;3;80;18.64;0.0583;2.958
Case 29401;3;80;18.59;0.0582;2.958
Case 29402;3;80;18.55;0.0581;2.958
Case 29403;3;80;18.5;0.058;2.959
Case 29404;3;80;18.46;0.0579;2.959
Case 29405;3;80;18.41;0.0578;2.959
Case 29406;3;80;18.37;0.0577;2.959
Case 29407;3;80;18.33;0.0576;2.959
Case 29408;3;80;18.28;0.0575;2.959
Case 29409;3;80;18.24;0.0574;2.959
Case 29410;3;80;18.19;0.0573;2.96
Case 29411;3;80;18.15;0.0572;2.96
Case 29412;3;80;18.1;0.0571;2.96
Case 29413;3;80;18.05;0.057;2.96
Case 29414;3;80;18;0.0569;2.96
Case 29415;3;80;17.96;0.0568;2.96
Case 29416;3;80;17.92;0.0567;2.96
Case 29417;3;80;17.87;0.0566;2.961
Case 29418;3;80;17.83;0.0565;2.961
Case 29419;3;80;17.78;0.0564;2.961
Case 29420;3;80;17.74;0.0563;2.961
Case 29421;3;80;17.68;0.0562;2.961
Case 29422;3;80;17.64;0.0561;2.961
Case 29423;3;80;17.6;0.056;2.961
Case 29424;3;80;17.55;0.0559;2.961
Case 29425;3;80;17.51;0.0558;2.962
Case 29426;3;80;17.46;0.0557;2.962
Case 29427;3;80;17.41;0.0556;2.962
Case 29428;3;80;17.36;0.0555;2.962
Case 29429;3;80;17.32;0.0554;2.962
Case 29430;3;80;17.28;0.0553;2.962
Case 29431;3;80;17.22;0.0552;2.962
Case 29432;3;80;17.18;0.0551;2.963
Case 29433;3;80;17.13;0.055;2.963
Case 29434;3;80;17.09;0.0549;2.963
Case 29435;3;80;17.03;0.0548;2.963
Case 29436;3;80;16.99;0.0547;2.963
Case 29437;3;80;16.94;0.0546;2.963
Case 29438;3;80;16.89;0.0545;2.963
Case 29439;3;80;16.85;0.0544;2.964
Case 29440;3;80;16.8;0.0543;2.964
Case 29441;3;80;16.75;0.0542;2.964
Case 29442;3;80;16.7;0.0541;2.964
Case 29443;3;80;16.66;0.054;2.964
Case 29444;3;80;16.6;0.0539;2.964
Case 29445;3;80;16.56;0.0538;2.964
Case 29446;3;80;16.52;0.0537;2.964
Case 29447;3;80;16.46;0.0536;2.965
Case 29448;3;80;16.42;0.0535;2.965
Case 29449;3;80;16.36;0.0534;2.965
Case 29450;3;80;16.32;0.0533;2.965
Case 29451;3;80;16.26;0.0532;2.965
Case 29452;3;80;16.22;0.0531;2.965
Case 29453;3;80;16.18;0.053;2.965
Case 29454;3;80;16.12;0.0529;2.966
Case 29455;3;80;16.08;0.0528;2.966
Case 29456;3;80;16.02;0.0527;2.966
Case 29457;3;80;15.98;0.0526;2.966
Case 29458;3;80;15.92;0.0525;2.966
Case 29459;3;80;15.87;0.0524;2.966
Case 29460;3;80;15.83;0.0523;2.966
Case 29461;3;80;15.77;0.0522;2.966
Case 29462;3;80;15.73;0.0521;2.967
Case 29463;3;80;15.67;0.052;2.967
Case 29464;3;80;15.63;0.0519;2.967
Case 29465;3;80;15.57;0.0518;2.967
Case 29466;3;80;15.52;0.0517;2.967
Case 29467;3;80;15.47;0.0516;2.967
Case 29468;3;80;15.42;0.0515;2.967
Case 29469;3;80;15.37;0.0514;2.967
Case 29470;3;80;15.32;0.0513;2.968
Case 29471;3;80;15.27;0.0512;2.968
Case 29472;3;80;15.21;0.0511;2.968
Case 29473;3;80;15.17;0.051;2.968
Case 29474;3;80;15.11;0.0509;2.968
Case 29475;3;80;15.06;0.0508;2.968
Case 29476;3;80;15.02;0.0507;2.968
Case 29477;3;80;14.96;0.0506;2.968
Case 29478;3;80;14.91;0.0505;2.969
Case 29479;3;80;14.85;0.0504;2.969
Case 29480;3;80;14.8;0.0503;2.969
Case 29481;3;80;14.76;0.0502;2.969
Case 29482;3;80;14.7;0.0501;2.969
Case 29483;3;80;14.65;0.05;2.969
Case 29484;3;80;14.59;0.0499;2.969
Case 29485;3;80;14.54;0.0498;2.969
Case 29486;3;80;14.48;0.0497;2.97
Case 29487;3;80;14.43;0.0496;2.97
Case 29488;3;80;14.39;0.0495;2.97
Case 29489;3;80;14.33;0.0494;2.97
Case 29490;3;80;14.28;0.0493;2.97
Case 29491;3;80;14.22;0.0492;2.97
Case 29492;3;80;14.17;0.0491;2.97
Case 29493;3;80;14.11;0.049;2.97
Case 29494;3;80;14.06;0.0489;2.971
Case 29495;3;80;14.01;0.0488;2.971
Case 29496;3;80;13.95;0.0487;2.971
Case 29497;3;80;13.9;0.0486;2.971
Case 29498;3;80;13.84;0.0485;2.971
Case 29499;3;80;13.79;0.0484;2.971
Case 29500;3;80;13.72;0.0483;2.971
Case 29501;3;80;13.67;0.0482;2.971
Case 29502;3;80;13.62;0.0481;2.972
Case 29503;3;80;13.56;0.048;2.972
Case 29504;3;80;13.51;0.0479;2.972
Case 29505;3;80;13.45;0.0478;2.972
Case 29506;3;80;13.4;0.0477;2.972
Case 29507;3;80;13.33;0.0476;2.972
Case 29508;3;80;13.28;0.0475;2.972
Case 29509;3;80;13.23;0.0474;2.972
Case 29510;3;80;13.17;0.0473;2.973
Case 29511;3;80;13.11;0.0472;2.973
Case 29512;3;80;13.05;0.0471;2.973
Case 29513;3;80;13;0.047;2.973
Case 29514;3;80;12.95;0.0469;2.973
Case 29515;3;80;12.88;0.0468;2.973
Case 29516;3;80;12.83;0.0467;2.973
Case 29517;3;80;12.76;0.0466;2.973
Case 29518;3;80;12.71;0.0465;2.973
Case 29519;3;80;12.65;0.0464;2.974
Case 29520;3;80;12.59;0.0463;2.974
Case 29521;3;80;12.54;0.0462;2.974
Case 29522;3;80;12.47;0.0461;2.974
Case 29523;3;80;12.42;0.046;2.974
Case 29524;3;80;12.35;0.0459;2.974
Case 29525;3;80;12.3;0.0458;2.974
Case 29526;3;80;12.23;0.0457;2.974
Case 29527;3;80;12.18;0.0456;2.974
Case 29528;3;80;12.12;0.0455;2.975
Case 29529;3;80;12.05;0.0454;2.975
Case 29530;3;80;12;0.0453;2.975
Case 29531;3;80;11.93;0.0452;2.975
Case 29532;3;80;11.87;0.0451;2.975
Case 29533;3;80;11.82;0.045;2.975
Case 29534;3;80;11.75;0.0449;2.975
Case 29535;3;80;11.69;0.0448;2.975
Case 29536;3;80;11.62;0.0447;2.975
Case 29537;3;80;11.57;0.0446;2.976
Case 29538;3;80;11.5;0.0445;2.976
Case 29539;3;80;11.44;0.0444;2.976
Case 29540;3;80;11.38;0.0443;2.976
Case 29541;3;80;11.31;0.0442;2.976
Case 29542;3;80;11.25;0.0441;2.976
Case 29543;3;80;11.18;0.044;2.976
Case 29544;3;80;11.13;0.0439;2.976
Case 29545;3;80;11.07;0.0438;2.976
Case 29546;3;80;11;0.0437;2.977
Case 29547;3;80;10.93;0.0436;2.977
Case 29549;3;80;10.8;0.0434;2.977
Case 29550;3;80;10.74;0.0433;2.977
Case 29551;3;80;10.68;0.0432;2.977
Case 29552;3;80;10.6;0.0431;2.977
Case 29553;3;80;10.54;0.043;2.977
Case 29554;3;80;10.47;0.0429;2.977
Case 29555;3;80;10.41;0.0428;2.978
Case 29556;3;80;10.34;0.0427;2.978
Case 29557;3;80;10.27;0.0426;2.978
Case 29558;3;80;10.21;0.0425;2.978
Case 29559;3;80;10.14;0.0424;2.978
Case 29560;3;80;10.07;0.0423;2.978
Case 29561;3;80;10;0.0422;2.978
Case 29562;3;80;9.94;0.0421;2.978
Case 29563;3;80;9.88;0.042;2.978
Case 29564;3;80;9.82;0.0419;2.978
Case 29565;3;80;9.76;0.0418;2.979
Case 29566;3;80;9.7;0.0417;2.979
Case 29567;3;80;9.64;0.0416;2.979
Case 29568;3;80;9.58;0.0415;2.979
Case 29569;3;80;9.52;0.0414;2.979
Case 29570;3;80;9.46;0.0413;2.979
Case 29571;3;80;9.39;0.0412;2.979
Case 29572;3;80;9.33;0.0411;2.979
Case 29573;3;80;9.28;0.041;2.979
Case 29574;3;80;9.21;0.0409;2.979
Case 29575;3;80;9.15;0.0408;2.98
Case 29576;3;80;9.08;0.0407;2.98
Case 29577;3;80;9.03;0.0406;2.98
Case 29578;3;80;8.96;0.0405;2.98
Case 29579;3;80;8.9;0.0404;2.98
Case 29580;3;80;8.84;0.0403;2.98
Case 29581;3;80;8.77;0.0402;2.98
Case 29582;3;80;8.72;0.0401;2.98
Case 29583;3;80;8.65;0.04;2.98
Case 29584;3;80;8.59;0.0399;2.98
Case 29585;3;80;8.53;0.0398;2.981
Case 29586;3;80;8.46;0.0397;2.981
Case 29587;3;80;8.4;0.0396;2.981
Case 29588;3;80;8.33;0.0395;2.981
Case 29589;3;80;8.27;0.0394;2.981
Case 29590;3;80;8.21;0.0393;2.981
Case 29591;3;80;8.14;0.0392;2.981
Case 29592;3;80;8.08;0.0391;2.981
Case 29593;3;80;8.01;0.039;2.981
Case 29594;3;80;7.95;0.0389;2.981
Case 29595;3;80;7.89;0.0388;2.982
Case 29596;3;80;7.82;0.0387;2.982
Case 29597;3;80;7.76;0.0386;2.982
Case 29598;3;80;7.69;0.0385;2.982
Case 29599;3;80;7.63;0.0384;2.982
Case 29600;3;80;7.57;0.0383;2.982
Case 29601;3;80;7.5;0.0382;2.982
Case 29602;3;80;7.44;0.0381;2.982
Case 29603;3;80;7.37;0.038;2.982
Case 29604;3;80;7.31;0.0379;2.982
Case 29605;3;80;7.24;0.0378;2.982
Case 29606;3;80;7.17;0.0377;2.983
Case 29607;3;80;7.11;0.0376;2.983
Case 29608;3;80;7.04;0.0375;2.983
Case 29609;3;80;6.98;0.0374;2.983
Case 29610;3;80;6.91;0.0373;2.983
Case 29611;3;80;6.84;0.0372;2.983
Case 29612;3;80;6.78;0.0371;2.983
Case 29613;3;80;6.7;0.037;2.983
Case 29614;3;80;6.64;0.0369;2.983
Case 29615;3;80;6.58;0.0368;2.983
Case 29616;3;80;6.5;0.0367;2.983
Case 29617;3;80;6.44;0.0366;2.984
Case 29618;3;80;6.37;0.0365;2.984
Case 29619;3;80;6.3;0.0364;2.984
Case 29620;3;80;6.24;0.0363;2.984
Case 29621;3;80;6.16;0.0362;2.984
Case 29622;3;80;6.1;0.0361;2.984
Case 29623;3;80;6.03;0.036;2.984
Case 29624;3;80;5.96;0.0359;2.984
Case 29625;3;80;5.9;0.0358;2.984
Case 29626;3;80;5.82;0.0357;2.984
Case 29627;3;80;5.75;0.0356;2.984
Case 29628;3;80;5.68;0.0355;2.985
Case 29629;3;80;5.61;0.0354;2.985
Case 29630;3;80;5.55;0.0353;2.985
Case 29631;3;80;5.47;0.0352;2.985
Case 29632;3;80;5.4;0.0351;2.985
Case 29633;3;80;5.33;0.035;2.985
Case 29634;3;80;5.26;0.0349;2.985
Case 29635;3;80;5.19;0.0348;2.985
Case 29636;3;80;5.12;0.0347;2.985
Case 29637;3;80;5.05;0.0346;2.985
Case 29638;3;80;4.98;0.0345;2.985
Case 29639;3;80;4.9;0.0344;2.986
Case 29640;3;80;4.84;0.0343;2.986
Case 29641;3;80;4.76;0.0342;2.986
Case 29642;3;80;4.69;0.0341;2.986
Case 29643;3;80;4.62;0.034;2.986
Case 29644;3;80;4.54;0.0339;2.986
Case 29645;3;80;4.47;0.0338;2.986
Case 29646;3;80;4.39;0.0337;2.986
Case 29647;3;80;4.32;0.0336;2.986
Case 29648;3;80;4.25;0.0335;2.986
Case 29649;3;80;4.17;0.0334;2.986
Case 29650;3;80;4.1;0.0333;2.986
Case 29651;3;80;4.02;0.0332;2.987
Case 29652;3;80;3.95;0.0331;2.987
Case 29653;3;80;3.88;0.033;2.987
Case 29654;3;80;3.8;0.0329;2.987
Case 29655;3;80;3.73;0.0328;2.987
Case 29656;3;80;3.66;0.0327;2.987
Case 29657;3;80;3.58;0.0326;2.987
Case 29658;3;80;3.51;0.0325;2.987
Case 29659;3;80;3.42;0.0324;2.987
Case 29660;3;80;3.35;0.0323;2.987
Case 29661;3;80;3.28;0.0322;2.987
Case 29662;3;80;3.19;0.0321;2.987
Case 29663;3;80;3.12;0.032;2.987
Case 29664;3;80;3.04;0.0319;2.988
Case 29665;3;80;2.96;0.0318;2.988
Case 29666;3;80;2.89;0.0317;2.988
Case 29667;3;80;2.81;0.0316;2.988
Case 29668;3;80;2.73;0.0315;2.988
Case 29669;3;80;2.66;0.0314;2.988
Case 29670;3;80;2.57;0.0313;2.988
Case 29671;3;80;2.5;0.0312;2.988
Case 29672;3;80;2.41;0.0311;2.988
Case 29673;3;80;2.33;0.031;2.988
Case 29674;3;80;2.26;0.0309;2.988
Case 29675;3;80;2.17;0.0308;2.988
Case 29676;3;80;2.09;0.0307;2.988
Case 29677;3;80;2.02;0.0306;2.989
Case 29678;3;80;1.93;0.0305;2.989
Case 29680;3;80;1.77;0.0303;2.989
Case 29681;3;80;1.69;0.0302;2.989
Case 29682;3;80;1.6;0.0301;2.989
Case 29683;3;80;1.52;0.03;2.989
Case 29684;3;80;1.43;0.0299;2.989
Case 29685;3;80;1.36;0.0298;2.989
Case 29686;3;80;1.28;0.0297;2.989
Case 29687;3;80;1.19;0.0296;2.989
Case 29688;3;80;1.1;0.0295;2.989
Case 29689;3;80;1.02;0.0294;2.989
Case 29690;3;80;0.93;0.0293;2.989
Case 29691;3;80;0.85;0.0292;2.99
Case 29692;3;80;0.76;0.0291;2.99
Case 29693;3;80;0.68;0.029;2.99
Case 29694;3;80;0.59;0.0289;2.99
Case 29695;3;80;0.5;0.0288;2.99
Case 29696;3;80;0.42;0.0287;2.99
Case 29697;3;80;0.33;0.0286;2.99
Case 29698;3;80;0.24;0.0285;2.99
Case 29700;3;80;0.07;0.0283;2.99
Case 29701;3;80;0;0.0282;2.99
Case 29702;3;80;0;0.0281;2.99
Case 29703;3;80;0;0.028;2.99
Case 29704;3;80;0;0.0279;2.99
Case 29705;3;80;0;0.0278;2.991
Case 29706;3;80;0;0.0277;2.991
Case 29707;3;80;0;0.0276;2.991
Case 29709;3;80;0;0.0274;2.991
Case 29710;3;80;0;0.0273;2.991
Case 29711;3;80;0;0.0272;2.991
Case 29712;3;80;0;0.0271;2.991
Case 29713;3;80;0;0.027;2.991
Case 29714;3;80;0;0.0269;2.991
Case 29715;3;80;0;0.0268;2.991
Case 29716;3;80;0;0.0267;2.991
Case 29717;3;80;0;0.0266;2.991
Case 29718;3;80;0;0.0265;2.991
Case 29719;3;80;0;0.0264;2.991
Case 29720;3;80;0;0.0263;2.992
Case 29721;3;80;0;0.0262;2.992
Case 29722;3;80;0;0.0261;2.992
Case 29723;3;80;0;0.026;2.992
Case 29724;3;80;0;0.0259;2.992
Case 29725;3;80;0;0.0258;2.992
Case 29727;3;80;0;0.0256;2.992
Case 29728;3;80;0;0.0255;2.992
Case 29729;3;80;0;0.0254;2.992
Case 29730;3;80;0;0.0253;2.992
Case 29731;3;80;0;0.0252;2.992
Case 29732;3;80;0;0.0251;2.992
Case 29733;3;80;0;0.025;2.992
Case 29734;3;80;0;0.0249;2.992
Case 29735;3;80;0;0.0248;2.992
Case 29736;3;80;0;0.0247;2.993
Case 29737;3;80;0;0.0246;2.993
Case 29738;3;80;0;0.0245;2.993
Case 29739;3;80;0;0.0244;2.993
Case 29740;3;80;0;0.0243;2.993
Case 29741;3;80;0;0.0242;2.993
Case 29742;3;80;0;0.0241;2.993
Case 29743;3;80;0;0.024;2.993
Case 29745;3;80;0;0.0238;2.993
Case 29746;3;80;0;0.0237;2.993
Case 29747;3;80;0;0.0236;2.993
Case 29748;3;80;0;0.0235;2.993
Case 29749;3;80;0;0.0234;2.993
Case 29750;3;80;0;0.0233;2.993
Case 29751;3;80;0;0.0232;2.993
Case 29752;3;80;0;0.0231;2.993
Case 29753;3;80;0;0.023;2.994
Case 29754;3;80;0;0.0229;2.994
Case 29755;3;80;0;0.0228;2.994
Case 29756;3;80;0;0.0227;2.994
Case 29757;3;80;0;0.0226;2.994
Case 29758;3;80;0;0.0225;2.994
Case 29759;3;80;0;0.0224;2.994
Case 29760;3;80;0;0.0223;2.994
Case 29761;3;80;0;0.0222;2.994
Case 29763;3;80;0;0.022;2.994
Case 29764;3;80;0;0.0219;2.994
Case 29765;3;80;0;0.0218;2.994
Case 29766;3;80;0;0.0217;2.994
Case 29767;3;80;0;0.0216;2.994
Case 29768;3;80;0;0.0215;2.994
Case 29769;3;80;0;0.0214;2.994
Case 29770;3;80;0;0.0213;2.994
Case 29771;3;80;0;0.0212;2.995
Case 29772;3;80;0;0.0211;2.995
Case 29773;3;80;0;0.021;2.995
Case 29774;3;80;0;0.0209;2.995
Case 29775;3;80;0;0.0208;2.995
Case 29776;3;80;0;0.0207;2.995
Case 29777;3;80;0;0.0206;2.995
Case 29778;3;80;0;0.0205;2.995
Case 29779;3;80;0;0.0204;2.995
Case 29781;3;80;0;0.0202;2.995
Case 29782;3;80;0;0.0201;2.995
Case 29783;3;80;0;0.02;2.995
Case 29784;3;80;0;0.0199;2.995
Case 29785;3;80;0;0.0198;2.995
Case 29786;3;80;0;0.0197;2.995
Case 29787;3;80;0;0.0196;2.995
Case 29788;3;80;0;0.0195;2.995
Case 29789;3;80;0;0.0194;2.995
Case 29790;3;80;0;0.0193;2.995
Case 29791;3;80;0;0.0192;2.995
Case 29792;3;80;0;0.0191;2.996
Case 29793;3;80;0;0.019;2.996
Case 29794;3;80;0;0.0189;2.996
Case 29795;3;80;0;0.0188;2.996
Case 29796;3;80;0;0.0187;2.996
Case 29797;3;80;0;0.0186;2.996
Case 29799;3;80;0;0.0184;2.996
Case 29800;3;80;0;0.0183;2.996
Case 29801;3;80;0;0.0182;2.996
Case 29802;3;80;0;0.0181;2.996
Case 29803;3;80;0;0.018;2.996
Case 29804;3;80;0;0.0179;2.996
Case 29805;3;80;0;0.0178;2.996
Case 29806;3;80;0;0.0177;2.996
Case 29807;3;80;0;0.0176;2.996
Case 29808;3;80;0;0.0175;2.996
Case 29809;3;80;0;0.0174;2.996
Case 29810;3;80;0;0.0173;2.996
Case 29811;3;80;0;0.0172;2.996
Case 29812;3;80;0;0.0171;2.996
Case 29813;3;80;0;0.017;2.996
Case 29814;3;80;0;0.0169;2.997
Case 29815;3;80;0;0.0168;2.997
Case 29817;3;80;0;0.0166;2.997
Case 29818;3;80;0;0.0165;2.997
Case 29819;3;80;0;0.0164;2.997
Case 29820;3;80;0;0.0163;2.997
Case 29821;3;80;0;0.0162;2.997
Case 29822;3;80;0;0.0161;2.997
Case 29823;3;80;0;0.016;2.997
Case 29824;3;80;0;0.0159;2.997
Case 29825;3;80;0;0.0158;2.997
Case 29826;3;80;0;0.0157;2.997
Case 29827;3;80;0;0.0156;2.997
Case 29828;3;80;0;0.0155;2.997
Case 29829;3;80;0;0.0154;2.997
Case 29830;3;80;0;0.0153;2.997
Case 29831;3;80;0;0.0152;2.997
Case 29832;3;80;0;0.0151;2.997
Case 29833;3;80;0;0.015;2.997
Case 29835;3;80;0;0.0148;2.997
Case 29836;3;80;0;0.0147;2.997
Case 29837;3;80;0;0.0146;2.997
Case 29838;3;80;0;0.0145;2.997
Case 29839;3;80;0;0.0144;2.997
Case 29840;3;80;0;0.0143;2.998
Case 29841;3;80;0;0.0142;2.998
Case 29842;3;80;0;0.0141;2.998
Case 29843;3;80;0;0.014;2.998
Case 29844;3;80;0;0.0139;2.998
Case 29845;3;80;0;0.0138;2.998
Case 29846;3;80;0;0.0137;2.998
Case 29847;3;80;0;0.0136;2.998
Case 29848;3;80;0;0.0135;2.998
Case 29849;3;80;0;0.0134;2.998
Case 29850;3;80;0;0.0133;2.998
Case 29851;3;80;0;0.0132;2.998
Case 29853;3;80;0;0.013;2.998
Case 29854;3;80;0;0.0129;2.998
Case 29855;3;80;0;0.0128;2.998
Case 29856;3;80;0;0.0127;2.998
Case 29857;3;80;0;0.0126;2.998
Case 29858;3;80;0;0.0125;2.998
Case 29859;3;80;0;0.0124;2.998
Case 29860;3;80;0;0.0123;2.998
Case 29861;3;80;0;0.0122;2.998
Case 29862;3;80;0;0.0121;2.998
Case 29863;3;80;0;0.012;2.998
Case 29864;3;80;0;0.0119;2.998
Case 29865;3;80;0;0.0118;2.998
Case 29866;3;80;0;0.0117;2.998
Case 29867;3;80;0;0.0116;2.998
Case 29868;3;80;0;0.0115;2.998
Case 29869;3;80;0;0.0114;2.998
Case 29871;3;80;0;0.0112;2.998
Case 29872;3;80;0;0.0111;2.998
Case 29873;3;80;0;0.011;2.999
Case 29874;3;80;0;0.0109;2.999
Case 29875;3;80;0;0.0108;2.999
Case 29876;3;80;0;0.0107;2.999
Case 29877;3;80;0;0.0106;2.999
Case 29878;3;80;0;0.0105;2.999
Case 29879;3;80;0;0.0104;2.999
Case 29880;3;80;0;0.0103;2.999
Case 29881;3;80;0;0.0102;2.999
Case 29882;3;80;0;0.0101;2.999
Case 29883;3;80;0;0.01;2.999
Case 29884;3;80;0;0.0099;2.999
Case 29885;3;80;0;0.0098;2.999
Case 29886;3;80;0;0.0097;2.999
Case 29887;3;80;0;0.0096;2.999
Case 29889;3;80;0;0.0094;2.999
Case 29890;3;80;0;0.0093;2.999
Case 29891;3;80;0;0.0092;2.999
Case 29892;3;80;0;0.0091;2.999
Case 29893;3;80;0;0.009;2.999
Case 29894;3;80;0;0.0089;2.999
Case 29895;3;80;0;0.0088;2.999
Case 29896;3;80;0;0.0087;2.999
Case 29897;3;80;0;0.0086;2.999
Case 29898;3;80;0;0.0085;2.999
Case 29899;3;80;0;0.0084;2.999
Case 29900;3;80;0;0.0083;2.999
Case 29901;3;80;0;0.0082;2.999
Case 29902;3;80;0;0.0081;2.999
Case 29903;3;80;0;0.008;2.999
Case 29904;3;80;0;0.0079;2.999
Case 29905;3;80;0;0.0078;2.999
Case 29907;3;80;0;0.0076;2.999
Case 29908;3;80;0;0.0075;2.999
Case 29909;3;80;0;0.0074;2.999
Case 29910;3;80;0;0.0073;2.999
Case 29911;3;80;0;0.0072;2.999
Case 29912;3;80;0;0.0071;2.999
Case 29913;3;80;0;0.007;2.999
Case 29914;3;80;0;0.0069;2.999
Case 29915;3;80;0;0.0068;2.999
Case 29916;3;80;0;0.0067;2.999
Case 29917;3;80;0;0.0066;2.999
Case 29918;3;80;0;0.0065;2.999
Case 29919;3;80;0;0.0064;2.999
Case 29920;3;80;0;0.0063;3
Case 29921;3;80;0;0.0062;3
Case 29922;3;80;0;0.0061;3
Case 29923;3;80;0;0.006;3
Case 29925;3;80;0;0.0058;3
Case 29926;3;80;0;0.0057;3
Case 29927;3;80;0;0.0056;3
Case 29928;3;80;0;0.0055;3
Case 29929;3;80;0;0.0054;3
Case 29930;3;80;0;0.0053;3
Case 29931;3;80;0;0.0052;3
Case 29932;3;80;0;0.0051;3
Case 29933;3;80;0;0.005;3
Case 29934;3;80;0;0.0049;3
Case 29935;3;80;0;0.0048;3
Case 29936;3;80;0;0.0047;3
Case 29937;3;80;0;0.0046;3
Case 29938;3;80;0;0.0045;3
Case 29939;3;80;0;0.0044;3
Case 29940;3;80;0;0.0043;3
Case 29941;3;80;0;0.0042;3
Case 29943;3;80;0;0.004;3
Case 29944;3;80;0;0.0039;3
Case 29945;3;80;0;0.0038;3
Case 29946;3;80;0;0.0037;3
Case 29947;3;80;0;0.0036;3
Case 29948;3;80;0;0.0035;3
Case 29949;3;80;0;0.0034;3
Case 29950;3;80;0;0.0033;3
Case 29951;3;80;0;0.0032;3
Case 29952;3;80;0;0.0031;3
Case 29953;3;80;0;0.003;3
Case 29954;3;80;0;0.0029;3
Case 29955;3;80;0;0.0028;3
Case 29956;3;80;0;0.0027;3
Case 29957;3;80;0;0.0026;3
Case 29958;3;80;0;0.0025;3
Case 29959;3;80;0;0.0024;3
Case 29961;3;80;0;0.0022;3
Case 29962;3;80;0;0.0021;3
Case 29963;3;80;0;0.002;3
Case 29964;3;80;0;0.0019;3
Case 29965;3;80;0;0.0018;3
Case 29966;3;80;0;0.0017;3
Case 29967;3;80;0;0.0016;3
Case 29968;3;80;0;0.0015;3
Case 29969;3;80;0;0.0014;3
Case 29970;3;80;0;0.0013;3
Case 29971;3;80;0;0.0012;3
Case 29972;3;80;0;0.0011;3
Case 29973;3;80;0;0.001;3
Case 37876;3;70;100;0.2098;0.4462
Case 37877;3;70;100;0.2097;0.485
Case 37878;3;70;100;0.2096;0.5145
Case 37879;3;70;100;0.2095;0.5393
Case 37880;3;70;100;0.2094;0.5611
Case 37881;3;70;100;0.2093;0.5807
Case 37882;3;70;100;0.2092;0.5986
Case 37883;3;70;100;0.2091;0.6153
Case 37884;3;70;100;0.209;0.631
Case 37885;3;70;100;0.2089;0.6457
Case 37886;3;70;100;0.2088;0.6597
Case 37887;3;70;100;0.2087;0.6731
Case 37888;3;70;100;0.2086;0.6858
Case 37889;3;70;100;0.2085;0.6981
Case 37890;3;70;100;0.2084;0.7099
Case 37891;3;70;100;0.2083;0.7213
Case 37892;3;70;100;0.2082;0.7324
Case 37893;3;70;100;0.2081;0.7431
Case 37894;3;70;100;0.208;0.7535
Case 37895;3;70;100;0.2079;0.7636
Case 37896;3;70;100;0.2078;0.7734
Case 37897;3;70;100;0.2077;0.783
Case 37898;3;70;100;0.2076;0.7924
Case 37899;3;70;100;0.2075;0.8015
Case 37900;3;70;100;0.2074;0.8105
Case 37901;3;70;100;0.2073;0.8193
Case 37902;3;70;100;0.2072;0.8278
Case 37903;3;70;100;0.2071;0.8363
Case 37904;3;70;100;0.207;0.8445
Case 37905;3;70;100;0.2069;0.8526
Case 37906;3;70;100;0.2068;0.8606
Case 37907;3;70;100;0.2067;0.8684
Case 37908;3;70;98.41;0.2066;0.8761
Case 37909;3;70;96.86;0.2065;0.8836
Case 37910;3;70;95.51;0.2064;0.8911
Case 37911;3;70;94.32;0.2063;0.8984
Case 37912;3;70;93.24;0.2062;0.9056
Case 37913;3;70;92.28;0.2061;0.9128
Case 37914;3;70;91.39;0.206;0.9198
Case 37915;3;70;90.57;0.2059;0.9267
Case 37916;3;70;89.81;0.2058;0.9335
Case 37917;3;70;89.11;0.2057;0.9402
Case 37918;3;70;88.46;0.2056;0.9469
Case 37919;3;70;87.83;0.2055;0.9534
Case 37920;3;70;87.25;0.2054;0.9599
Case 37921;3;70;86.69;0.2053;0.9663
Case 37922;3;70;86.16;0.2052;0.9727
Case 37923;3;70;85.66;0.2051;0.9789
Case 37924;3;70;85.18;0.205;0.9851
Case 37925;3;70;84.71;0.2049;0.9912
Case 37926;3;70;84.27;0.2048;0.9972
Case 37927;3;70;83.84;0.2047;1.003
Case 37928;3;70;83.43;0.2046;1.009
Case 37929;3;70;83.04;0.2045;1.015
Case 37930;3;70;82.65;0.2044;1.021
Case 37931;3;70;82.28;0.2043;1.027
Case 37932;3;70;81.91;0.2042;1.032
Case 37933;3;70;81.57;0.2041;1.038
Case 37934;3;70;81.22;0.204;1.043
Case 37935;3;70;80.89;0.2039;1.049
Case 37936;3;70;80.55;0.2038;1.054
Case 37937;3;70;80.24;0.2037;1.06
Case 37938;3;70;79.93;0.2036;1.065
Case 37939;3;70;79.65;0.2035;1.07
Case 37940;3;70;79.38;0.2034;1.076
Case 37941;3;70;79.12;0.2033;1.081
Case 37942;3;70;78.86;0.2032;1.086
Case 37943;3;70;78.62;0.2031;1.091
Case 37944;3;70;78.38;0.203;1.096
Case 37945;3;70;78.14;0.2029;1.101
Case 37946;3;70;77.92;0.2028;1.107
Case 37947;3;70;77.69;0.2027;1.111
Case 37948;3;70;77.47;0.2026;1.116
Case 37949;3;70;77.25;0.2025;1.121
Case 37950;3;70;77.04;0.2024;1.126
Case 37951;3;70;76.83;0.2023;1.131
Case 37952;3;70;76.63;0.2022;1.136
Case 37953;3;70;76.43;0.2021;1.141
Case 37954;3;70;76.24;0.202;1.145
Case 37955;3;70;76.04;0.2019;1.15
Case 37956;3;70;75.86;0.2018;1.155
Case 37957;3;70;75.67;0.2017;1.159
Case 37958;3;70;75.49;0.2016;1.164
Case 37959;3;70;75.31;0.2015;1.168
Case 37960;3;70;75.14;0.2014;1.173
Case 37961;3;70;74.96;0.2013;1.177
Case 37962;3;70;74.8;0.2012;1.182
Case 37963;3;70;74.62;0.2011;1.186
Case 37964;3;70;74.47;0.201;1.191
Case 37965;3;70;74.3;0.2009;1.195
Case 37966;3;70;74.14;0.2008;1.199
Case 37967;3;70;73.98;0.2007;1.204
Case 37968;3;70;73.83;0.2006;1.208
Case 37969;3;70;73.67;0.2005;1.212
Case 37970;3;70;73.52;0.2004;1.217
Case 37971;3;70;73.38;0.2003;1.221
Case 37972;3;70;73.23;0.2002;1.225
Case 37973;3;70;73.09;0.2001;1.229
Case 37974;3;70;72.94;0.2;1.233
Case 37975;3;70;72.8;0.1999;1.237
Case 37976;3;70;72.66;0.1998;1.242
Case 37977;3;70;72.52;0.1997;1.246
Case 37978;3;70;72.38;0.1996;1.25
Case 37979;3;70;72.25;0.1995;1.254
Case 37981;3;70;71.97;0.1993;1.262
Case 37982;3;70;71.85;0.1992;1.266
Case 37983;3;70;71.71;0.1991;1.27
Case 37984;3;70;71.59;0.199;1.273
Case 37985;3;70;71.46;0.1989;1.277
Case 37986;3;70;71.33;0.1988;1.281
Case 37987;3;70;71.2;0.1987;1.285
Case 37988;3;70;71.08;0.1986;1.289
Case 37989;3;70;70.96;0.1985;1.293
Case 37990;3;70;70.84;0.1984;1.297
Case 37991;3;70;70.71;0.1983;1.3
Case 37992;3;70;70.6;0.1982;1.304
Case 37993;3;70;70.47;0.1981;1.308
Case 37994;3;70;70.36;0.198;1.312
Case 37995;3;70;70.24;0.1979;1.315
Case 37996;3;70;70.13;0.1978;1.319
Case 37997;3;70;70;0.1977;1.323
Case 37998;3;70;69.9;0.1976;1.326
Case 37999;3;70;69.8;0.1975;1.33
Case 38000;3;70;69.7;0.1974;1.333
Case 38001;3;70;69.59;0.1973;1.337
Case 38002;3;70;69.5;0.1972;1.341
Case 38003;3;70;69.4;0.1971;1.344
Case 38004;3;70;69.3;0.197;1.348
Case 38005;3;70;69.21;0.1969;1.351
Case 38006;3;70;69.11;0.1968;1.355
Case 38007;3;70;69.02;0.1967;1.358
Case 38008;3;70;68.92;0.1966;1.362
Case 38009;3;70;68.83;0.1965;1.365
Case 38010;3;70;68.73;0.1964;1.369
Case 38011;3;70;68.65;0.1963;1.372
Case 38012;3;70;68.55;0.1962;1.376
Case 38013;3;70;68.46;0.1961;1.379
Case 38014;3;70;68.37;0.196;1.382
Case 38015;3;70;68.29;0.1959;1.386
Case 38016;3;70;68.19;0.1958;1.389
Case 38017;3;70;68.11;0.1957;1.392
Case 38018;3;70;68.02;0.1956;1.396
Case 38019;3;70;67.94;0.1955;1.399
Case 38020;3;70;67.85;0.1954;1.402
Case 38021;3;70;67.77;0.1953;1.406
Case 38022;3;70;67.68;0.1952;1.409
Case 38023;3;70;67.6;0.1951;1.412
Case 38024;3;70;67.51;0.195;1.415
Case 38025;3;70;67.44;0.1949;1.419
Case 38026;3;70;67.35;0.1948;1.422
Case 38027;3;70;67.27;0.1947;1.425
Case 38028;3;70;67.19;0.1946;1.428
Case 38029;3;70;67.11;0.1945;1.431
Case 38030;3;70;67.03;0.1944;1.435
Case 38031;3;70;66.96;0.1943;1.438
Case 38032;3;70;66.87;0.1942;1.441
Case 38033;3;70;66.8;0.1941;1.444
Case 38034;3;70;66.72;0.194;1.447
Case 38035;3;70;66.65;0.1939;1.45
Case 38036;3;70;66.56;0.1938;1.453
Case 38037;3;70;66.49;0.1937;1.456
Case 38038;3;70;66.41;0.1936;1.46
Case 38039;3;70;66.34;0.1935;1.463
Case 38040;3;70;66.27;0.1934;1.466
Case 38041;3;70;66.2;0.1933;1.469
Case 38042;3;70;66.12;0.1932;1.472
Case 38043;3;70;66.05;0.1931;1.475
Case 38044;3;70;65.98;0.193;1.478
Case 38045;3;70;65.91;0.1929;1.481
Case 38046;3;70;65.84;0.1928;1.484
Case 38047;3;70;65.76;0.1927;1.487
Case 38048;3;70;65.7;0.1926;1.49
Case 38049;3;70;65.62;0.1925;1.493
Case 38050;3;70;65.56;0.1924;1.496
Case 38051;3;70;65.48;0.1923;1.499
Case 38052;3;70;65.42;0.1922;1.501
Case 38053;3;70;65.35;0.1921;1.504
Case 38054;3;70;65.28;0.192;1.507
Case 38055;3;70;65.21;0.1919;1.51
Case 38056;3;70;65.15;0.1918;1.513
Case 38057;3;70;65.07;0.1917;1.516
Case 38058;3;70;65.01;0.1916;1.519
Case 38059;3;70;64.94;0.1915;1.522
Case 38060;3;70;64.88;0.1914;1.524
Case 38061;3;70;64.81;0.1913;1.527
Case 38062;3;70;64.75;0.1912;1.53
Case 38063;3;70;64.68;0.1911;1.533
Case 38064;3;70;64.62;0.191;1.536
Case 38065;3;70;64.55;0.1909;1.539
Case 38066;3;70;64.49;0.1908;1.541
Case 38067;3;70;64.42;0.1907;1.544
Case 38068;3;70;64.36;0.1906;1.547
Case 38069;3;70;64.29;0.1905;1.55
Case 38070;3;70;64.23;0.1904;1.552
Case 38071;3;70;64.17;0.1903;1.555
Case 38072;3;70;64.11;0.1902;1.558
Case 38073;3;70;64.04;0.1901;1.561
Case 38074;3;70;63.99;0.19;1.563
Case 38075;3;70;63.92;0.1899;1.566
Case 38076;3;70;63.86;0.1898;1.569
Case 38077;3;70;63.8;0.1897;1.571
Case 38078;3;70;63.74;0.1896;1.574
Case 38079;3;70;63.67;0.1895;1.577
Case 38080;3;70;63.62;0.1894;1.579
Case 38081;3;70;63.55;0.1893;1.582
Case 38082;3;70;63.5;0.1892;1.585
Case 38083;3;70;63.43;0.1891;1.587
Case 38084;3;70;63.38;0.189;1.59
Case 38085;3;70;63.31;0.1889;1.593
Case 38086;3;70;63.26;0.1888;1.595
Case 38087;3;70;63.2;0.1887;1.598
Case 38088;3;70;63.14;0.1886;1.6
Case 38089;3;70;63.08;0.1885;1.603
Case 38090;3;70;63.03;0.1884;1.606
Case 38091;3;70;62.97;0.1883;1.608
Case 38092;3;70;62.91;0.1882;1.611
Case 38093;3;70;62.86;0.1881;1.613
Case 38094;3;70;62.8;0.188;1.616
Case 38095;3;70;62.74;0.1879;1.618
Case 38096;3;70;62.68;0.1878;1.621
Case 38097;3;70;62.63;0.1877;1.623
Case 38098;3;70;62.57;0.1876;1.626
Case 38099;3;70;62.52;0.1875;1.628
Case 38100;3;70;62.45;0.1874;1.631
Case 38101;3;70;62.4;0.1873;1.633
Case 38102;3;70;62.34;0.1872;1.636
Case 38103;3;70;62.29;0.1871;1.638
Case 38104;3;70;62.23;0.187;1.641
Case 38105;3;70;62.18;0.1869;1.643
Case 38106;3;70;62.12;0.1868;1.646
Case 38107;3;70;62.07;0.1867;1.648
Case 38108;3;70;62.01;0.1866;1.651
Case 38109;3;70;61.96;0.1865;1.653
Case 38110;3;70;61.9;0.1864;1.656
Case 38111;3;70;61.85;0.1863;1.658
Case 38112;3;70;61.79;0.1862;1.661
Case 38113;3;70;61.74;0.1861;1.663
Case 38114;3;70;61.69;0.186;1.665
Case 38115;3;70;61.64;0.1859;1.668
Case 38116;3;70;61.58;0.1858;1.67
Case 38117;3;70;61.53;0.1857;1.673
Case 38118;3;70;61.47;0.1856;1.675
Case 38119;3;70;61.42;0.1855;1.677
Case 38120;3;70;61.36;0.1854;1.68
Case 38121;3;70;61.32;0.1853;1.682
Case 38122;3;70;61.26;0.1852;1.684
Case 38123;3;70;61.21;0.1851;1.687
Case 38124;3;70;61.15;0.185;1.689
Case 38125;3;70;61.11;0.1849;1.691
Case 38126;3;70;61.05;0.1848;1.694
Case 38127;3;70;61;0.1847;1.696
Case 38128;3;70;60.94;0.1846;1.698
Case 38129;3;70;60.9;0.1845;1.701
Case 38130;3;70;60.84;0.1844;1.703
Case 38131;3;70;60.79;0.1843;1.705
Case 38132;3;70;60.74;0.1842;1.708
Case 38133;3;70;60.69;0.1841;1.71
Case 38134;3;70;60.64;0.184;1.712
Case 38135;3;70;60.59;0.1839;1.715
Case 38136;3;70;60.53;0.1838;1.717
Case 38137;3;70;60.49;0.1837;1.719
Case 38138;3;70;60.44;0.1836;1.721
Case 38139;3;70;60.38;0.1835;1.724
Case 38140;3;70;60.34;0.1834;1.726
Case 38141;3;70;60.28;0.1833;1.728
Case 38142;3;70;60.24;0.1832;1.73
Case 38143;3;70;60.18;0.1831;1.733
Case 38144;3;70;60.14;0.183;1.735
Case 38145;3;70;60.08;0.1829;1.737
Case 38146;3;70;60.04;0.1828;1.739
Case 38147;3;70;59.98;0.1827;1.741
Case 38148;3;70;59.94;0.1826;1.744
Case 38149;3;70;59.89;0.1825;1.746
Case 38150;3;70;59.85;0.1824;1.748
Case 38151;3;70;59.8;0.1823;1.75
Case 38152;3;70;59.76;0.1822;1.752
Case 38153;3;70;59.71;0.1821;1.755
Case 38154;3;70;59.67;0.182;1.757
Case 38155;3;70;59.62;0.1819;1.759
Case 38156;3;70;59.58;0.1818;1.761
Case 38157;3;70;59.54;0.1817;1.763
Case 38158;3;70;59.5;0.1816;1.765
Case 38159;3;70;59.45;0.1815;1.768
Case 38160;3;70;59.41;0.1814;1.77
Case 38161;3;70;59.36;0.1813;1.772
Case 38162;3;70;59.32;0.1812;1.774
Case 38163;3;70;59.27;0.1811;1.776
Case 38164;3;70;59.24;0.181;1.778
Case 38165;3;70;59.19;0.1809;1.78
Case 38166;3;70;59.15;0.1808;1.782
Case 38167;3;70;59.1;0.1807;1.785
Case 38168;3;70;59.07;0.1806;1.787
Case 38169;3;70;59.02;0.1805;1.789
Case 38170;3;70;58.98;0.1804;1.791
Case 38171;3;70;58.94;0.1803;1.793
Case 38172;3;70;58.9;0.1802;1.795
Case 38173;3;70;58.86;0.1801;1.797
Case 38174;3;70;58.81;0.18;1.799
Case 38175;3;70;58.77;0.1799;1.801
Case 38176;3;70;58.73;0.1798;1.803
Case 38177;3;70;58.69;0.1797;1.805
Case 38178;3;70;58.65;0.1796;1.807
Case 38179;3;70;58.61;0.1795;1.81
Case 38180;3;70;58.56;0.1794;1.812
Case 38181;3;70;58.53;0.1793;1.814
Case 38182;3;70;58.48;0.1792;1.816
Case 38183;3;70;58.44;0.1791;1.818
Case 38184;3;70;58.4;0.179;1.82
Case 38185;3;70;58.36;0.1789;1.822
Case 38186;3;70;58.32;0.1788;1.824
Case 38187;3;70;58.28;0.1787;1.826
Case 38188;3;70;58.24;0.1786;1.828
Case 38189;3;70;58.2;0.1785;1.83
Case 38190;3;70;58.16;0.1784;1.832
Case 38191;3;70;58.12;0.1783;1.834
Case 38192;3;70;58.08;0.1782;1.836
Case 38194;3;70;58;0.178;1.84
Case 38195;3;70;57.96;0.1779;1.842
Case 38196;3;70;57.92;0.1778;1.844
Case 38197;3;70;57.88;0.1777;1.846
Case 38198;3;70;57.84;0.1776;1.848
Case 38199;3;70;57.8;0.1775;1.85
Case 38200;3;70;57.76;0.1774;1.852
Case 38201;3;70;57.72;0.1773;1.854
Case 38202;3;70;57.68;0.1772;1.855
Case 38203;3;70;57.64;0.1771;1.857
Case 38204;3;70;57.61;0.177;1.859
Case 38205;3;70;57.56;0.1769;1.861
Case 38206;3;70;57.53;0.1768;1.863
Case 38207;3;70;57.48;0.1767;1.865
Case 38208;3;70;57.45;0.1766;1.867
Case 38209;3;70;57.41;0.1765;1.869
Case 38210;3;70;57.37;0.1764;1.871
Case 38212;3;70;57.29;0.1762;1.875
Case 38213;3;70;57.26;0.1761;1.877
Case 38214;3;70;57.22;0.176;1.879
Case 38215;3;70;57.18;0.1759;1.88
Case 38216;3;70;57.14;0.1758;1.882
Case 38217;3;70;57.11;0.1757;1.884
Case 38218;3;70;57.06;0.1756;1.886
Case 38219;3;70;57.03;0.1755;1.888
Case 38220;3;70;56.99;0.1754;1.89
Case 38221;3;70;56.96;0.1753;1.892
Case 38222;3;70;56.91;0.1752;1.894
Case 38223;3;70;56.88;0.1751;1.896
Case 38224;3;70;56.84;0.175;1.897
Case 38225;3;70;56.81;0.1749;1.899
Case 38226;3;70;56.76;0.1748;1.901
Case 38227;3;70;56.73;0.1747;1.903
Case 38228;3;70;56.69;0.1746;1.905
Case 38229;3;70;56.66;0.1745;1.907
Case 38230;3;70;56.62;0.1744;1.908
Case 38231;3;70;56.58;0.1743;1.91
Case 38232;3;70;56.55;0.1742;1.912
Case 38233;3;70;56.51;0.1741;1.914
Case 38234;3;70;56.48;0.174;1.916
Case 38235;3;70;56.44;0.1739;1.918
Case 38236;3;70;56.4;0.1738;1.919
Case 38237;3;70;56.36;0.1737;1.921
Case 38238;3;70;56.33;0.1736;1.923
Case 38239;3;70;56.29;0.1735;1.925
Case 38240;3;70;56.26;0.1734;1.927
Case 38241;3;70;56.22;0.1733;1.928
Case 38242;3;70;56.19;0.1732;1.93
Case 38243;3;70;56.14;0.1731;1.932
Case 38244;3;70;56.11;0.173;1.934
Case 38245;3;70;56.07;0.1729;1.936
Case 38246;3;70;56.04;0.1728;1.937
Case 38247;3;70;56;0.1727;1.939
Case 38248;3;70;55.97;0.1726;1.941
Case 38249;3;70;55.93;0.1725;1.943
Case 38250;3;70;55.9;0.1724;1.944
Case 38251;3;70;55.86;0.1723;1.946
Case 38252;3;70;55.83;0.1722;1.948
Case 38253;3;70;55.78;0.1721;1.95
Case 38254;3;70;55.75;0.172;1.952
Case 38255;3;70;55.71;0.1719;1.953
Case 38256;3;70;55.68;0.1718;1.955
Case 38257;3;70;55.64;0.1717;1.957
Case 38258;3;70;55.61;0.1716;1.959
Case 38259;3;70;55.57;0.1715;1.96
Case 38260;3;70;55.54;0.1714;1.962
Case 38261;3;70;55.5;0.1713;1.964
Case 38262;3;70;55.47;0.1712;1.965
Case 38263;3;70;55.43;0.1711;1.967
Case 38264;3;70;55.4;0.171;1.969
Case 38265;3;70;55.36;0.1709;1.971
Case 38266;3;70;55.33;0.1708;1.972
Case 38267;3;70;55.29;0.1707;1.974
Case 38268;3;70;55.26;0.1706;1.976
Case 38269;3;70;55.22;0.1705;1.977
Case 38270;3;70;55.19;0.1704;1.979
Case 38271;3;70;55.15;0.1703;1.981
Case 38272;3;70;55.12;0.1702;1.983
Case 38273;3;70;55.08;0.1701;1.984
Case 38274;3;70;55.05;0.17;1.986
Case 38275;3;70;55.01;0.1699;1.988
Case 38276;3;70;54.98;0.1698;1.989
Case 38277;3;70;54.94;0.1697;1.991
Case 38278;3;70;54.91;0.1696;1.993
Case 38279;3;70;54.88;0.1695;1.994
Case 38280;3;70;54.85;0.1694;1.996
Case 38281;3;70;54.82;0.1693;1.998
Case 38282;3;70;54.78;0.1692;1.999
Case 38283;3;70;54.75;0.1691;2.001
Case 38284;3;70;54.71;0.169;2.003
Case 38285;3;70;54.68;0.1689;2.004
Case 38286;3;70;54.64;0.1688;2.006
Case 38287;3;70;54.61;0.1687;2.008
Case 38288;3;70;54.57;0.1686;2.009
Case 38289;3;70;54.54;0.1685;2.011
Case 38290;3;70;54.5;0.1684;2.013
Case 38291;3;70;54.48;0.1683;2.014
Case 38292;3;70;54.44;0.1682;2.016
Case 38293;3;70;54.41;0.1681;2.017
Case 38294;3;70;54.37;0.168;2.019
Case 38295;3;70;54.34;0.1679;2.021
Case 38296;3;70;54.3;0.1678;2.022
Case 38297;3;70;54.27;0.1677;2.024
Case 38298;3;70;54.23;0.1676;2.026
Case 38299;3;70;54.21;0.1675;2.027
Case 38300;3;70;54.17;0.1674;2.029
Case 38301;3;70;54.14;0.1673;2.03
Case 38302;3;70;54.1;0.1672;2.032
Case 38303;3;70;54.07;0.1671;2.034
Case 38304;3;70;54.03;0.167;2.035
Case 38305;3;70;54;0.1669;2.037
Case 38306;3;70;53.97;0.1668;2.038
Case 38307;3;70;53.94;0.1667;2.04
Case 38308;3;70;53.9;0.1666;2.042
Case 38309;3;70;53.87;0.1665;2.043
Case 38310;3;70;53.83;0.1664;2.045
Case 38311;3;70;53.8;0.1663;2.046
Case 38312;3;70;53.77;0.1662;2.048
Case 38313;3;70;53.74;0.1661;2.049
Case 38314;3;70;53.7;0.166;2.051
Case 38315;3;70;53.67;0.1659;2.053
Case 38316;3;70;53.63;0.1658;2.054
Case 38317;3;70;53.61;0.1657;2.056
Case 38318;3;70;53.57;0.1656;2.057
Case 38319;3;70;53.54;0.1655;2.059
Case 38320;3;70;53.5;0.1654;2.06
Case 38321;3;70;53.47;0.1653;2.062
Case 38322;3;70;53.44;0.1652;2.063
Case 38323;3;70;53.41;0.1651;2.065
Case 38324;3;70;53.37;0.165;2.067
Case 38325;3;70;53.34;0.1649;2.068
Case 38326;3;70;53.3;0.1648;2.07
Case 38327;3;70;53.28;0.1647;2.071
Case 38328;3;70;53.25;0.1646;2.073
Case 38329;3;70;53.21;0.1645;2.074
Case 38330;3;70;53.18;0.1644;2.076
Case 38331;3;70;53.15;0.1643;2.077
Case 38332;3;70;53.12;0.1642;2.079
Case 38333;3;70;53.08;0.1641;2.08
Case 38334;3;70;53.05;0.164;2.082
Case 38335;3;70;53.01;0.1639;2.083
Case 38336;3;70;52.99;0.1638;2.085
Case 38337;3;70;52.95;0.1637;2.086
Case 38338;3;70;52.92;0.1636;2.088
Case 38339;3;70;52.88;0.1635;2.089
Case 38340;3;70;52.86;0.1634;2.091
Case 38341;3;70;52.82;0.1633;2.092
Case 38342;3;70;52.79;0.1632;2.094
Case 38343;3;70;52.75;0.1631;2.095
Case 38344;3;70;52.73;0.163;2.097
Case 38345;3;70;52.69;0.1629;2.098
Case 38346;3;70;52.66;0.1628;2.1
Case 38347;3;70;52.63;0.1627;2.101
Case 38348;3;70;52.6;0.1626;2.103
Case 38349;3;70;52.56;0.1625;2.104
Case 38350;3;70;52.53;0.1624;2.106
Case 38351;3;70;52.5;0.1623;2.107
Case 38352;3;70;52.47;0.1622;2.109
Case 38353;3;70;52.43;0.1621;2.11
Case 38354;3;70;52.4;0.162;2.112
Case 38355;3;70;52.37;0.1619;2.113
Case 38356;3;70;52.34;0.1618;2.115
Case 38357;3;70;52.3;0.1617;2.116
Case 38358;3;70;52.28;0.1616;2.118
Case 38359;3;70;52.24;0.1615;2.119
Case 38360;3;70;52.21;0.1614;2.12
Case 38361;3;70;52.17;0.1613;2.122
Case 38362;3;70;52.15;0.1612;2.123
Case 38363;3;70;52.11;0.1611;2.125
Case 38364;3;70;52.08;0.161;2.126
Case 38365;3;70;52.05;0.1609;2.128
Case 38366;3;70;52.02;0.1608;2.129
Case 38367;3;70;51.98;0.1607;2.131
Case 38368;3;70;51.95;0.1606;2.132
Case 38369;3;70;51.92;0.1605;2.133
Case 38370;3;70;51.89;0.1604;2.135
Case 38371;3;70;51.86;0.1603;2.136
Case 38372;3;70;51.83;0.1602;2.138
Case 38373;3;70;51.8;0.1601;2.139
Case 38374;3;70;51.76;0.16;2.141
Case 38375;3;70;51.74;0.1599;2.142
Case 38376;3;70;51.7;0.1598;2.143
Case 38377;3;70;51.67;0.1597;2.145
Case 38378;3;70;51.64;0.1596;2.146
Case 38379;3;70;51.61;0.1595;2.148
Case 38380;3;70;51.57;0.1594;2.149
Case 38381;3;70;51.54;0.1593;2.15
Case 38382;3;70;51.51;0.1592;2.152
Case 38383;3;70;51.48;0.1591;2.153
Case 38384;3;70;51.44;0.159;2.155
Case 38385;3;70;51.42;0.1589;2.156
Case 38386;3;70;51.38;0.1588;2.157
Case 38387;3;70;51.35;0.1587;2.159
Case 38388;3;70;51.32;0.1586;2.16
Case 38389;3;70;51.29;0.1585;2.162
Case 38390;3;70;51.25;0.1584;2.163
Case 38391;3;70;51.23;0.1583;2.164
Case 38392;3;70;51.19;0.1582;2.166
Case 38393;3;70;51.16;0.1581;2.167
Case 38394;3;70;51.13;0.158;2.168
Case 38395;3;70;51.1;0.1579;2.17
Case 38396;3;70;51.06;0.1578;2.171
Case 38397;3;70;51.04;0.1577;2.173
Case 38398;3;70;51;0.1576;2.174
Case 38399;3;70;50.97;0.1575;2.175
Case 38400;3;70;50.94;0.1574;2.177
Case 38401;3;70;50.91;0.1573;2.178
Case 38402;3;70;50.87;0.1572;2.179
Case 38403;3;70;50.85;0.1571;2.181
Case 38404;3;70;50.81;0.157;2.182
Case 38405;3;70;50.78;0.1569;2.183
Case 38406;3;70;50.75;0.1568;2.185
Case 38407;3;70;50.72;0.1567;2.186
Case 38408;3;70;50.68;0.1566;2.187
Case 38409;3;70;50.66;0.1565;2.189
Case 38410;3;70;50.62;0.1564;2.19
Case 38411;3;70;50.59;0.1563;2.191
Case 38412;3;70;50.56;0.1562;2.193
Case 38413;3;70;50.53;0.1561;2.194
Case 38414;3;70;50.5;0.156;2.195
Case 38415;3;70;50.47;0.1559;2.197
Case 38416;3;70;50.44;0.1558;2.198
Case 38417;3;70;50.4;0.1557;2.199
Case 38418;3;70;50.38;0.1556;2.201
Case 38419;3;70;50.34;0.1555;2.202
Case 38420;3;70;50.31;0.1554;2.203
Case 38421;3;70;50.28;0.1553;2.205
Case 38422;3;70;50.25;0.1552;2.206
Case 38423;3;70;50.21;0.1551;2.207
Case 38424;3;70;50.19;0.155;2.209
Case 38425;3;70;50.15;0.1549;2.21
Case 38426;3;70;50.12;0.1548;2.211
Case 38427;3;70;50.09;0.1547;2.213
Case 38428;3;70;50.06;0.1546;2.214
Case 38429;3;70;50.02;0.1545;2.215
Case 38430;3;70;50;0.1544;2.217
Case 38431;3;70;49.96;0.1543;2.218
Case 38432;3;70;49.94;0.1542;2.219
Case 38433;3;70;49.9;0.1541;2.22
Case 38434;3;70;49.88;0.154;2.222
Case 38435;3;70;49.85;0.1539;2.223
Case 38436;3;70;49.82;0.1538;2.224
Case 38437;3;70;49.79;0.1537;2.226
Case 38438;3;70;49.76;0.1536;2.227
Case 38439;3;70;49.73;0.1535;2.228
Case 38440;3;70;49.71;0.1534;2.229
Case 38441;3;70;49.67;0.1533;2.231
Case 38442;3;70;49.65;0.1532;2.232
Case 38443;3;70;49.62;0.1531;2.233
Case 38444;3;70;49.59;0.153;2.235
Case 38445;3;70;49.56;0.1529;2.236
Case 38446;3;70;49.53;0.1528;2.237
Case 38447;3;70;49.5;0.1527;2.238
Case 38448;3;70;49.48;0.1526;2.24
Case 38449;3;70;49.44;0.1525;2.241
Case 38450;3;70;49.42;0.1524;2.242
Case 38451;3;70;49.39;0.1523;2.243
Case 38452;3;70;49.36;0.1522;2.245
Case 38453;3;70;49.34;0.1521;2.246
Case 38454;3;70;49.31;0.152;2.247
Case 38455;3;70;49.28;0.1519;2.248
Case 38456;3;70;49.25;0.1518;2.25
Case 38457;3;70;49.23;0.1517;2.251
Case 38458;3;70;49.19;0.1516;2.252
Case 38459;3;70;49.17;0.1515;2.253
Case 38460;3;70;49.14;0.1514;2.255
Case 38461;3;70;49.11;0.1513;2.256
Case 38462;3;70;49.08;0.1512;2.257
Case 38463;3;70;49.06;0.1511;2.258
Case 38464;3;70;49.02;0.151;2.26
Case 38465;3;70;49;0.1509;2.261
Case 38466;3;70;48.97;0.1508;2.262
Case 38467;3;70;48.94;0.1507;2.263
Case 38468;3;70;48.91;0.1506;2.265
Case 38469;3;70;48.89;0.1505;2.266
Case 38470;3;70;48.85;0.1504;2.267
Case 38471;3;70;48.83;0.1503;2.268
Case 38472;3;70;48.8;0.1502;2.269
Case 38473;3;70;48.77;0.1501;2.271
Case 38474;3;70;48.74;0.15;2.272
Case 38475;3;70;48.72;0.1499;2.273
Case 38476;3;70;48.68;0.1498;2.274
Case 38477;3;70;48.66;0.1497;2.275
Case 38478;3;70;48.63;0.1496;2.277
Case 38479;3;70;48.61;0.1495;2.278
Case 38480;3;70;48.57;0.1494;2.279
Case 38481;3;70;48.55;0.1493;2.28
Case 38482;3;70;48.52;0.1492;2.282
Case 38483;3;70;48.49;0.1491;2.283
Case 38484;3;70;48.46;0.149;2.284
Case 38485;3;70;48.44;0.1489;2.285
Case 38486;3;70;48.4;0.1488;2.286
Case 38487;3;70;48.38;0.1487;2.288
Case 38488;3;70;48.35;0.1486;2.289
Case 38489;3;70;48.33;0.1485;2.29
Case 38490;3;70;48.29;0.1484;2.291
Case 38491;3;70;48.27;0.1483;2.292
Case 38492;3;70;48.24;0.1482;2.293
Case 38493;3;70;48.21;0.1481;2.295
Case 38494;3;70;48.19;0.148;2.296
Case 38495;3;70;48.16;0.1479;2.297
Case 38496;3;70;48.13;0.1478;2.298
Case 38497;3;70;48.1;0.1477;2.299
Case 38498;3;70;48.08;0.1476;2.301
Case 38499;3;70;48.05;0.1475;2.302
Case 38500;3;70;48.02;0.1474;2.303
Case 38501;3;70;47.99;0.1473;2.304
Case 38502;3;70;47.97;0.1472;2.305
Case 38503;3;70;47.94;0.1471;2.306
Case 38504;3;70;47.91;0.147;2.308
Case 38505;3;70;47.88;0.1469;2.309
Case 38506;3;70;47.86;0.1468;2.31
Case 38507;3;70;47.82;0.1467;2.311
Case 38508;3;70;47.8;0.1466;2.312
Case 38509;3;70;47.77;0.1465;2.313
Case 38510;3;70;47.75;0.1464;2.315
Case 38511;3;70;47.71;0.1463;2.316
Case 38512;3;70;47.69;0.1462;2.317
Case 38513;3;70;47.66;0.1461;2.318
Case 38514;3;70;47.64;0.146;2.319
Case 38515;3;70;47.6;0.1459;2.32
Case 38516;3;70;47.58;0.1458;2.321
Case 38517;3;70;47.55;0.1457;2.323
Case 38518;3;70;47.52;0.1456;2.324
Case 38519;3;70;47.49;0.1455;2.325
Case 38520;3;70;47.47;0.1454;2.326
Case 38521;3;70;47.44;0.1453;2.327
Case 38522;3;70;47.41;0.1452;2.328
Case 38523;3;70;47.38;0.1451;2.329
Case 38524;3;70;47.36;0.145;2.331
Case 38525;3;70;47.33;0.1449;2.332
Case 38526;3;70;47.3;0.1448;2.333
Case 38527;3;70;47.27;0.1447;2.334
Case 38528;3;70;47.25;0.1446;2.335
Case 38529;3;70;47.22;0.1445;2.336
Case 38530;3;70;47.19;0.1444;2.337
Case 38531;3;70;47.16;0.1443;2.338
Case 38532;3;70;47.14;0.1442;2.34
Case 38533;3;70;47.12;0.1441;2.341
Case 38534;3;70;47.08;0.144;2.342
Case 38535;3;70;47.06;0.1439;2.343
Case 38536;3;70;47.03;0.1438;2.344
Case 38537;3;70;47;0.1437;2.345
Case 38538;3;70;46.97;0.1436;2.346
Case 38539;3;70;46.95;0.1435;2.347
Case 38540;3;70;46.92;0.1434;2.348
Case 38541;3;70;46.89;0.1433;2.35
Case 38542;3;70;46.86;0.1432;2.351
Case 38543;3;70;46.84;0.1431;2.352
Case 38544;3;70;46.81;0.143;2.353
Case 38545;3;70;46.79;0.1429;2.354
Case 38546;3;70;46.75;0.1428;2.355
Case 38547;3;70;46.73;0.1427;2.356
Case 38548;3;70;46.7;0.1426;2.357
Case 38549;3;70;46.68;0.1425;2.358
Case 38550;3;70;46.64;0.1424;2.359
Case 38551;3;70;46.62;0.1423;2.361
Case 38552;3;70;46.59;0.1422;2.362
Case 38553;3;70;46.57;0.1421;2.363
Case 38554;3;70;46.53;0.142;2.364
Case 38555;3;70;46.51;0.1419;2.365
Case 38556;3;70;46.48;0.1418;2.366
Case 38557;3;70;46.46;0.1417;2.367
Case 38558;3;70;46.42;0.1416;2.368
Case 38559;3;70;46.4;0.1415;2.369
Case 38560;3;70;46.37;0.1414;2.37
Case 38561;3;70;46.35;0.1413;2.371
Case 38562;3;70;46.31;0.1412;2.372
Case 38563;3;70;46.29;0.1411;2.373
Case 38564;3;70;46.26;0.141;2.375
Case 38565;3;70;46.24;0.1409;2.376
Case 38566;3;70;46.2;0.1408;2.377
Case 38567;3;70;46.18;0.1407;2.378
Case 38568;3;70;46.15;0.1406;2.379
Case 38569;3;70;46.13;0.1405;2.38
Case 38570;3;70;46.09;0.1404;2.381
Case 38571;3;70;46.07;0.1403;2.382
Case 38572;3;70;46.05;0.1402;2.383
Case 38573;3;70;46.02;0.1401;2.384
Case 38574;3;70;45.99;0.14;2.385
Case 38575;3;70;45.96;0.1399;2.386
Case 38576;3;70;45.94;0.1398;2.387
Case 38577;3;70;45.91;0.1397;2.388
Case 38578;3;70;45.89;0.1396;2.389
Case 38579;3;70;45.85;0.1395;2.39
Case 38580;3;70;45.83;0.1394;2.391
Case 38581;3;70;45.8;0.1393;2.393
Case 38582;3;70;45.78;0.1392;2.394
Case 38583;3;70;45.74;0.1391;2.395
Case 38584;3;70;45.72;0.139;2.396
Case 38585;3;70;45.69;0.1389;2.397
Case 38586;3;70;45.67;0.1388;2.398
Case 38587;3;70;45.63;0.1387;2.399
Case 38588;3;70;45.61;0.1386;2.4
Case 38589;3;70;45.58;0.1385;2.401
Case 38590;3;70;45.56;0.1384;2.402
Case 38591;3;70;45.52;0.1383;2.403
Case 38592;3;70;45.5;0.1382;2.404
Case 38593;3;70;45.47;0.1381;2.405
Case 38594;3;70;45.45;0.138;2.406
Case 38595;3;70;45.41;0.1379;2.407
Case 38596;3;70;45.39;0.1378;2.408
Case 38597;3;70;45.36;0.1377;2.409
Case 38598;3;70;45.34;0.1376;2.41
Case 38599;3;70;45.31;0.1375;2.411
Case 38600;3;70;45.28;0.1374;2.412
Case 38601;3;70;45.25;0.1373;2.413
Case 38602;3;70;45.23;0.1372;2.414
Case 38603;3;70;45.2;0.1371;2.415
Case 38604;3;70;45.17;0.137;2.416
Case 38605;3;70;45.14;0.1369;2.417
Case 38606;3;70;45.12;0.1368;2.418
Case 38607;3;70;45.1;0.1367;2.419
Case 38608;3;70;45.06;0.1366;2.42
Case 38609;3;70;45.04;0.1365;2.421
Case 38610;3;70;45.01;0.1364;2.422
Case 38611;3;70;44.99;0.1363;2.423
Case 38612;3;70;44.95;0.1362;2.424
Case 38613;3;70;44.93;0.1361;2.425
Case 38614;3;70;44.9;0.136;2.426
Case 38615;3;70;44.88;0.1359;2.427
Case 38616;3;70;44.84;0.1358;2.428
Case 38617;3;70;44.82;0.1357;2.429
Case 38618;3;70;44.79;0.1356;2.43
Case 38619;3;70;44.77;0.1355;2.431
Case 38620;3;70;44.73;0.1354;2.432
Case 38621;3;70;44.71;0.1353;2.433
Case 38622;3;70;44.68;0.1352;2.434
Case 38623;3;70;44.66;0.1351;2.435
Case 38624;3;70;44.62;0.135;2.436
Case 38625;3;70;44.6;0.1349;2.437
Case 38626;3;70;44.57;0.1348;2.438
Case 38627;3;70;44.55;0.1347;2.439
Case 38628;3;70;44.51;0.1346;2.44
Case 38629;3;70;44.49;0.1345;2.441
Case 38630;3;70;44.46;0.1344;2.442
Case 38631;3;70;44.44;0.1343;2.443
Case 38632;3;70;44.4;0.1342;2.444
Case 38633;3;70;44.38;0.1341;2.445
Case 38634;3;70;44.35;0.134;2.446
Case 38635;3;70;44.33;0.1339;2.447
Case 38636;3;70;44.29;0.1338;2.448
Case 38637;3;70;44.27;0.1337;2.449
Case 38638;3;70;44.24;0.1336;2.45
Case 38639;3;70;44.22;0.1335;2.451
Case 38640;3;70;44.19;0.1334;2.452
Case 38641;3;70;44.16;0.1333;2.453
Case 38642;3;70;44.13;0.1332;2.454
Case 38643;3;70;44.11;0.1331;2.455
Case 38644;3;70;44.07;0.133;2.456
Case 38645;3;70;44.05;0.1329;2.457
Case 38646;3;70;44.03;0.1328;2.458
Case 38647;3;70;44;0.1327;2.459
Case 38648;3;70;43.97;0.1326;2.459
Case 38649;3;70;43.94;0.1325;2.46
Case 38650;3;70;43.92;0.1324;2.461
Case 38651;3;70;43.89;0.1323;2.462
Case 38652;3;70;43.86;0.1322;2.463
Case 38653;3;70;43.83;0.1321;2.464
Case 38654;3;70;43.81;0.132;2.465
Case 38655;3;70;43.78;0.1319;2.466
Case 38656;3;70;43.75;0.1318;2.467
Case 38657;3;70;43.72;0.1317;2.468
Case 38658;3;70;43.7;0.1316;2.469
Case 38659;3;70;43.67;0.1315;2.47
Case 38660;3;70;43.64;0.1314;2.471
Case 38661;3;70;43.61;0.1313;2.472
Case 38662;3;70;43.59;0.1312;2.473
Case 38663;3;70;43.55;0.1311;2.474
Case 38664;3;70;43.53;0.131;2.475
Case 38665;3;70;43.5;0.1309;2.476
Case 38666;3;70;43.48;0.1308;2.476
Case 38667;3;70;43.44;0.1307;2.477
Case 38668;3;70;43.42;0.1306;2.478
Case 38669;3;70;43.39;0.1305;2.479
Case 38670;3;70;43.36;0.1304;2.48
Case 38671;3;70;43.33;0.1303;2.481
Case 38672;3;70;43.31;0.1302;2.482
Case 38673;3;70;43.28;0.1301;2.483
Case 38674;3;70;43.25;0.13;2.484
Case 38675;3;70;43.22;0.1299;2.485
Case 38676;3;70;43.2;0.1298;2.486
Case 38677;3;70;43.17;0.1297;2.487
Case 38678;3;70;43.14;0.1296;2.488
Case 38679;3;70;43.12;0.1295;2.488
Case 38680;3;70;43.09;0.1294;2.489
Case 38681;3;70;43.06;0.1293;2.49
Case 38682;3;70;43.03;0.1292;2.491
Case 38683;3;70;43.01;0.1291;2.492
Case 38684;3;70;42.97;0.129;2.493
Case 38685;3;70;42.95;0.1289;2.494
Case 38686;3;70;42.92;0.1288;2.495
Case 38687;3;70;42.9;0.1287;2.496
Case 38688;3;70;42.86;0.1286;2.497
Case 38689;3;70;42.84;0.1285;2.498
Case 38690;3;70;42.81;0.1284;2.498
Case 38691;3;70;42.78;0.1283;2.499
Case 38692;3;70;42.75;0.1282;2.5
Case 38693;3;70;42.73;0.1281;2.501
Case 38694;3;70;42.69;0.128;2.502
Case 38695;3;70;42.67;0.1279;2.503
Case 38696;3;70;42.64;0.1278;2.504
Case 38697;3;70;42.62;0.1277;2.505
Case 38698;3;70;42.58;0.1276;2.506
Case 38699;3;70;42.56;0.1275;2.507
Case 38700;3;70;42.53;0.1274;2.507
Case 38701;3;70;42.5;0.1273;2.508
Case 38702;3;70;42.47;0.1272;2.509
Case 38703;3;70;42.45;0.1271;2.51
Case 38704;3;70;42.41;0.127;2.511
Case 38705;3;70;42.39;0.1269;2.512
Case 38706;3;70;42.36;0.1268;2.513
Case 38707;3;70;42.33;0.1267;2.514
Case 38708;3;70;42.31;0.1266;2.515
Case 38709;3;70;42.28;0.1265;2.515
Case 38710;3;70;42.25;0.1264;2.516
Case 38711;3;70;42.22;0.1263;2.517
Case 38712;3;70;42.2;0.1262;2.518
Case 38713;3;70;42.16;0.1261;2.519
Case 38714;3;70;42.14;0.126;2.52
Case 38715;3;70;42.11;0.1259;2.521
Case 38716;3;70;42.08;0.1258;2.522
Case 38717;3;70;42.05;0.1257;2.522
Case 38718;3;70;42.03;0.1256;2.523
Case 38719;3;70;41.99;0.1255;2.524
Case 38720;3;70;41.97;0.1254;2.525
Case 38721;3;70;41.94;0.1253;2.526
Case 38722;3;70;41.91;0.1252;2.527
Case 38723;3;70;41.88;0.1251;2.528
Case 38724;3;70;41.86;0.125;2.528
Case 38725;3;70;41.82;0.1249;2.529
Case 38726;3;70;41.8;0.1248;2.53
Case 38727;3;70;41.76;0.1247;2.531
Case 38728;3;70;41.74;0.1246;2.532
Case 38729;3;70;41.71;0.1245;2.533
Case 38730;3;70;41.68;0.1244;2.534
Case 38731;3;70;41.65;0.1243;2.535
Case 38732;3;70;41.63;0.1242;2.535
Case 38733;3;70;41.59;0.1241;2.536
Case 38734;3;70;41.57;0.124;2.537
Case 38735;3;70;41.54;0.1239;2.538
Case 38736;3;70;41.51;0.1238;2.539
Case 38737;3;70;41.48;0.1237;2.54
Case 38738;3;70;41.45;0.1236;2.54
Case 38739;3;70;41.42;0.1235;2.541
Case 38740;3;70;41.4;0.1234;2.542
Case 38741;3;70;41.36;0.1233;2.543
Case 38742;3;70;41.34;0.1232;2.544
Case 38743;3;70;41.31;0.1231;2.545
Case 38744;3;70;41.28;0.123;2.546
Case 38745;3;70;41.25;0.1229;2.546
Case 38746;3;70;41.22;0.1228;2.547
Case 38747;3;70;41.19;0.1227;2.548
Case 38748;3;70;41.17;0.1226;2.549
Case 38749;3;70;41.13;0.1225;2.55
Case 38750;3;70;41.11;0.1224;2.551
Case 38751;3;70;41.08;0.1223;2.551
Case 38752;3;70;41.05;0.1222;2.552
Case 38753;3;70;41.03;0.1221;2.553
Case 38754;3;70;40.99;0.122;2.554
Case 38755;3;70;40.97;0.1219;2.555
Case 38756;3;70;40.93;0.1218;2.556
Case 38757;3;70;40.91;0.1217;2.556
Case 38758;3;70;40.87;0.1216;2.557
Case 38759;3;70;40.85;0.1215;2.558
Case 38760;3;70;40.82;0.1214;2.559
Case 38761;3;70;40.79;0.1213;2.56
Case 38762;3;70;40.76;0.1212;2.561
Case 38763;3;70;40.73;0.1211;2.561
Case 38764;3;70;40.7;0.121;2.562
Case 38765;3;70;40.67;0.1209;2.563
Case 38766;3;70;40.64;0.1208;2.564
Case 38767;3;70;40.62;0.1207;2.565
Case 38768;3;70;40.58;0.1206;2.565
Case 38769;3;70;40.56;0.1205;2.566
Case 38770;3;70;40.52;0.1204;2.567
Case 38771;3;70;40.5;0.1203;2.568
Case 38772;3;70;40.46;0.1202;2.569
Case 38773;3;70;40.44;0.1201;2.569
Case 38774;3;70;40.4;0.12;2.57
Case 38775;3;70;40.38;0.1199;2.571
Case 38776;3;70;40.34;0.1198;2.572
Case 38777;3;70;40.32;0.1197;2.573
Case 38778;3;70;40.29;0.1196;2.574
Case 38779;3;70;40.26;0.1195;2.574
Case 38780;3;70;40.23;0.1194;2.575
Case 38781;3;70;40.2;0.1193;2.576
Case 38782;3;70;40.17;0.1192;2.577
Case 38783;3;70;40.14;0.1191;2.578
Case 38784;3;70;40.11;0.119;2.578
Case 38785;3;70;40.08;0.1189;2.579
Case 38786;3;70;40.05;0.1188;2.58
Case 38787;3;70;40.02;0.1187;2.581
Case 38788;3;70;39.99;0.1186;2.582
Case 38789;3;70;39.96;0.1185;2.582
Case 38790;3;70;39.94;0.1184;2.583
Case 38791;3;70;39.91;0.1183;2.584
Case 38792;3;70;39.88;0.1182;2.585
Case 38793;3;70;39.85;0.1181;2.585
Case 38794;3;70;39.83;0.118;2.586
Case 38795;3;70;39.8;0.1179;2.587
Case 38796;3;70;39.77;0.1178;2.588
Case 38797;3;70;39.74;0.1177;2.589
Case 38798;3;70;39.72;0.1176;2.589
Case 38799;3;70;39.68;0.1175;2.59
Case 38800;3;70;39.66;0.1174;2.591
Case 38801;3;70;39.63;0.1173;2.592
Case 38802;3;70;39.61;0.1172;2.593
Case 38803;3;70;39.57;0.1171;2.593
Case 38804;3;70;39.55;0.117;2.594
Case 38805;3;70;39.52;0.1169;2.595
Case 38806;3;70;39.49;0.1168;2.596
Case 38807;3;70;39.46;0.1167;2.596
Case 38808;3;70;39.44;0.1166;2.597
Case 38809;3;70;39.41;0.1165;2.598
Case 38810;3;70;39.38;0.1164;2.599
Case 38811;3;70;39.36;0.1163;2.599
Case 38812;3;70;39.33;0.1162;2.6
Case 38813;3;70;39.3;0.1161;2.601
Case 38814;3;70;39.27;0.116;2.602
Case 38815;3;70;39.25;0.1159;2.603
Case 38816;3;70;39.21;0.1158;2.603
Case 38817;3;70;39.19;0.1157;2.604
Case 38818;3;70;39.16;0.1156;2.605
Case 38819;3;70;39.14;0.1155;2.606
Case 38820;3;70;39.1;0.1154;2.606
Case 38821;3;70;39.08;0.1153;2.607
Case 38822;3;70;39.05;0.1152;2.608
Case 38823;3;70;39.02;0.1151;2.609
Case 38824;3;70;38.99;0.115;2.609
Case 38825;3;70;38.97;0.1149;2.61
Case 38826;3;70;38.93;0.1148;2.611
Case 38827;3;70;38.91;0.1147;2.612
Case 38828;3;70;38.88;0.1146;2.612
Case 38829;3;70;38.85;0.1145;2.613
Case 38830;3;70;38.82;0.1144;2.614
Case 38831;3;70;38.8;0.1143;2.615
Case 38832;3;70;38.76;0.1142;2.615
Case 38833;3;70;38.74;0.1141;2.616
Case 38834;3;70;38.71;0.114;2.617
Case 38835;3;70;38.68;0.1139;2.618
Case 38836;3;70;38.66;0.1138;2.618
Case 38837;3;70;38.63;0.1137;2.619
Case 38838;3;70;38.6;0.1136;2.62
Case 38839;3;70;38.57;0.1135;2.621
Case 38840;3;70;38.55;0.1134;2.621
Case 38841;3;70;38.51;0.1133;2.622
Case 38842;3;70;38.49;0.1132;2.623
Case 38843;3;70;38.46;0.1131;2.624
Case 38844;3;70;38.43;0.113;2.624
Case 38845;3;70;38.4;0.1129;2.625
Case 38846;3;70;38.38;0.1128;2.626
Case 38847;3;70;38.34;0.1127;2.627
Case 38848;3;70;38.32;0.1126;2.627
Case 38849;3;70;38.29;0.1125;2.628
Case 38850;3;70;38.26;0.1124;2.629
Case 38851;3;70;38.23;0.1123;2.63
Case 38852;3;70;38.21;0.1122;2.63
Case 38853;3;70;38.17;0.1121;2.631
Case 38854;3;70;38.15;0.112;2.632
Case 38855;3;70;38.12;0.1119;2.632
Case 38856;3;70;38.09;0.1118;2.633
Case 38857;3;70;38.06;0.1117;2.634
Case 38858;3;70;38.04;0.1116;2.635
Case 38859;3;70;38.01;0.1115;2.635
Case 38860;3;70;37.98;0.1114;2.636
Case 38861;3;70;37.95;0.1113;2.637
Case 38862;3;70;37.92;0.1112;2.638
Case 38863;3;70;37.9;0.1111;2.638
Case 38864;3;70;37.86;0.111;2.639
Case 38865;3;70;37.84;0.1109;2.64
Case 38866;3;70;37.81;0.1108;2.64
Case 38867;3;70;37.78;0.1107;2.641
Case 38868;3;70;37.75;0.1106;2.642
Case 38869;3;70;37.73;0.1105;2.643
Case 38870;3;70;37.69;0.1104;2.643
Case 38871;3;70;37.67;0.1103;2.644
Case 38872;3;70;37.63;0.1102;2.645
Case 38873;3;70;37.61;0.1101;2.645
Case 38874;3;70;37.58;0.11;2.646
Case 38875;3;70;37.55;0.1099;2.647
Case 38876;3;70;37.52;0.1098;2.648
Case 38877;3;70;37.49;0.1097;2.648
Case 38878;3;70;37.46;0.1096;2.649
Case 38879;3;70;37.44;0.1095;2.65
Case 38880;3;70;37.4;0.1094;2.65
Case 38881;3;70;37.38;0.1093;2.651
Case 38882;3;70;37.34;0.1092;2.652
Case 38883;3;70;37.32;0.1091;2.652
Case 38884;3;70;37.3;0.109;2.653
Case 38885;3;70;37.26;0.1089;2.654
Case 38886;3;70;37.24;0.1088;2.655
Case 38887;3;70;37.2;0.1087;2.655
Case 38888;3;70;37.18;0.1086;2.656
Case 38889;3;70;37.14;0.1085;2.657
Case 38890;3;70;37.12;0.1084;2.657
Case 38891;3;70;37.09;0.1083;2.658
Case 38892;3;70;37.06;0.1082;2.659
Case 38893;3;70;37.03;0.1081;2.659
Case 38894;3;70;37;0.108;2.66
Case 38895;3;70;36.97;0.1079;2.661
Case 38896;3;70;36.95;0.1078;2.661
Case 38897;3;70;36.91;0.1077;2.662
Case 38898;3;70;36.89;0.1076;2.663
Case 38899;3;70;36.85;0.1075;2.664
Case 38900;3;70;36.83;0.1074;2.664
Case 38901;3;70;36.79;0.1073;2.665
Case 38902;3;70;36.77;0.1072;2.666
Case 38903;3;70;36.74;0.1071;2.666
Case 38904;3;70;36.71;0.107;2.667
Case 38905;3;70;36.68;0.1069;2.668
Case 38906;3;70;36.65;0.1068;2.668
Case 38907;3;70;36.63;0.1067;2.669
Case 38908;3;70;36.59;0.1066;2.67
Case 38909;3;70;36.57;0.1065;2.67
Case 38910;3;70;36.53;0.1064;2.671
Case 38911;3;70;36.51;0.1063;2.672
Case 38912;3;70;36.47;0.1062;2.672
Case 38913;3;70;36.45;0.1061;2.673
Case 38914;3;70;36.42;0.106;2.674
Case 38915;3;70;36.39;0.1059;2.674
Case 38916;3;70;36.36;0.1058;2.675
Case 38917;3;70;36.33;0.1057;2.676
Case 38918;3;70;36.3;0.1056;2.676
Case 38919;3;70;36.27;0.1055;2.677
Case 38920;3;70;36.24;0.1054;2.678
Case 38921;3;70;36.21;0.1053;2.678
Case 38922;3;70;36.18;0.1052;2.679
Case 38923;3;70;36.15;0.1051;2.68
Case 38924;3;70;36.12;0.105;2.68
Case 38925;3;70;36.09;0.1049;2.681
Case 38926;3;70;36.06;0.1048;2.682
Case 38927;3;70;36.03;0.1047;2.682
Case 38928;3;70;36;0.1046;2.683
Case 38929;3;70;35.97;0.1045;2.684
Case 38930;3;70;35.94;0.1044;2.684
Case 38931;3;70;35.91;0.1043;2.685
Case 38932;3;70;35.89;0.1042;2.686
Case 38933;3;70;35.85;0.1041;2.686
Case 38934;3;70;35.83;0.104;2.687
Case 38935;3;70;35.79;0.1039;2.688
Case 38936;3;70;35.77;0.1038;2.688
Case 38937;3;70;35.73;0.1037;2.689
Case 38938;3;70;35.71;0.1036;2.69
Case 38939;3;70;35.67;0.1035;2.69
Case 38940;3;70;35.65;0.1034;2.691
Case 38941;3;70;35.61;0.1033;2.692
Case 38942;3;70;35.58;0.1032;2.692
Case 38943;3;70;35.55;0.1031;2.693
Case 38944;3;70;35.52;0.103;2.694
Case 38945;3;70;35.49;0.1029;2.694
Case 38946;3;70;35.46;0.1028;2.695
Case 38947;3;70;35.43;0.1027;2.695
Case 38948;3;70;35.4;0.1026;2.696
Case 38949;3;70;35.37;0.1025;2.697
Case 38950;3;70;35.34;0.1024;2.697
Case 38951;3;70;35.31;0.1023;2.698
Case 38952;3;70;35.28;0.1022;2.699
Case 38953;3;70;35.24;0.1021;2.699
Case 38954;3;70;35.22;0.102;2.7
Case 38955;3;70;35.18;0.1019;2.701
Case 38956;3;70;35.16;0.1018;2.701
Case 38957;3;70;35.12;0.1017;2.702
Case 38958;3;70;35.1;0.1016;2.703
Case 38959;3;70;35.06;0.1015;2.703
Case 38960;3;70;35.03;0.1014;2.704
Case 38961;3;70;35;0.1013;2.704
Case 38962;3;70;34.97;0.1012;2.705
Case 38963;3;70;34.95;0.1011;2.706
Case 38964;3;70;34.91;0.101;2.706
Case 38965;3;70;34.88;0.1009;2.707
Case 38966;3;70;34.85;0.1008;2.708
Case 38967;3;70;34.82;0.1007;2.708
Case 38968;3;70;34.79;0.1006;2.709
Case 38969;3;70;34.76;0.1005;2.709
Case 38970;3;70;34.72;0.1004;2.71
Case 38971;3;70;34.7;0.1003;2.711
Case 38972;3;70;34.66;0.1002;2.711
Case 38973;3;70;34.63;0.1001;2.712
Case 38974;3;70;34.6;0.1;2.713
Case 38975;3;70;34.57;0.0999;2.713
Case 38976;3;70;34.54;0.0998;2.714
Case 38977;3;70;34.51;0.0997;2.714
Case 38978;3;70;34.47;0.0996;2.715
Case 38979;3;70;34.45;0.0995;2.716
Case 38980;3;70;34.41;0.0994;2.716
Case 38981;3;70;34.38;0.0993;2.717
Case 38982;3;70;34.35;0.0992;2.718
Case 38983;3;70;34.32;0.0991;2.718
Case 38984;3;70;34.28;0.099;2.719
Case 38985;3;70;34.26;0.0989;2.719
Case 38986;3;70;34.23;0.0988;2.72
Case 38987;3;70;34.19;0.0987;2.721
Case 38988;3;70;34.16;0.0986;2.721
Case 38989;3;70;34.13;0.0985;2.722
Case 38990;3;70;34.1;0.0984;2.722
Case 38991;3;70;34.06;0.0983;2.723
Case 38992;3;70;34.04;0.0982;2.724
Case 38993;3;70;34;0.0981;2.724
Case 38994;3;70;33.97;0.098;2.725
Case 38995;3;70;33.94;0.0979;2.725
Case 38996;3;70;33.91;0.0978;2.726
Case 38997;3;70;33.87;0.0977;2.727
Case 38998;3;70;33.84;0.0976;2.727
Case 38999;3;70;33.81;0.0975;2.728
Case 39000;3;70;33.78;0.0974;2.728
Case 39001;3;70;33.74;0.0973;2.729
Case 39002;3;70;33.71;0.0972;2.73
Case 39003;3;70;33.68;0.0971;2.73
Case 39004;3;70;33.65;0.097;2.731
Case 39005;3;70;33.62;0.0969;2.731
Case 39006;3;70;33.58;0.0968;2.732
Case 39007;3;70;33.56;0.0967;2.733
Case 39008;3;70;33.52;0.0966;2.733
Case 39009;3;70;33.49;0.0965;2.734
Case 39010;3;70;33.45;0.0964;2.734
Case 39011;3;70;33.43;0.0963;2.735
Case 39012;3;70;33.39;0.0962;2.736
Case 39013;3;70;33.36;0.0961;2.736
Case 39014;3;70;33.32;0.096;2.737
Case 39015;3;70;33.29;0.0959;2.737
Case 39016;3;70;33.26;0.0958;2.738
Case 39017;3;70;33.23;0.0957;2.739
Case 39018;3;70;33.19;0.0956;2.739
Case 39019;3;70;33.16;0.0955;2.74
Case 39020;3;70;33.12;0.0954;2.74
Case 39021;3;70;33.09;0.0953;2.741
Case 39022;3;70;33.06;0.0952;2.741
Case 39023;3;70;33.03;0.0951;2.742
Case 39024;3;70;33;0.095;2.743
Case 39025;3;70;32.96;0.0949;2.743
Case 39026;3;70;32.93;0.0948;2.744
Case 39027;3;70;32.89;0.0947;2.744
Case 39028;3;70;32.87;0.0946;2.745
Case 39029;3;70;32.83;0.0945;2.746
Case 39030;3;70;32.8;0.0944;2.746
Case 39031;3;70;32.76;0.0943;2.747
Case 39032;3;70;32.73;0.0942;2.747
Case 39033;3;70;32.69;0.0941;2.748
Case 39034;3;70;32.66;0.094;2.748
Case 39035;3;70;32.62;0.0939;2.749
Case 39036;3;70;32.59;0.0938;2.75
Case 39037;3;70;32.56;0.0937;2.75
Case 39038;3;70;32.53;0.0936;2.751
Case 39039;3;70;32.49;0.0935;2.751
Case 39040;3;70;32.46;0.0934;2.752
Case 39041;3;70;32.42;0.0933;2.752
Case 39042;3;70;32.39;0.0932;2.753
Case 39043;3;70;32.36;0.0931;2.754
Case 39044;3;70;32.32;0.093;2.754
Case 39045;3;70;32.29;0.0929;2.755
Case 39046;3;70;32.25;0.0928;2.755
Case 39047;3;70;32.22;0.0927;2.756
Case 39048;3;70;32.18;0.0926;2.756
Case 39049;3;70;32.15;0.0925;2.757
Case 39050;3;70;32.11;0.0924;2.757
Case 39051;3;70;32.08;0.0923;2.758
Case 39052;3;70;32.04;0.0922;2.759
Case 39053;3;70;32.01;0.0921;2.759
Case 39054;3;70;31.97;0.092;2.76
Case 39055;3;70;31.94;0.0919;2.76
Case 39056;3;70;31.9;0.0918;2.761
Case 39057;3;70;31.87;0.0917;2.761
Case 39058;3;70;31.83;0.0916;2.762
Case 39059;3;70;31.8;0.0915;2.762
Case 39060;3;70;31.77;0.0914;2.763
Case 39061;3;70;31.73;0.0913;2.764
Case 39062;3;70;31.7;0.0912;2.764
Case 39063;3;70;31.66;0.0911;2.765
Case 39064;3;70;31.63;0.091;2.765
Case 39065;3;70;31.59;0.0909;2.766
Case 39066;3;70;31.56;0.0908;2.766
Case 39067;3;70;31.52;0.0907;2.767
Case 39068;3;70;31.49;0.0906;2.767
Case 39069;3;70;31.45;0.0905;2.768
Case 39070;3;70;31.42;0.0904;2.769
Case 39071;3;70;31.37;0.0903;2.769
Case 39072;3;70;31.34;0.0902;2.77
Case 39073;3;70;31.3;0.0901;2.77
Case 39074;3;70;31.27;0.09;2.771
Case 39075;3;70;31.23;0.0899;2.771
Case 39076;3;70;31.2;0.0898;2.772
Case 39077;3;70;31.16;0.0897;2.772
Case 39078;3;70;31.13;0.0896;2.773
Case 39079;3;70;31.09;0.0895;2.773
Case 39080;3;70;31.05;0.0894;2.774
Case 39081;3;70;31.02;0.0893;2.774
Case 39082;3;70;30.98;0.0892;2.775
Case 39083;3;70;30.95;0.0891;2.776
Case 39084;3;70;30.9;0.089;2.776
Case 39085;3;70;30.87;0.0889;2.777
Case 39086;3;70;30.83;0.0888;2.777
Case 39087;3;70;30.8;0.0887;2.778
Case 39088;3;70;30.76;0.0886;2.778
Case 39089;3;70;30.72;0.0885;2.779
Case 39090;3;70;30.68;0.0884;2.779
Case 39091;3;70;30.65;0.0883;2.78
Case 39092;3;70;30.61;0.0882;2.78
Case 39093;3;70;30.57;0.0881;2.781
Case 39094;3;70;30.53;0.088;2.781
Case 39095;3;70;30.5;0.0879;2.782
Case 39096;3;70;30.47;0.0878;2.782
Case 39097;3;70;30.42;0.0877;2.783
Case 39098;3;70;30.39;0.0876;2.783
Case 39099;3;70;30.35;0.0875;2.784
Case 39100;3;70;30.31;0.0874;2.785
Case 39101;3;70;30.27;0.0873;2.785
Case 39102;3;70;30.24;0.0872;2.786
Case 39103;3;70;30.19;0.0871;2.786
Case 39104;3;70;30.16;0.087;2.787
Case 39105;3;70;30.12;0.0869;2.787
Case 39106;3;70;30.08;0.0868;2.788
Case 39107;3;70;30.04;0.0867;2.788
Case 39108;3;70;30;0.0866;2.789
Case 39109;3;70;29.96;0.0865;2.789
Case 39110;3;70;29.94;0.0864;2.79
Case 39111;3;70;29.91;0.0863;2.79
Case 39112;3;70;29.87;0.0862;2.791
Case 39113;3;70;29.84;0.0861;2.791
Case 39114;3;70;29.8;0.086;2.792
Case 39115;3;70;29.77;0.0859;2.792
Case 39116;3;70;29.73;0.0858;2.793
Case 39117;3;70;29.7;0.0857;2.793
Case 39118;3;70;29.66;0.0856;2.794
Case 39119;3;70;29.64;0.0855;2.794
Case 39120;3;70;29.6;0.0854;2.795
Case 39121;3;70;29.57;0.0853;2.795
Case 39122;3;70;29.53;0.0852;2.796
Case 39123;3;70;29.5;0.0851;2.796
Case 39124;3;70;29.46;0.085;2.797
Case 39125;3;70;29.43;0.0849;2.797
Case 39126;3;70;29.4;0.0848;2.798
Case 39127;3;70;29.36;0.0847;2.798
Case 39128;3;70;29.33;0.0846;2.799
Case 39129;3;70;29.29;0.0845;2.799
Case 39130;3;70;29.27;0.0844;2.8
Case 39131;3;70;29.23;0.0843;2.8
Case 39132;3;70;29.2;0.0842;2.801
Case 39133;3;70;29.16;0.0841;2.801
Case 39134;3;70;29.13;0.084;2.802
Case 39135;3;70;29.09;0.0839;2.802
Case 39136;3;70;29.06;0.0838;2.803
Case 39137;3;70;29.02;0.0837;2.803
Case 39138;3;70;28.99;0.0836;2.804
Case 39139;3;70;28.95;0.0835;2.804
Case 39140;3;70;28.92;0.0834;2.805
Case 39141;3;70;28.89;0.0833;2.805
Case 39142;3;70;28.85;0.0832;2.806
Case 39143;3;70;28.82;0.0831;2.806
Case 39144;3;70;28.78;0.083;2.807
Case 39145;3;70;28.75;0.0829;2.807
Case 39146;3;70;28.71;0.0828;2.808
Case 39147;3;70;28.69;0.0827;2.808
Case 39148;3;70;28.65;0.0826;2.809
Case 39149;3;70;28.62;0.0825;2.809
Case 39150;3;70;28.58;0.0824;2.81
Case 39151;3;70;28.55;0.0823;2.81
Case 39152;3;70;28.51;0.0822;2.811
Case 39153;3;70;28.48;0.0821;2.811
Case 39154;3;70;28.44;0.082;2.812
Case 39155;3;70;28.41;0.0819;2.812
Case 39156;3;70;28.38;0.0818;2.813
Case 39157;3;70;28.34;0.0817;2.813
Case 39158;3;70;28.31;0.0816;2.814
Case 39159;3;70;28.27;0.0815;2.814
Case 39160;3;70;28.24;0.0814;2.815
Case 39161;3;70;28.2;0.0813;2.815
Case 39162;3;70;28.17;0.0812;2.815
Case 39163;3;70;28.13;0.0811;2.816
Case 39164;3;70;28.1;0.081;2.816
Case 39165;3;70;28.06;0.0809;2.817
Case 39166;3;70;28.03;0.0808;2.817
Case 39167;3;70;27.99;0.0807;2.818
Case 39168;3;70;27.96;0.0806;2.818
Case 39169;3;70;27.91;0.0805;2.819
Case 39170;3;70;27.88;0.0804;2.819
Case 39171;3;70;27.85;0.0803;2.82
Case 39172;3;70;27.81;0.0802;2.82
Case 39173;3;70;27.78;0.0801;2.821
Case 39174;3;70;27.74;0.08;2.821
Case 39175;3;70;27.71;0.0799;2.822
Case 39176;3;70;27.67;0.0798;2.822
Case 39177;3;70;27.64;0.0797;2.823
Case 39178;3;70;27.6;0.0796;2.823
Case 39179;3;70;27.57;0.0795;2.823
Case 39180;3;70;27.53;0.0794;2.824
Case 39181;3;70;27.5;0.0793;2.824
Case 39182;3;70;27.46;0.0792;2.825
Case 39183;3;70;27.43;0.0791;2.825
Case 39184;3;70;27.39;0.079;2.826
Case 39185;3;70;27.36;0.0789;2.826
Case 39186;3;70;27.32;0.0788;2.827
Case 39187;3;70;27.28;0.0787;2.827
Case 39188;3;70;27.25;0.0786;2.828
Case 39189;3;70;27.21;0.0785;2.828
Case 39190;3;70;27.18;0.0784;2.829
Case 39191;3;70;27.14;0.0783;2.829
Case 39192;3;70;27.11;0.0782;2.829
Case 39193;3;70;27.07;0.0781;2.83
Case 39194;3;70;27.04;0.078;2.83
Case 39195;3;70;26.99;0.0779;2.831
Case 39196;3;70;26.96;0.0778;2.831
Case 39197;3;70;26.92;0.0777;2.832
Case 39198;3;70;26.89;0.0776;2.832
Case 39199;3;70;26.85;0.0775;2.833
Case 39200;3;70;26.82;0.0774;2.833
Case 39201;3;70;26.79;0.0773;2.834
Case 39202;3;70;26.74;0.0772;2.834
Case 39203;3;70;26.71;0.0771;2.834
Case 39204;3;70;26.67;0.077;2.835
Case 39205;3;70;26.64;0.0769;2.835
Case 39206;3;70;26.6;0.0768;2.836
Case 39207;3;70;26.57;0.0767;2.836
Case 39208;3;70;26.52;0.0766;2.837
Case 39209;3;70;26.49;0.0765;2.837
Case 39210;3;70;26.45;0.0764;2.838
Case 39211;3;70;26.42;0.0763;2.838
Case 39212;3;70;26.38;0.0762;2.838
Case 39213;3;70;26.35;0.0761;2.839
Case 39214;3;70;26.31;0.076;2.839
Case 39215;3;70;26.27;0.0759;2.84
Case 39216;3;70;26.24;0.0758;2.84
Case 39217;3;70;26.2;0.0757;2.841
Case 39218;3;70;26.17;0.0756;2.841
Case 39219;3;70;26.12;0.0755;2.842
Case 39220;3;70;26.09;0.0754;2.842
Case 39221;3;70;26.05;0.0753;2.842
Case 39222;3;70;26.02;0.0752;2.843
Case 39223;3;70;25.97;0.0751;2.843
Case 39224;3;70;25.94;0.075;2.844
Case 39225;3;70;25.9;0.0749;2.844
Case 39226;3;70;25.87;0.0748;2.845
Case 39227;3;70;25.83;0.0747;2.845
Case 39228;3;70;25.79;0.0746;2.845
Case 39229;3;70;25.76;0.0745;2.846
Case 39230;3;70;25.72;0.0744;2.846
Case 39231;3;70;25.68;0.0743;2.847
Case 39232;3;70;25.64;0.0742;2.847
Case 39233;3;70;25.61;0.0741;2.848
Case 39234;3;70;25.57;0.074;2.848
Case 39235;3;70;25.53;0.0739;2.848
Case 39236;3;70;25.49;0.0738;2.849
Case 39237;3;70;25.46;0.0737;2.849
Case 39238;3;70;25.41;0.0736;2.85
Case 39239;3;70;25.38;0.0735;2.85
Case 39240;3;70;25.35;0.0734;2.851
Case 39241;3;70;25.3;0.0733;2.851
Case 39242;3;70;25.27;0.0732;2.851
Case 39243;3;70;25.23;0.0731;2.852
Case 39244;3;70;25.2;0.073;2.852
Case 39245;3;70;25.15;0.0729;2.853
Case 39246;3;70;25.12;0.0728;2.853
Case 39247;3;70;25.08;0.0727;2.854
Case 39248;3;70;25.04;0.0726;2.854
Case 39249;3;70;25;0.0725;2.854
Case 39250;3;70;24.96;0.0724;2.855
Case 39251;3;70;24.93;0.0723;2.855
Case 39252;3;70;24.89;0.0722;2.856
Case 39253;3;70;24.85;0.0721;2.856
Case 39254;3;70;24.81;0.072;2.856
Case 39255;3;70;24.78;0.0719;2.857
Case 39256;3;70;24.73;0.0718;2.857
Case 39257;3;70;24.7;0.0717;2.858
Case 39258;3;70;24.65;0.0716;2.858
Case 39259;3;70;24.62;0.0715;2.859
Case 39260;3;70;24.58;0.0714;2.859
Case 39261;3;70;24.54;0.0713;2.859
Case 39262;3;70;24.5;0.0712;2.86
Case 39263;3;70;24.46;0.0711;2.86
Case 39264;3;70;24.43;0.071;2.861
Case 39265;3;70;24.38;0.0709;2.861
Case 39266;3;70;24.35;0.0708;2.861
Case 39267;3;70;24.31;0.0707;2.862
Case 39268;3;70;24.27;0.0706;2.862
Case 39269;3;70;24.23;0.0705;2.863
Case 39270;3;70;24.19;0.0704;2.863
Case 39271;3;70;24.15;0.0703;2.863
Case 39272;3;70;24.11;0.0702;2.864
Case 39273;3;70;24.07;0.0701;2.864
Case 39274;3;70;24.03;0.07;2.865
Case 39275;3;70;24;0.0699;2.865
Case 39276;3;70;23.95;0.0698;2.865
Case 39277;3;70;23.92;0.0697;2.866
Case 39278;3;70;23.87;0.0696;2.866
Case 39279;3;70;23.84;0.0695;2.867
Case 39280;3;70;23.79;0.0694;2.867
Case 39281;3;70;23.76;0.0693;2.867
Case 39282;3;70;23.71;0.0692;2.868
Case 39283;3;70;23.68;0.0691;2.868
Case 39284;3;70;23.63;0.069;2.869
Case 39285;3;70;23.6;0.0689;2.869
Case 39286;3;70;23.56;0.0688;2.869
Case 39287;3;70;23.52;0.0687;2.87
Case 39288;3;70;23.48;0.0686;2.87
Case 39289;3;70;23.43;0.0685;2.871
Case 39290;3;70;23.4;0.0684;2.871
Case 39291;3;70;23.35;0.0683;2.871
Case 39292;3;70;23.32;0.0682;2.872
Case 39293;3;70;23.27;0.0681;2.872
Case 39294;3;70;23.23;0.068;2.872
Case 39295;3;70;23.19;0.0679;2.873
Case 39296;3;70;23.15;0.0678;2.873
Case 39297;3;70;23.12;0.0677;2.874
Case 39298;3;70;23.07;0.0676;2.874
Case 39299;3;70;23.03;0.0675;2.874
Case 39300;3;70;22.99;0.0674;2.875
Case 39301;3;70;22.95;0.0673;2.875
Case 39302;3;70;22.9;0.0672;2.876
Case 39303;3;70;22.87;0.0671;2.876
Case 39304;3;70;22.82;0.067;2.876
Case 39305;3;70;22.78;0.0669;2.877
Case 39306;3;70;22.74;0.0668;2.877
Case 39307;3;70;22.7;0.0667;2.877
Case 39308;3;70;22.66;0.0666;2.878
Case 39309;3;70;22.62;0.0665;2.878
Case 39310;3;70;22.58;0.0664;2.879
Case 39311;3;70;22.53;0.0663;2.879
Case 39312;3;70;22.49;0.0662;2.879
Case 39313;3;70;22.45;0.0661;2.88
Case 39314;3;70;22.41;0.066;2.88
Case 39315;3;70;22.36;0.0659;2.88
Case 39316;3;70;22.33;0.0658;2.881
Case 39317;3;70;22.28;0.0657;2.881
Case 39318;3;70;22.24;0.0656;2.882
Case 39319;3;70;22.2;0.0655;2.882
Case 39320;3;70;22.15;0.0654;2.882
Case 39321;3;70;22.12;0.0653;2.883
Case 39322;3;70;22.07;0.0652;2.883
Case 39323;3;70;22.03;0.0651;2.883
Case 39324;3;70;21.98;0.065;2.884
Case 39325;3;70;21.94;0.0649;2.884
Case 39326;3;70;21.9;0.0648;2.885
Case 39327;3;70;21.86;0.0647;2.885
Case 39328;3;70;21.82;0.0646;2.885
Case 39329;3;70;21.77;0.0645;2.886
Case 39330;3;70;21.73;0.0644;2.886
Case 39331;3;70;21.68;0.0643;2.886
Case 39332;3;70;21.64;0.0642;2.887
Case 39333;3;70;21.6;0.0641;2.887
Case 39334;3;70;21.56;0.064;2.887
Case 39335;3;70;21.51;0.0639;2.888
Case 39336;3;70;21.47;0.0638;2.888
Case 39337;3;70;21.42;0.0637;2.889
Case 39338;3;70;21.38;0.0636;2.889
Case 39339;3;70;21.34;0.0635;2.889
Case 39340;3;70;21.29;0.0634;2.89
Case 39341;3;70;21.25;0.0633;2.89
Case 39342;3;70;21.2;0.0632;2.89
Case 39343;3;70;21.16;0.0631;2.891
Case 39344;3;70;21.11;0.063;2.891
Case 39345;3;70;21.07;0.0629;2.891
Case 39346;3;70;21.02;0.0628;2.892
Case 39347;3;70;20.98;0.0627;2.892
Case 39348;3;70;20.94;0.0626;2.892
Case 39349;3;70;20.89;0.0625;2.893
Case 39350;3;70;20.85;0.0624;2.893
Case 39351;3;70;20.8;0.0623;2.894
Case 39352;3;70;20.76;0.0622;2.894
Case 39353;3;70;20.71;0.0621;2.894
Case 39354;3;70;20.67;0.062;2.895
Case 39355;3;70;20.62;0.0619;2.895
Case 39356;3;70;20.58;0.0618;2.895
Case 39357;3;70;20.54;0.0617;2.896
Case 39358;3;70;20.49;0.0616;2.896
Case 39359;3;70;20.45;0.0615;2.896
Case 39360;3;70;20.39;0.0614;2.897
Case 39361;3;70;20.35;0.0613;2.897
Case 39362;3;70;20.3;0.0612;2.897
Case 39363;3;70;20.26;0.0611;2.898
Case 39364;3;70;20.21;0.061;2.898
Case 39365;3;70;20.17;0.0609;2.898
Case 39366;3;70;20.12;0.0608;2.899
Case 39367;3;70;20.07;0.0607;2.899
Case 39368;3;70;20.03;0.0606;2.899
Case 39369;3;70;19.98;0.0605;2.9
Case 39370;3;70;19.94;0.0604;2.9
Case 39371;3;70;19.89;0.0603;2.9
Case 39372;3;70;19.85;0.0602;2.901
Case 39373;3;70;19.81;0.0601;2.901
Case 39374;3;70;19.76;0.06;2.901
Case 39375;3;70;19.72;0.0599;2.902
Case 39376;3;70;19.67;0.0598;2.902
Case 39377;3;70;19.63;0.0597;2.902
Case 39378;3;70;19.58;0.0596;2.903
Case 39379;3;70;19.54;0.0595;2.903
Case 39380;3;70;19.49;0.0594;2.903
Case 39381;3;70;19.45;0.0593;2.904
Case 39382;3;70;19.41;0.0592;2.904
Case 39383;3;70;19.36;0.0591;2.904
Case 39384;3;70;19.32;0.059;2.905
Case 39385;3;70;19.27;0.0589;2.905
Case 39386;3;70;19.23;0.0588;2.905
Case 39387;3;70;19.18;0.0587;2.906
Case 39388;3;70;19.13;0.0586;2.906
Case 39389;3;70;19.08;0.0585;2.906
Case 39390;3;70;19.04;0.0584;2.907
Case 39391;3;70;19;0.0583;2.907
Case 39392;3;70;18.95;0.0582;2.907
Case 39393;3;70;18.91;0.0581;2.908
Case 39394;3;70;18.86;0.058;2.908
Case 39395;3;70;18.82;0.0579;2.908
Case 39396;3;70;18.77;0.0578;2.909
Case 39397;3;70;18.72;0.0577;2.909
Case 39398;3;70;18.67;0.0576;2.909
Case 39399;3;70;18.63;0.0575;2.91
Case 39400;3;70;18.59;0.0574;2.91
Case 39401;3;70;18.54;0.0573;2.91
Case 39402;3;70;18.5;0.0572;2.911
Case 39403;3;70;18.44;0.0571;2.911
Case 39404;3;70;18.4;0.057;2.911
Case 39405;3;70;18.35;0.0569;2.912
Case 39406;3;70;18.31;0.0568;2.912
Case 39407;3;70;18.25;0.0567;2.912
Case 39408;3;70;18.21;0.0566;2.913
Case 39409;3;70;18.17;0.0565;2.913
Case 39410;3;70;18.12;0.0564;2.913
Case 39411;3;70;18.07;0.0563;2.913
Case 39412;3;70;18.02;0.0562;2.914
Case 39413;3;70;17.98;0.0561;2.914
Case 39414;3;70;17.93;0.056;2.914
Case 39415;3;70;17.88;0.0559;2.915
Case 39416;3;70;17.84;0.0558;2.915
Case 39417;3;70;17.79;0.0557;2.915
Case 39418;3;70;17.74;0.0556;2.916
Case 39419;3;70;17.69;0.0555;2.916
Case 39420;3;70;17.65;0.0554;2.916
Case 39421;3;70;17.59;0.0553;2.917
Case 39422;3;70;17.55;0.0552;2.917
Case 39423;3;70;17.5;0.0551;2.917
Case 39424;3;70;17.45;0.055;2.918
Case 39425;3;70;17.41;0.0549;2.918
Case 39426;3;70;17.35;0.0548;2.918
Case 39427;3;70;17.31;0.0547;2.918
Case 39428;3;70;17.26;0.0546;2.919
Case 39429;3;70;17.21;0.0545;2.919
Case 39430;3;70;17.16;0.0544;2.919
Case 39431;3;70;17.11;0.0543;2.92
Case 39432;3;70;17.06;0.0542;2.92
Case 39433;3;70;17.01;0.0541;2.92
Case 39434;3;70;16.97;0.054;2.921
Case 39435;3;70;16.91;0.0539;2.921
Case 39436;3;70;16.87;0.0538;2.921
Case 39437;3;70;16.81;0.0537;2.921
Case 39438;3;70;16.77;0.0536;2.922
Case 39439;3;70;16.71;0.0535;2.922
Case 39440;3;70;16.67;0.0534;2.922
Case 39441;3;70;16.62;0.0533;2.923
Case 39442;3;70;16.57;0.0532;2.923
Case 39443;3;70;16.52;0.0531;2.923
Case 39444;3;70;16.47;0.053;2.924
Case 39445;3;70;16.42;0.0529;2.924
Case 39446;3;70;16.37;0.0528;2.924
Case 39447;3;70;16.32;0.0527;2.924
Case 39448;3;70;16.27;0.0526;2.925
Case 39449;3;70;16.22;0.0525;2.925
Case 39450;3;70;16.17;0.0524;2.925
Case 39451;3;70;16.11;0.0523;2.926
Case 39452;3;70;16.07;0.0522;2.926
Case 39453;3;70;16.01;0.0521;2.926
Case 39454;3;70;15.96;0.052;2.926
Case 39455;3;70;15.91;0.0519;2.927
Case 39456;3;70;15.86;0.0518;2.927
Case 39457;3;70;15.81;0.0517;2.927
Case 39458;3;70;15.76;0.0516;2.928
Case 39459;3;70;15.71;0.0515;2.928
Case 39460;3;70;15.65;0.0514;2.928
Case 39461;3;70;15.6;0.0513;2.928
Case 39462;3;70;15.54;0.0512;2.929
Case 39463;3;70;15.5;0.0511;2.929
Case 39464;3;70;15.45;0.051;2.929
Case 39465;3;70;15.39;0.0509;2.93
Case 39466;3;70;15.34;0.0508;2.93
Case 39467;3;70;15.28;0.0507;2.93
Case 39468;3;70;15.24;0.0506;2.93
Case 39469;3;70;15.18;0.0505;2.931
Case 39470;3;70;15.13;0.0504;2.931
Case 39471;3;70;15.08;0.0503;2.931
Case 39472;3;70;15.02;0.0502;2.932
Case 39473;3;70;14.97;0.0501;2.932
Case 39474;3;70;14.91;0.05;2.932
Case 39475;3;70;14.86;0.0499;2.932
Case 39476;3;70;14.8;0.0498;2.933
Case 39477;3;70;14.75;0.0497;2.933
Case 39478;3;70;14.7;0.0496;2.933
Case 39479;3;70;14.64;0.0495;2.933
Case 39480;3;70;14.59;0.0494;2.934
Case 39481;3;70;14.53;0.0493;2.934
Case 39482;3;70;14.48;0.0492;2.934
Case 39483;3;70;14.42;0.0491;2.935
Case 39484;3;70;14.37;0.049;2.935
Case 39485;3;70;14.32;0.0489;2.935
Case 39486;3;70;14.26;0.0488;2.935
Case 39487;3;70;14.21;0.0487;2.936
Case 39488;3;70;14.15;0.0486;2.936
Case 39489;3;70;14.1;0.0485;2.936
Case 39490;3;70;14.03;0.0484;2.936
Case 39491;3;70;13.98;0.0483;2.937
Case 39492;3;70;13.93;0.0482;2.937
Case 39493;3;70;13.87;0.0481;2.937
Case 39494;3;70;13.82;0.048;2.938
Case 39495;3;70;13.75;0.0479;2.938
Case 39496;3;70;13.7;0.0478;2.938
Case 39497;3;70;13.64;0.0477;2.938
Case 39498;3;70;13.59;0.0476;2.939
Case 39499;3;70;13.53;0.0475;2.939
Case 39500;3;70;13.47;0.0474;2.939
Case 39501;3;70;13.42;0.0473;2.939
Case 39502;3;70;13.35;0.0472;2.94
Case 39503;3;70;13.3;0.0471;2.94
Case 39504;3;70;13.24;0.047;2.94
Case 39505;3;70;13.18;0.0469;2.94
Case 39506;3;70;13.13;0.0468;2.941
Case 39507;3;70;13.06;0.0467;2.941
Case 39508;3;70;13.01;0.0466;2.941
Case 39509;3;70;12.94;0.0465;2.941
Case 39510;3;70;12.89;0.0464;2.942
Case 39511;3;70;12.82;0.0463;2.942
Case 39512;3;70;12.77;0.0462;2.942
Case 39513;3;70;12.71;0.0461;2.942
Case 39514;3;70;12.65;0.046;2.943
Case 39515;3;70;12.59;0.0459;2.943
Case 39516;3;70;12.52;0.0458;2.943
Case 39517;3;70;12.47;0.0457;2.943
Case 39518;3;70;12.41;0.0456;2.944
Case 39519;3;70;12.35;0.0455;2.944
Case 39520;3;70;12.29;0.0454;2.944
Case 39521;3;70;12.22;0.0453;2.944
Case 39522;3;70;12.16;0.0452;2.945
Case 39523;3;70;12.1;0.0451;2.945
Case 39524;3;70;12.04;0.045;2.945
Case 39525;3;70;11.98;0.0449;2.945
Case 39526;3;70;11.91;0.0448;2.946
Case 39527;3;70;11.85;0.0447;2.946
Case 39528;3;70;11.79;0.0446;2.946
Case 39529;3;70;11.73;0.0445;2.946
Case 39530;3;70;11.66;0.0444;2.947
Case 39531;3;70;11.6;0.0443;2.947
Case 39532;3;70;11.54;0.0442;2.947
Case 39533;3;70;11.47;0.0441;2.947
Case 39534;3;70;11.41;0.044;2.948
Case 39535;3;70;11.34;0.0439;2.948
Case 39536;3;70;11.28;0.0438;2.948
Case 39537;3;70;11.22;0.0437;2.948
Case 39538;3;70;11.15;0.0436;2.949
Case 39539;3;70;11.09;0.0435;2.949
Case 39540;3;70;11.01;0.0434;2.949
Case 39541;3;70;10.95;0.0433;2.949
Case 39542;3;70;10.88;0.0432;2.95
Case 39543;3;70;10.82;0.0431;2.95
Case 39544;3;70;10.76;0.043;2.95
Case 39545;3;70;10.68;0.0429;2.95
Case 39546;3;70;10.62;0.0428;2.95
Case 39547;3;70;10.55;0.0427;2.951
Case 39548;3;70;10.48;0.0426;2.951
Case 39549;3;70;10.42;0.0425;2.951
Case 39550;3;70;10.35;0.0424;2.951
Case 39551;3;70;10.28;0.0423;2.952
Case 39552;3;70;10.21;0.0422;2.952
Case 39553;3;70;10.14;0.0421;2.952
Case 39554;3;70;10.07;0.042;2.952
Case 39555;3;70;10;0.0419;2.953
Case 39556;3;70;9.94;0.0418;2.953
Case 39557;3;70;9.87;0.0417;2.953
Case 39558;3;70;9.82;0.0416;2.953
Case 39559;3;70;9.75;0.0415;2.953
Case 39560;3;70;9.69;0.0414;2.954
Case 39561;3;70;9.63;0.0413;2.954
Case 39562;3;70;9.57;0.0412;2.954
Case 39563;3;70;9.51;0.0411;2.954
Case 39564;3;70;9.44;0.041;2.955
Case 39565;3;70;9.38;0.0409;2.955
Case 39566;3;70;9.32;0.0408;2.955
Case 39567;3;70;9.26;0.0407;2.955
Case 39568;3;70;9.2;0.0406;2.955
Case 39569;3;70;9.13;0.0405;2.956
Case 39570;3;70;9.07;0.0404;2.956
Case 39571;3;70;9;0.0403;2.956
Case 39572;3;70;8.94;0.0402;2.956
Case 39573;3;70;8.88;0.0401;2.957
Case 39574;3;70;8.81;0.04;2.957
Case 39575;3;70;8.75;0.0399;2.957
Case 39576;3;70;8.68;0.0398;2.957
Case 39577;3;70;8.62;0.0397;2.957
Case 39578;3;70;8.56;0.0396;2.958
Case 39579;3;70;8.49;0.0395;2.958
Case 39580;3;70;8.43;0.0394;2.958
Case 39581;3;70;8.36;0.0393;2.958
Case 39582;3;70;8.3;0.0392;2.959
Case 39583;3;70;8.24;0.0391;2.959
Case 39584;3;70;8.17;0.039;2.959
Case 39585;3;70;8.11;0.0389;2.959
Case 39586;3;70;8.04;0.0388;2.959
Case 39587;3;70;7.98;0.0387;2.96
Case 39588;3;70;7.92;0.0386;2.96
Case 39589;3;70;7.84;0.0385;2.96
Case 39590;3;70;7.78;0.0384;2.96
Case 39591;3;70;7.71;0.0383;2.96
Case 39592;3;70;7.65;0.0382;2.961
Case 39593;3;70;7.59;0.0381;2.961
Case 39594;3;70;7.52;0.038;2.961
Case 39595;3;70;7.45;0.0379;2.961
Case 39596;3;70;7.38;0.0378;2.961
Case 39597;3;70;7.32;0.0377;2.962
Case 39598;3;70;7.25;0.0376;2.962
Case 39599;3;70;7.18;0.0375;2.962
Case 39600;3;70;7.12;0.0374;2.962
Case 39601;3;70;7.05;0.0373;2.963
Case 39602;3;70;6.98;0.0372;2.963
Case 39603;3;70;6.91;0.0371;2.963
Case 39604;3;70;6.84;0.037;2.963
Case 39605;3;70;6.78;0.0369;2.963
Case 39606;3;70;6.71;0.0368;2.964
Case 39607;3;70;6.64;0.0367;2.964
Case 39608;3;70;6.57;0.0366;2.964
Case 39609;3;70;6.5;0.0365;2.964
Case 39610;3;70;6.44;0.0364;2.964
Case 39611;3;70;6.36;0.0363;2.965
Case 39612;3;70;6.3;0.0362;2.965
Case 39613;3;70;6.22;0.0361;2.965
Case 39614;3;70;6.16;0.036;2.965
Case 39615;3;70;6.09;0.0359;2.965
Case 39616;3;70;6.02;0.0358;2.965
Case 39617;3;70;5.95;0.0357;2.966
Case 39618;3;70;5.88;0.0356;2.966
Case 39619;3;70;5.81;0.0355;2.966
Case 39620;3;70;5.74;0.0354;2.966
Case 39621;3;70;5.66;0.0353;2.966
Case 39622;3;70;5.6;0.0352;2.967
Case 39623;3;70;5.53;0.0351;2.967
Case 39624;3;70;5.45;0.035;2.967
Case 39625;3;70;5.39;0.0349;2.967
Case 39626;3;70;5.31;0.0348;2.967
Case 39627;3;70;5.24;0.0347;2.968
Case 39628;3;70;5.17;0.0346;2.968
Case 39629;3;70;5.09;0.0345;2.968
Case 39630;3;70;5.03;0.0344;2.968
Case 39631;3;70;4.95;0.0343;2.968
Case 39632;3;70;4.88;0.0342;2.969
Case 39633;3;70;4.81;0.0341;2.969
Case 39634;3;70;4.73;0.034;2.969
Case 39635;3;70;4.66;0.0339;2.969
Case 39636;3;70;4.58;0.0338;2.969
Case 39637;3;70;4.51;0.0337;2.969
Case 39638;3;70;4.44;0.0336;2.97
Case 39639;3;70;4.36;0.0335;2.97
Case 39640;3;70;4.29;0.0334;2.97
Case 39641;3;70;4.21;0.0333;2.97
Case 39642;3;70;4.14;0.0332;2.97
Case 39643;3;70;4.07;0.0331;2.971
Case 39644;3;70;3.99;0.033;2.971
Case 39645;3;70;3.91;0.0329;2.971
Case 39646;3;70;3.84;0.0328;2.971
Case 39647;3;70;3.76;0.0327;2.971
Case 39648;3;70;3.69;0.0326;2.971
Case 39650;3;70;3.53;0.0324;2.972
Case 39651;3;70;3.45;0.0323;2.972
Case 39652;3;70;3.38;0.0322;2.972
Case 39653;3;70;3.3;0.0321;2.972
Case 39654;3;70;3.22;0.032;2.972
Case 39655;3;70;3.15;0.0319;2.973
Case 39656;3;70;3.06;0.0318;2.973
Case 39657;3;70;2.99;0.0317;2.973
Case 39659;3;70;2.82;0.0315;2.973
Case 39660;3;70;2.75;0.0314;2.973
Case 39661;3;70;2.67;0.0313;2.974
Case 39662;3;70;2.59;0.0312;2.974
Case 39663;3;70;2.51;0.0311;2.974
Case 39664;3;70;2.43;0.031;2.974
Case 39665;3;70;2.35;0.0309;2.974
Case 39666;3;70;2.27;0.0308;2.975
Case 39667;3;70;2.18;0.0307;2.975
Case 39668;3;70;2.11;0.0306;2.975
Case 39669;3;70;2.03;0.0305;2.975
Case 39670;3;70;1.94;0.0304;2.975
Case 39671;3;70;1.86;0.0303;2.975
Case 39672;3;70;1.78;0.0302;2.975
Case 39673;3;70;1.69;0.0301;2.976
Case 39674;3;70;1.61;0.03;2.976
Case 39675;3;70;1.52;0.0299;2.976
Case 39676;3;70;1.44;0.0298;2.976
Case 39677;3;70;1.36;0.0297;2.976
Case 39678;3;70;1.27;0.0296;2.976
Case 39679;3;70;1.19;0.0295;2.977
Case 39680;3;70;1.11;0.0294;2.977
Case 39681;3;70;1.02;0.0293;2.977
Case 39682;3;70;0.94;0.0292;2.977
Case 39683;3;70;0.84;0.0291;2.977
Case 39684;3;70;0.76;0.029;2.977
Case 39685;3;70;0.68;0.0289;2.978
Case 39686;3;70;0.58;0.0288;2.978
Case 39687;3;70;0.5;0.0287;2.978
Case 39688;3;70;0.41;0.0286;2.978
Case 39689;3;70;0.32;0.0285;2.978
Case 39690;3;70;0.24;0.0284;2.978
Case 39691;3;70;0.14;0.0283;2.979
Case 39692;3;70;0.06;0.0282;2.979
Case 39693;3;70;0;0.0281;2.979
Case 39694;3;70;0;0.028;2.979
Case 39695;3;70;0;0.0279;2.979
Case 39696;3;70;0;0.0278;2.979
Case 39697;3;70;0;0.0277;2.979
Case 39698;3;70;0;0.0276;2.98
Case 39699;3;70;0;0.0275;2.98
Case 39700;3;70;0;0.0274;2.98
Case 39701;3;70;0;0.0273;2.98
Case 39702;3;70;0;0.0272;2.98
Case 39703;3;70;0;0.0271;2.98
Case 39704;3;70;0;0.027;2.98
Case 39705;3;70;0;0.0269;2.981
Case 39706;3;70;0;0.0268;2.981
Case 39707;3;70;0;0.0267;2.981
Case 39708;3;70;0;0.0266;2.981
Case 39709;3;70;0;0.0265;2.981
Case 39710;3;70;0;0.0264;2.981
Case 39711;3;70;0;0.0263;2.981
Case 39712;3;70;0;0.0262;2.982
Case 39713;3;70;0;0.0261;2.982
Case 39714;3;70;0;0.026;2.982
Case 39715;3;70;0;0.0259;2.982
Case 39716;3;70;0;0.0258;2.982
Case 39717;3;70;0;0.0257;2.982
Case 39718;3;70;0;0.0256;2.982
Case 39719;3;70;0;0.0255;2.983
Case 39720;3;70;0;0.0254;2.983
Case 39721;3;70;0;0.0253;2.983
Case 39722;3;70;0;0.0252;2.983
Case 39723;3;70;0;0.0251;2.983
Case 39724;3;70;0;0.025;2.983
Case 39725;3;70;0;0.0249;2.983
Case 39726;3;70;0;0.0248;2.984
Case 39727;3;70;0;0.0247;2.984
Case 39728;3;70;0;0.0246;2.984
Case 39729;3;70;0;0.0245;2.984
Case 39730;3;70;0;0.0244;2.984
Case 39731;3;70;0;0.0243;2.984
Case 39732;3;70;0;0.0242;2.984
Case 39733;3;70;0;0.0241;2.984
Case 39734;3;70;0;0.024;2.985
Case 39735;3;70;0;0.0239;2.985
Case 39736;3;70;0;0.0238;2.985
Case 39737;3;70;0;0.0237;2.985
Case 39738;3;70;0;0.0236;2.985
Case 39739;3;70;0;0.0235;2.985
Case 39740;3;70;0;0.0234;2.985
Case 39741;3;70;0;0.0233;2.985
Case 39742;3;70;0;0.0232;2.986
Case 39743;3;70;0;0.0231;2.986
Case 39744;3;70;0;0.023;2.986
Case 39745;3;70;0;0.0229;2.986
Case 39746;3;70;0;0.0228;2.986
Case 39747;3;70;0;0.0227;2.986
Case 39748;3;70;0;0.0226;2.986
Case 39749;3;70;0;0.0225;2.986
Case 39750;3;70;0;0.0224;2.987
Case 39751;3;70;0;0.0223;2.987
Case 39752;3;70;0;0.0222;2.987
Case 39753;3;70;0;0.0221;2.987
Case 39754;3;70;0;0.022;2.987
Case 39755;3;70;0;0.0219;2.987
Case 39756;3;70;0;0.0218;2.987
Case 39757;3;70;0;0.0217;2.987
Case 39758;3;70;0;0.0216;2.988
Case 39759;3;70;0;0.0215;2.988
Case 39760;3;70;0;0.0214;2.988
Case 39761;3;70;0;0.0213;2.988
Case 39762;3;70;0;0.0212;2.988
Case 39763;3;70;0;0.0211;2.988
Case 39764;3;70;0;0.021;2.988
Case 39765;3;70;0;0.0209;2.988
Case 39766;3;70;0;0.0208;2.988
Case 39767;3;70;0;0.0207;2.989
Case 39768;3;70;0;0.0206;2.989
Case 39769;3;70;0;0.0205;2.989
Case 39770;3;70;0;0.0204;2.989
Case 39771;3;70;0;0.0203;2.989
Case 39772;3;70;0;0.0202;2.989
Case 39773;3;70;0;0.0201;2.989
Case 39774;3;70;0;0.02;2.989
Case 39775;3;70;0;0.0199;2.989
Case 39776;3;70;0;0.0198;2.99
Case 39777;3;70;0;0.0197;2.99
Case 39778;3;70;0;0.0196;2.99
Case 39779;3;70;0;0.0195;2.99
Case 39780;3;70;0;0.0194;2.99
Case 39781;3;70;0;0.0193;2.99
Case 39782;3;70;0;0.0192;2.99
Case 39783;3;70;0;0.0191;2.99
Case 39784;3;70;0;0.019;2.99
Case 39785;3;70;0;0.0189;2.99
Case 39786;3;70;0;0.0188;2.991
Case 39787;3;70;0;0.0187;2.991
Case 39788;3;70;0;0.0186;2.991
Case 39789;3;70;0;0.0185;2.991
Case 39790;3;70;0;0.0184;2.991
Case 39791;3;70;0;0.0183;2.991
Case 39792;3;70;0;0.0182;2.991
Case 39793;3;70;0;0.0181;2.991
Case 39794;3;70;0;0.018;2.991
Case 39795;3;70;0;0.0179;2.991
Case 39796;3;70;0;0.0178;2.992
Case 39797;3;70;0;0.0177;2.992
Case 39798;3;70;0;0.0176;2.992
Case 39799;3;70;0;0.0175;2.992
Case 39800;3;70;0;0.0174;2.992
Case 39801;3;70;0;0.0173;2.992
Case 39802;3;70;0;0.0172;2.992
Case 39803;3;70;0;0.0171;2.992
Case 39804;3;70;0;0.017;2.992
Case 39805;3;70;0;0.0169;2.992
Case 39806;3;70;0;0.0168;2.992
Case 39807;3;70;0;0.0167;2.993
Case 39808;3;70;0;0.0166;2.993
Case 39809;3;70;0;0.0165;2.993
Case 39810;3;70;0;0.0164;2.993
Case 39811;3;70;0;0.0163;2.993
Case 39812;3;70;0;0.0162;2.993
Case 39813;3;70;0;0.0161;2.993
Case 39814;3;70;0;0.016;2.993
Case 39815;3;70;0;0.0159;2.993
Case 39816;3;70;0;0.0158;2.993
Case 39817;3;70;0;0.0157;2.993
Case 39818;3;70;0;0.0156;2.993
Case 39819;3;70;0;0.0155;2.994
Case 39820;3;70;0;0.0154;2.994
Case 39821;3;70;0;0.0153;2.994
Case 39822;3;70;0;0.0152;2.994
Case 39823;3;70;0;0.0151;2.994
Case 39824;3;70;0;0.015;2.994
Case 39825;3;70;0;0.0149;2.994
Case 39826;3;70;0;0.0148;2.994
Case 39827;3;70;0;0.0147;2.994
Case 39828;3;70;0;0.0146;2.994
Case 39829;3;70;0;0.0145;2.994
Case 39830;3;70;0;0.0144;2.994
Case 39831;3;70;0;0.0143;2.995
Case 39832;3;70;0;0.0142;2.995
Case 39833;3;70;0;0.0141;2.995
Case 39834;3;70;0;0.014;2.995
Case 39835;3;70;0;0.0139;2.995
Case 39836;3;70;0;0.0138;2.995
Case 39837;3;70;0;0.0137;2.995
Case 39838;3;70;0;0.0136;2.995
Case 39839;3;70;0;0.0135;2.995
Case 39840;3;70;0;0.0134;2.995
Case 39841;3;70;0;0.0133;2.995
Case 39842;3;70;0;0.0132;2.995
Case 39843;3;70;0;0.0131;2.995
Case 39844;3;70;0;0.013;2.995
Case 39845;3;70;0;0.0129;2.996
Case 39846;3;70;0;0.0128;2.996
Case 39847;3;70;0;0.0127;2.996
Case 39848;3;70;0;0.0126;2.996
Case 39849;3;70;0;0.0125;2.996
Case 39850;3;70;0;0.0124;2.996
Case 39851;3;70;0;0.0123;2.996
Case 39852;3;70;0;0.0122;2.996
Case 39853;3;70;0;0.0121;2.996
Case 39854;3;70;0;0.012;2.996
Case 39855;3;70;0;0.0119;2.996
Case 39856;3;70;0;0.0118;2.996
Case 39857;3;70;0;0.0117;2.996
Case 39858;3;70;0;0.0116;2.996
Case 39859;3;70;0;0.0115;2.996
Case 39860;3;70;0;0.0114;2.997
Case 39861;3;70;0;0.0113;2.997
Case 39862;3;70;0;0.0112;2.997
Case 39863;3;70;0;0.0111;2.997
Case 39864;3;70;0;0.011;2.997
Case 39865;3;70;0;0.0109;2.997
Case 39866;3;70;0;0.0108;2.997
Case 39867;3;70;0;0.0107;2.997
Case 39868;3;70;0;0.0106;2.997
Case 39869;3;70;0;0.0105;2.997
Case 39870;3;70;0;0.0104;2.997
Case 39871;3;70;0;0.0103;2.997
Case 39872;3;70;0;0.0102;2.997
Case 39873;3;70;0;0.0101;2.997
Case 39874;3;70;0;0.01;2.997
Case 39875;3;70;0;0.0099;2.997
Case 39876;3;70;0;0.0098;2.997
Case 39877;3;70;0;0.0097;2.997
Case 39878;3;70;0;0.0096;2.998
Case 39879;3;70;0;0.0095;2.998
Case 39880;3;70;0;0.0094;2.998
Case 39881;3;70;0;0.0093;2.998
Case 39882;3;70;0;0.0092;2.998
Case 39883;3;70;0;0.0091;2.998
Case 39884;3;70;0;0.009;2.998
Case 39885;3;70;0;0.0089;2.998
Case 39886;3;70;0;0.0088;2.998
Case 39887;3;70;0;0.0087;2.998
Case 39888;3;70;0;0.0086;2.998
Case 39889;3;70;0;0.0085;2.998
Case 39890;3;70;0;0.0084;2.998
Case 39891;3;70;0;0.0083;2.998
Case 39892;3;70;0;0.0082;2.998
Case 39893;3;70;0;0.0081;2.998
Case 39894;3;70;0;0.008;2.998
Case 39895;3;70;0;0.0079;2.998
Case 39896;3;70;0;0.0078;2.998
Case 39897;3;70;0;0.0077;2.998
Case 39898;3;70;0;0.0076;2.998
Case 39899;3;70;0;0.0075;2.998
Case 39900;3;70;0;0.0074;2.999
Case 39901;3;70;0;0.0073;2.999
Case 39902;3;70;0;0.0072;2.999
Case 39903;3;70;0;0.0071;2.999
Case 39904;3;70;0;0.007;2.999
Case 39905;3;70;0;0.0069;2.999
Case 39906;3;70;0;0.0068;2.999
Case 39907;3;70;0;0.0067;2.999
Case 39908;3;70;0;0.0066;2.999
Case 39909;3;70;0;0.0065;2.999
Case 39910;3;70;0;0.0064;2.999
Case 39911;3;70;0;0.0063;2.999
Case 39912;3;70;0;0.0062;2.999
Case 39913;3;70;0;0.0061;2.999
Case 39914;3;70;0;0.006;2.999
Case 39915;3;70;0;0.0059;2.999
Case 39916;3;70;0;0.0058;2.999
Case 39917;3;70;0;0.0057;2.999
Case 39918;3;70;0;0.0056;2.999
Case 39919;3;70;0;0.0055;2.999
Case 39920;3;70;0;0.0054;2.999
Case 39921;3;70;0;0.0053;2.999
Case 39922;3;70;0;0.0052;2.999
Case 39923;3;70;0;0.0051;2.999
Case 39924;3;70;0;0.005;2.999
Case 39925;3;70;0;0.0049;2.999
Case 39926;3;70;0;0.0048;2.999
Case 39927;3;70;0;0.0047;2.999
Case 39928;3;70;0;0.0046;2.999
Case 39929;3;70;0;0.0045;2.999
Case 39930;3;70;0;0.0044;2.999
Case 39931;3;70;0;0.0043;3
Case 39932;3;70;0;0.0042;3
Case 39933;3;70;0;0.0041;3
Case 39934;3;70;0;0.004;3
Case 39935;3;70;0;0.0039;3
Case 39936;3;70;0;0.0038;3
Case 39937;3;70;0;0.0037;3
Case 39938;3;70;0;0.0036;3
Case 39939;3;70;0;0.0035;3
Case 39940;3;70;0;0.0034;3
Case 39941;3;70;0;0.0033;3
Case 39942;3;70;0;0.0032;3
Case 39943;3;70;0;0.0031;3
Case 39944;3;70;0;0.003;3
Case 39945;3;70;0;0.0029;3
Case 39946;3;70;0;0.0028;3
Case 39947;3;70;0;0.0027;3
Case 39948;3;70;0;0.0026;3
Case 39949;3;70;0;0.0025;3
Case 39950;3;70;0;0.0024;3
Case 39951;3;70;0;0.0023;3
Case 39952;3;70;0;0.0022;3
Case 39953;3;70;0;0.0021;3
Case 39954;3;70;0;0.002;3
Case 39955;3;70;0;0.0019;3
Case 39956;3;70;0;0.0018;3
Case 39957;3;70;0;0.0017;3
Case 39958;3;70;0;0.0016;3
Case 39959;3;70;0;0.0015;3
Case 39960;3;70;0;0.0014;3
Case 39961;3;70;0;0.0013;3
Case 39962;3;70;0;0.0012;3
Case 39963;3;70;0;0.0011;3
Case 39964;3;70;0;0.001;3
Case 48546;3;60;100;0.1419;0.4486
Case 48547;3;60;100;0.1418;0.5014
Case 48548;3;60;100;0.1417;0.5395
Case 48549;3;60;100;0.1416;0.5709
Case 48550;3;60;100;0.1415;0.5981
Case 48551;3;60;100;0.1414;0.6224
Case 48552;3;60;100;0.1413;0.6446
Case 48553;3;60;100;0.1412;0.6651
Case 48554;3;60;100;0.1411;0.6843
Case 48555;3;60;100;0.141;0.7024
Case 48556;3;60;100;0.1409;0.7195
Case 48557;3;60;100;0.1408;0.7358
Case 48558;3;60;100;0.1407;0.7514
Case 48559;3;60;100;0.1406;0.7663
Case 48560;3;60;100;0.1405;0.7807
Case 48561;3;60;100;0.1404;0.7945
Case 48562;3;60;100;0.1403;0.8079
Case 48563;3;60;100;0.1402;0.8209
Case 48564;3;60;100;0.1401;0.8335
Case 48565;3;60;97.41;0.14;0.8457
Case 48566;3;60;93.12;0.1399;0.8576
Case 48567;3;60;90.03;0.1398;0.8692
Case 48568;3;60;87.63;0.1397;0.8805
Case 48569;3;60;85.64;0.1396;0.8915
Case 48570;3;60;83.93;0.1395;0.9023
Case 48571;3;60;82.43;0.1394;0.9129
Case 48572;3;60;81.08;0.1393;0.9232
Case 48573;3;60;79.85;0.1392;0.9333
Case 48574;3;60;78.82;0.1391;0.9432
Case 48575;3;60;77.88;0.139;0.953
Case 48576;3;60;77.03;0.1389;0.9625
Case 48577;3;60;76.24;0.1388;0.9719
Case 48578;3;60;75.49;0.1387;0.9812
Case 48579;3;60;74.8;0.1386;0.9902
Case 48580;3;60;74.14;0.1385;0.9992
Case 48581;3;60;73.53;0.1384;1.008
Case 48582;3;60;72.93;0.1383;1.017
Case 48583;3;60;72.38;0.1382;1.025
Case 48584;3;60;71.84;0.1381;1.034
Case 48585;3;60;71.33;0.138;1.042
Case 48586;3;60;70.83;0.1379;1.05
Case 48587;3;60;70.35;0.1378;1.058
Case 48588;3;60;69.9;0.1377;1.066
Case 48589;3;60;69.49;0.1376;1.074
Case 48590;3;60;69.11;0.1375;1.082
Case 48591;3;60;68.73;0.1374;1.089
Case 48592;3;60;68.37;0.1373;1.097
Case 48593;3;60;68.02;0.1372;1.104
Case 48594;3;60;67.69;0.1371;1.112
Case 48595;3;60;67.36;0.137;1.119
Case 48596;3;60;67.05;0.1369;1.126
Case 48597;3;60;66.75;0.1368;1.133
Case 48598;3;60;66.45;0.1367;1.14
Case 48599;3;60;66.17;0.1366;1.147
Case 48600;3;60;65.88;0.1365;1.154
Case 48601;3;60;65.61;0.1364;1.161
Case 48602;3;60;65.34;0.1363;1.168
Case 48603;3;60;65.09;0.1362;1.174
Case 48604;3;60;64.83;0.1361;1.181
Case 48605;3;60;64.59;0.136;1.188
Case 48606;3;60;64.34;0.1359;1.194
Case 48607;3;60;64.11;0.1358;1.2
Case 48608;3;60;63.87;0.1357;1.207
Case 48609;3;60;63.65;0.1356;1.213
Case 48610;3;60;63.42;0.1355;1.219
Case 48611;3;60;63.21;0.1354;1.226
Case 48612;3;60;62.99;0.1353;1.232
Case 48613;3;60;62.78;0.1352;1.238
Case 48614;3;60;62.57;0.1351;1.244
Case 48615;3;60;62.37;0.135;1.25
Case 48616;3;60;62.17;0.1349;1.256
Case 48617;3;60;61.98;0.1348;1.262
Case 48618;3;60;61.79;0.1347;1.268
Case 48619;3;60;61.59;0.1346;1.273
Case 48620;3;60;61.41;0.1345;1.279
Case 48621;3;60;61.21;0.1344;1.285
Case 48622;3;60;61.04;0.1343;1.291
Case 48623;3;60;60.85;0.1342;1.296
Case 48624;3;60;60.68;0.1341;1.302
Case 48625;3;60;60.49;0.134;1.307
Case 48626;3;60;60.32;0.1339;1.313
Case 48627;3;60;60.15;0.1338;1.318
Case 48628;3;60;59.98;0.1337;1.324
Case 48629;3;60;59.82;0.1336;1.329
Case 48630;3;60;59.68;0.1335;1.334
Case 48632;3;60;59.38;0.1333;1.345
Case 48633;3;60;59.24;0.1332;1.35
Case 48634;3;60;59.1;0.1331;1.355
Case 48635;3;60;58.96;0.133;1.36
Case 48636;3;60;58.82;0.1329;1.366
Case 48637;3;60;58.68;0.1328;1.371
Case 48638;3;60;58.55;0.1327;1.376
Case 48639;3;60;58.41;0.1326;1.381
Case 48640;3;60;58.29;0.1325;1.386
Case 48641;3;60;58.15;0.1324;1.391
Case 48642;3;60;58.03;0.1323;1.396
Case 48643;3;60;57.9;0.1322;1.401
Case 48644;3;60;57.78;0.1321;1.405
Case 48645;3;60;57.65;0.132;1.41
Case 48646;3;60;57.53;0.1319;1.415
Case 48647;3;60;57.41;0.1318;1.42
Case 48648;3;60;57.29;0.1317;1.425
Case 48649;3;60;57.17;0.1316;1.429
Case 48650;3;60;57.06;0.1315;1.434
Case 48651;3;60;56.94;0.1314;1.439
Case 48652;3;60;56.83;0.1313;1.443
Case 48653;3;60;56.71;0.1312;1.448
Case 48654;3;60;56.6;0.1311;1.453
Case 48655;3;60;56.48;0.131;1.457
Case 48656;3;60;56.38;0.1309;1.462
Case 48657;3;60;56.26;0.1308;1.466
Case 48658;3;60;56.16;0.1307;1.471
Case 48659;3;60;56.06;0.1306;1.475
Case 48660;3;60;55.95;0.1305;1.48
Case 48661;3;60;55.85;0.1304;1.484
Case 48662;3;60;55.74;0.1303;1.488
Case 48663;3;60;55.64;0.1302;1.493
Case 48664;3;60;55.53;0.1301;1.497
Case 48665;3;60;55.44;0.13;1.501
Case 48666;3;60;55.33;0.1299;1.506
Case 48667;3;60;55.23;0.1298;1.51
Case 48668;3;60;55.13;0.1297;1.514
Case 48669;3;60;55.04;0.1296;1.518
Case 48670;3;60;54.93;0.1295;1.523
Case 48671;3;60;54.84;0.1294;1.527
Case 48672;3;60;54.74;0.1293;1.531
Case 48673;3;60;54.65;0.1292;1.535
Case 48674;3;60;54.55;0.1291;1.539
Case 48675;3;60;54.46;0.129;1.543
Case 48676;3;60;54.36;0.1289;1.548
Case 48677;3;60;54.27;0.1288;1.552
Case 48678;3;60;54.18;0.1287;1.556
Case 48679;3;60;54.09;0.1286;1.56
Case 48680;3;60;53.99;0.1285;1.564
Case 48681;3;60;53.91;0.1284;1.568
Case 48682;3;60;53.81;0.1283;1.572
Case 48683;3;60;53.73;0.1282;1.576
Case 48684;3;60;53.64;0.1281;1.58
Case 48685;3;60;53.55;0.128;1.583
Case 48686;3;60;53.46;0.1279;1.587
Case 48687;3;60;53.38;0.1278;1.591
Case 48688;3;60;53.29;0.1277;1.595
Case 48689;3;60;53.21;0.1276;1.599
Case 48690;3;60;53.12;0.1275;1.603
Case 48691;3;60;53.03;0.1274;1.607
Case 48692;3;60;52.95;0.1273;1.61
Case 48693;3;60;52.87;0.1272;1.614
Case 48694;3;60;52.79;0.1271;1.618
Case 48695;3;60;52.7;0.127;1.622
Case 48696;3;60;52.62;0.1269;1.625
Case 48697;3;60;52.53;0.1268;1.629
Case 48698;3;60;52.45;0.1267;1.633
Case 48699;3;60;52.37;0.1266;1.637
Case 48700;3;60;52.29;0.1265;1.64
Case 48701;3;60;52.21;0.1264;1.644
Case 48702;3;60;52.13;0.1263;1.648
Case 48703;3;60;52.04;0.1262;1.651
Case 48704;3;60;51.97;0.1261;1.655
Case 48705;3;60;51.89;0.126;1.658
Case 48706;3;60;51.81;0.1259;1.662
Case 48707;3;60;51.73;0.1258;1.666
Case 48708;3;60;51.65;0.1257;1.669
Case 48709;3;60;51.57;0.1256;1.673
Case 48710;3;60;51.5;0.1255;1.676
Case 48711;3;60;51.42;0.1254;1.68
Case 48712;3;60;51.34;0.1253;1.683
Case 48713;3;60;51.26;0.1252;1.687
Case 48714;3;60;51.19;0.1251;1.69
Case 48715;3;60;51.11;0.125;1.694
Case 48716;3;60;51.04;0.1249;1.697
Case 48717;3;60;50.96;0.1248;1.7
Case 48718;3;60;50.89;0.1247;1.704
Case 48719;3;60;50.81;0.1246;1.707
Case 48720;3;60;50.74;0.1245;1.711
Case 48721;3;60;50.66;0.1244;1.714
Case 48722;3;60;50.59;0.1243;1.717
Case 48723;3;60;50.51;0.1242;1.721
Case 48725;3;60;50.36;0.124;1.727
Case 48726;3;60;50.3;0.1239;1.731
Case 48727;3;60;50.22;0.1238;1.734
Case 48728;3;60;50.15;0.1237;1.737
Case 48729;3;60;50.07;0.1236;1.741
Case 48730;3;60;50;0.1235;1.744
Case 48731;3;60;49.93;0.1234;1.747
Case 48732;3;60;49.87;0.1233;1.75
Case 48733;3;60;49.8;0.1232;1.754
Case 48734;3;60;49.74;0.1231;1.757
Case 48735;3;60;49.67;0.123;1.76
Case 48736;3;60;49.61;0.1229;1.763
Case 48737;3;60;49.54;0.1228;1.766
Case 48738;3;60;49.48;0.1227;1.77
Case 48739;3;60;49.41;0.1226;1.773
Case 48740;3;60;49.35;0.1225;1.776
Case 48741;3;60;49.29;0.1224;1.779
Case 48742;3;60;49.23;0.1223;1.782
Case 48743;3;60;49.16;0.1222;1.785
Case 48744;3;60;49.1;0.1221;1.788
Case 48745;3;60;49.03;0.122;1.791
Case 48746;3;60;48.98;0.1219;1.795
Case 48747;3;60;48.91;0.1218;1.798
Case 48748;3;60;48.85;0.1217;1.801
Case 48749;3;60;48.79;0.1216;1.804
Case 48750;3;60;48.73;0.1215;1.807
Case 48751;3;60;48.67;0.1214;1.81
Case 48752;3;60;48.61;0.1213;1.813
Case 48753;3;60;48.54;0.1212;1.816
Case 48754;3;60;48.49;0.1211;1.819
Case 48755;3;60;48.42;0.121;1.822
Case 48756;3;60;48.37;0.1209;1.825
Case 48757;3;60;48.32;0.1208;1.828
Case 48758;3;60;48.25;0.1207;1.831
Case 48759;3;60;48.2;0.1206;1.834
Case 48760;3;60;48.13;0.1205;1.837
Case 48761;3;60;48.08;0.1204;1.84
Case 48762;3;60;48.02;0.1203;1.843
Case 48763;3;60;47.96;0.1202;1.845
Case 48764;3;60;47.9;0.1201;1.848
Case 48765;3;60;47.85;0.12;1.851
Case 48766;3;60;47.78;0.1199;1.854
Case 48767;3;60;47.73;0.1198;1.857
Case 48768;3;60;47.67;0.1197;1.86
Case 48769;3;60;47.62;0.1196;1.863
Case 48770;3;60;47.55;0.1195;1.866
Case 48771;3;60;47.5;0.1194;1.868
Case 48772;3;60;47.44;0.1193;1.871
Case 48773;3;60;47.39;0.1192;1.874
Case 48774;3;60;47.33;0.1191;1.877
Case 48775;3;60;47.28;0.119;1.88
Case 48776;3;60;47.22;0.1189;1.883
Case 48777;3;60;47.16;0.1188;1.885
Case 48778;3;60;47.1;0.1187;1.888
Case 48779;3;60;47.05;0.1186;1.891
Case 48780;3;60;46.99;0.1185;1.894
Case 48781;3;60;46.94;0.1184;1.896
Case 48782;3;60;46.88;0.1183;1.899
Case 48783;3;60;46.83;0.1182;1.902
Case 48784;3;60;46.77;0.1181;1.905
Case 48785;3;60;46.72;0.118;1.907
Case 48786;3;60;46.66;0.1179;1.91
Case 48787;3;60;46.61;0.1178;1.913
Case 48788;3;60;46.56;0.1177;1.915
Case 48789;3;60;46.51;0.1176;1.918
Case 48790;3;60;46.46;0.1175;1.921
Case 48791;3;60;46.4;0.1174;1.924
Case 48792;3;60;46.35;0.1173;1.926
Case 48793;3;60;46.29;0.1172;1.929
Case 48794;3;60;46.24;0.1171;1.932
Case 48795;3;60;46.19;0.117;1.934
Case 48796;3;60;46.14;0.1169;1.937
Case 48797;3;60;46.08;0.1168;1.939
Case 48798;3;60;46.03;0.1167;1.942
Case 48799;3;60;45.97;0.1166;1.945
Case 48800;3;60;45.93;0.1165;1.947
Case 48801;3;60;45.87;0.1164;1.95
Case 48802;3;60;45.82;0.1163;1.952
Case 48803;3;60;45.76;0.1162;1.955
Case 48804;3;60;45.72;0.1161;1.958
Case 48805;3;60;45.66;0.116;1.96
Case 48806;3;60;45.61;0.1159;1.963
Case 48807;3;60;45.56;0.1158;1.965
Case 48808;3;60;45.51;0.1157;1.968
Case 48809;3;60;45.45;0.1156;1.97
Case 48810;3;60;45.41;0.1155;1.973
Case 48811;3;60;45.35;0.1154;1.975
Case 48812;3;60;45.3;0.1153;1.978
Case 48813;3;60;45.25;0.1152;1.98
Case 48814;3;60;45.2;0.1151;1.983
Case 48815;3;60;45.14;0.115;1.986
Case 48816;3;60;45.1;0.1149;1.988
Case 48817;3;60;45.04;0.1148;1.99
Case 48818;3;60;45;0.1147;1.993
Case 48819;3;60;44.94;0.1146;1.995
Case 48820;3;60;44.9;0.1145;1.998
Case 48821;3;60;44.85;0.1144;2
Case 48822;3;60;44.8;0.1143;2.003
Case 48823;3;60;44.75;0.1142;2.005
Case 48824;3;60;44.69;0.1141;2.008
Case 48825;3;60;44.65;0.114;2.01
Case 48826;3;60;44.59;0.1139;2.013
Case 48827;3;60;44.55;0.1138;2.015
Case 48828;3;60;44.49;0.1137;2.017
Case 48829;3;60;44.45;0.1136;2.02
Case 48830;3;60;44.39;0.1135;2.022
Case 48831;3;60;44.35;0.1134;2.025
Case 48832;3;60;44.3;0.1133;2.027
Case 48833;3;60;44.25;0.1132;2.029
Case 48834;3;60;44.2;0.1131;2.032
Case 48835;3;60;44.15;0.113;2.034
Case 48836;3;60;44.1;0.1129;2.036
Case 48837;3;60;44.05;0.1128;2.039
Case 48838;3;60;44;0.1127;2.041
Case 48839;3;60;43.96;0.1126;2.043
Case 48840;3;60;43.9;0.1125;2.046
Case 48841;3;60;43.86;0.1124;2.048
Case 48842;3;60;43.8;0.1123;2.05
Case 48843;3;60;43.76;0.1122;2.053
Case 48844;3;60;43.71;0.1121;2.055
Case 48845;3;60;43.66;0.112;2.057
Case 48846;3;60;43.61;0.1119;2.06
Case 48847;3;60;43.57;0.1118;2.062
Case 48848;3;60;43.51;0.1117;2.064
Case 48849;3;60;43.47;0.1116;2.067
Case 48850;3;60;43.42;0.1115;2.069
Case 48851;3;60;43.37;0.1114;2.071
Case 48852;3;60;43.32;0.1113;2.073
Case 48853;3;60;43.28;0.1112;2.076
Case 48854;3;60;43.23;0.1111;2.078
Case 48855;3;60;43.18;0.111;2.08
Case 48856;3;60;43.14;0.1109;2.082
Case 48857;3;60;43.08;0.1108;2.085
Case 48858;3;60;43.04;0.1107;2.087
Case 48859;3;60;42.99;0.1106;2.089
Case 48860;3;60;42.95;0.1105;2.091
Case 48861;3;60;42.89;0.1104;2.094
Case 48862;3;60;42.85;0.1103;2.096
Case 48863;3;60;42.8;0.1102;2.098
Case 48864;3;60;42.75;0.1101;2.1
Case 48865;3;60;42.7;0.11;2.102
Case 48866;3;60;42.66;0.1099;2.105
Case 48867;3;60;42.61;0.1098;2.107
Case 48868;3;60;42.56;0.1097;2.109
Case 48869;3;60;42.51;0.1096;2.111
Case 48870;3;60;42.47;0.1095;2.113
Case 48871;3;60;42.42;0.1094;2.115
Case 48872;3;60;42.37;0.1093;2.118
Case 48873;3;60;42.32;0.1092;2.12
Case 48874;3;60;42.28;0.1091;2.122
Case 48875;3;60;42.23;0.109;2.124
Case 48876;3;60;42.18;0.1089;2.126
Case 48877;3;60;42.13;0.1088;2.128
Case 48878;3;60;42.09;0.1087;2.13
Case 48879;3;60;42.04;0.1086;2.132
Case 48880;3;60;42;0.1085;2.135
Case 48881;3;60;41.94;0.1084;2.137
Case 48882;3;60;41.9;0.1083;2.139
Case 48883;3;60;41.86;0.1082;2.141
Case 48884;3;60;41.81;0.1081;2.143
Case 48885;3;60;41.77;0.108;2.145
Case 48886;3;60;41.71;0.1079;2.147
Case 48887;3;60;41.67;0.1078;2.149
Case 48888;3;60;41.62;0.1077;2.151
Case 48889;3;60;41.58;0.1076;2.153
Case 48890;3;60;41.53;0.1075;2.155
Case 48891;3;60;41.48;0.1074;2.158
Case 48892;3;60;41.43;0.1073;2.16
Case 48893;3;60;41.39;0.1072;2.162
Case 48894;3;60;41.34;0.1071;2.164
Case 48895;3;60;41.3;0.107;2.166
Case 48896;3;60;41.25;0.1069;2.168
Case 48897;3;60;41.2;0.1068;2.17
Case 48898;3;60;41.15;0.1067;2.172
Case 48899;3;60;41.11;0.1066;2.174
Case 48900;3;60;41.06;0.1065;2.176
Case 48901;3;60;41.02;0.1064;2.178
Case 48902;3;60;40.96;0.1063;2.18
Case 48903;3;60;40.92;0.1062;2.182
Case 48904;3;60;40.87;0.1061;2.184
Case 48905;3;60;40.83;0.106;2.186
Case 48906;3;60;40.78;0.1059;2.188
Case 48907;3;60;40.74;0.1058;2.19
Case 48908;3;60;40.68;0.1057;2.192
Case 48909;3;60;40.64;0.1056;2.194
Case 48910;3;60;40.59;0.1055;2.196
Case 48911;3;60;40.55;0.1054;2.198
Case 48912;3;60;40.5;0.1053;2.2
Case 48913;3;60;40.46;0.1052;2.202
Case 48914;3;60;40.41;0.1051;2.204
Case 48915;3;60;40.36;0.105;2.206
Case 48916;3;60;40.32;0.1049;2.208
Case 48917;3;60;40.27;0.1048;2.209
Case 48918;3;60;40.23;0.1047;2.211
Case 48919;3;60;40.17;0.1046;2.213
Case 48920;3;60;40.13;0.1045;2.215
Case 48921;3;60;40.08;0.1044;2.217
Case 48922;3;60;40.04;0.1043;2.219
Case 48923;3;60;39.99;0.1042;2.221
Case 48924;3;60;39.95;0.1041;2.223
Case 48925;3;60;39.9;0.104;2.225
Case 48926;3;60;39.86;0.1039;2.227
Case 48927;3;60;39.82;0.1038;2.229
Case 48928;3;60;39.78;0.1037;2.23
Case 48929;3;60;39.73;0.1036;2.232
Case 48930;3;60;39.69;0.1035;2.234
Case 48931;3;60;39.64;0.1034;2.236
Case 48932;3;60;39.61;0.1033;2.238
Case 48933;3;60;39.56;0.1032;2.24
Case 48934;3;60;39.52;0.1031;2.242
Case 48935;3;60;39.47;0.103;2.244
Case 48936;3;60;39.44;0.1029;2.245
Case 48937;3;60;39.39;0.1028;2.247
Case 48938;3;60;39.35;0.1027;2.249
Case 48939;3;60;39.31;0.1026;2.251
Case 48940;3;60;39.26;0.1025;2.253
Case 48941;3;60;39.23;0.1024;2.255
Case 48942;3;60;39.18;0.1023;2.257
Case 48943;3;60;39.14;0.1022;2.258
Case 48944;3;60;39.09;0.1021;2.26
Case 48945;3;60;39.06;0.102;2.262
Case 48946;3;60;39.01;0.1019;2.264
Case 48947;3;60;38.97;0.1018;2.266
Case 48948;3;60;38.93;0.1017;2.267
Case 48949;3;60;38.89;0.1016;2.269
Case 48950;3;60;38.84;0.1015;2.271
Case 48951;3;60;38.8;0.1014;2.273
Case 48952;3;60;38.76;0.1013;2.275
Case 48953;3;60;38.72;0.1012;2.276
Case 48954;3;60;38.67;0.1011;2.278
Case 48955;3;60;38.63;0.101;2.28
Case 48956;3;60;38.59;0.1009;2.282
Case 48957;3;60;38.55;0.1008;2.284
Case 48958;3;60;38.5;0.1007;2.285
Case 48959;3;60;38.47;0.1006;2.287
Case 48960;3;60;38.42;0.1005;2.289
Case 48961;3;60;38.38;0.1004;2.291
Case 48962;3;60;38.33;0.1003;2.292
Case 48963;3;60;38.3;0.1002;2.294
Case 48964;3;60;38.25;0.1001;2.296
Case 48965;3;60;38.21;0.1;2.298
Case 48966;3;60;38.18;0.0999;2.299
Case 48967;3;60;38.13;0.0998;2.301
Case 48968;3;60;38.09;0.0997;2.303
Case 48969;3;60;38.05;0.0996;2.305
Case 48970;3;60;38.01;0.0995;2.306
Case 48971;3;60;37.96;0.0994;2.308
Case 48972;3;60;37.93;0.0993;2.31
Case 48973;3;60;37.88;0.0992;2.311
Case 48974;3;60;37.84;0.0991;2.313
Case 48975;3;60;37.79;0.099;2.315
Case 48976;3;60;37.76;0.0989;2.317
Case 48977;3;60;37.71;0.0988;2.318
Case 48978;3;60;37.67;0.0987;2.32
Case 48979;3;60;37.63;0.0986;2.322
Case 48980;3;60;37.59;0.0985;2.323
Case 48981;3;60;37.54;0.0984;2.325
Case 48982;3;60;37.51;0.0983;2.327
Case 48983;3;60;37.46;0.0982;2.328
Case 48984;3;60;37.42;0.0981;2.33
Case 48985;3;60;37.38;0.098;2.332
Case 48986;3;60;37.34;0.0979;2.333
Case 48987;3;60;37.29;0.0978;2.335
Case 48988;3;60;37.26;0.0977;2.337
Case 48989;3;60;37.21;0.0976;2.338
Case 48990;3;60;37.17;0.0975;2.34
Case 48991;3;60;37.14;0.0974;2.342
Case 48992;3;60;37.09;0.0973;2.343
Case 48993;3;60;37.05;0.0972;2.345
Case 48994;3;60;37.01;0.0971;2.347
Case 48995;3;60;36.97;0.097;2.348
Case 48996;3;60;36.92;0.0969;2.35
Case 48997;3;60;36.89;0.0968;2.352
Case 48998;3;60;36.84;0.0967;2.353
Case 48999;3;60;36.8;0.0966;2.355
Case 49000;3;60;36.76;0.0965;2.356
Case 49001;3;60;36.72;0.0964;2.358
Case 49002;3;60;36.67;0.0963;2.36
Case 49003;3;60;36.64;0.0962;2.361
Case 49004;3;60;36.59;0.0961;2.363
Case 49005;3;60;36.55;0.096;2.364
Case 49006;3;60;36.51;0.0959;2.366
Case 49007;3;60;36.47;0.0958;2.368
Case 49008;3;60;36.42;0.0957;2.369
Case 49009;3;60;36.39;0.0956;2.371
Case 49010;3;60;36.34;0.0955;2.372
Case 49011;3;60;36.3;0.0954;2.374
Case 49012;3;60;36.26;0.0953;2.376
Case 49013;3;60;36.22;0.0952;2.377
Case 49014;3;60;36.18;0.0951;2.379
Case 49015;3;60;36.14;0.095;2.38
Case 49016;3;60;36.1;0.0949;2.382
Case 49017;3;60;36.05;0.0948;2.383
Case 49018;3;60;36.02;0.0947;2.385
Case 49019;3;60;35.97;0.0946;2.387
Case 49020;3;60;35.93;0.0945;2.388
Case 49021;3;60;35.89;0.0944;2.39
Case 49022;3;60;35.85;0.0943;2.391
Case 49023;3;60;35.8;0.0942;2.393
Case 49024;3;60;35.76;0.0941;2.394
Case 49025;3;60;35.72;0.094;2.396
Case 49026;3;60;35.68;0.0939;2.397
Case 49027;3;60;35.63;0.0938;2.399
Case 49028;3;60;35.6;0.0937;2.401
Case 49029;3;60;35.55;0.0936;2.402
Case 49030;3;60;35.51;0.0935;2.404
Case 49031;3;60;35.47;0.0934;2.405
Case 49032;3;60;35.43;0.0933;2.407
Case 49033;3;60;35.38;0.0932;2.408
Case 49034;3;60;35.35;0.0931;2.41
Case 49035;3;60;35.3;0.093;2.411
Case 49036;3;60;35.26;0.0929;2.413
Case 49037;3;60;35.23;0.0928;2.414
Case 49038;3;60;35.18;0.0927;2.416
Case 49039;3;60;35.14;0.0926;2.417
Case 49040;3;60;35.09;0.0925;2.419
Case 49041;3;60;35.06;0.0924;2.42
Case 49042;3;60;35.01;0.0923;2.422
Case 49043;3;60;34.97;0.0922;2.423
Case 49044;3;60;34.93;0.0921;2.425
Case 49045;3;60;34.89;0.092;2.426
Case 49046;3;60;34.84;0.0919;2.428
Case 49047;3;60;34.8;0.0918;2.429
Case 49048;3;60;34.76;0.0917;2.43
Case 49049;3;60;34.72;0.0916;2.432
Case 49050;3;60;34.67;0.0915;2.433
Case 49051;3;60;34.64;0.0914;2.435
Case 49052;3;60;34.59;0.0913;2.436
Case 49053;3;60;34.55;0.0912;2.438
Case 49054;3;60;34.5;0.0911;2.439
Case 49055;3;60;34.47;0.091;2.441
Case 49056;3;60;34.42;0.0909;2.442
Case 49057;3;60;34.38;0.0908;2.444
Case 49058;3;60;34.33;0.0907;2.445
Case 49059;3;60;34.3;0.0906;2.446
Case 49060;3;60;34.26;0.0905;2.448
Case 49061;3;60;34.21;0.0904;2.449
Case 49062;3;60;34.17;0.0903;2.451
Case 49063;3;60;34.13;0.0902;2.452
Case 49064;3;60;34.09;0.0901;2.454
Case 49065;3;60;34.04;0.09;2.455
Case 49066;3;60;34;0.0899;2.456
Case 49067;3;60;33.96;0.0898;2.458
Case 49068;3;60;33.92;0.0897;2.459
Case 49069;3;60;33.87;0.0896;2.461
Case 49070;3;60;33.83;0.0895;2.462
Case 49071;3;60;33.79;0.0894;2.464
Case 49072;3;60;33.75;0.0893;2.465
Case 49073;3;60;33.7;0.0892;2.466
Case 49074;3;60;33.66;0.0891;2.468
Case 49075;3;60;33.61;0.089;2.469
Case 49076;3;60;33.58;0.0889;2.471
Case 49077;3;60;33.53;0.0888;2.472
Case 49078;3;60;33.49;0.0887;2.473
Case 49079;3;60;33.44;0.0886;2.475
Case 49080;3;60;33.4;0.0885;2.476
Case 49081;3;60;33.37;0.0884;2.477
Case 49082;3;60;33.32;0.0883;2.479
Case 49083;3;60;33.28;0.0882;2.48
Case 49084;3;60;33.23;0.0881;2.482
Case 49085;3;60;33.19;0.088;2.483
Case 49086;3;60;33.14;0.0879;2.484
Case 49087;3;60;33.11;0.0878;2.486
Case 49088;3;60;33.06;0.0877;2.487
Case 49089;3;60;33.02;0.0876;2.488
Case 49090;3;60;32.97;0.0875;2.49
Case 49091;3;60;32.93;0.0874;2.491
Case 49092;3;60;32.88;0.0873;2.492
Case 49093;3;60;32.84;0.0872;2.494
Case 49094;3;60;32.8;0.0871;2.495
Case 49095;3;60;32.76;0.087;2.496
Case 49096;3;60;32.71;0.0869;2.498
Case 49097;3;60;32.67;0.0868;2.499
Case 49098;3;60;32.62;0.0867;2.5
Case 49099;3;60;32.58;0.0866;2.502
Case 49100;3;60;32.54;0.0865;2.503
Case 49101;3;60;32.49;0.0864;2.504
Case 49102;3;60;32.45;0.0863;2.506
Case 49103;3;60;32.4;0.0862;2.507
Case 49104;3;60;32.36;0.0861;2.508
Case 49105;3;60;32.32;0.086;2.51
Case 49106;3;60;32.28;0.0859;2.511
Case 49107;3;60;32.23;0.0858;2.512
Case 49108;3;60;32.19;0.0857;2.514
Case 49109;3;60;32.14;0.0856;2.515
Case 49110;3;60;32.1;0.0855;2.516
Case 49111;3;60;32.05;0.0854;2.518
Case 49112;3;60;32.01;0.0853;2.519
Case 49113;3;60;31.96;0.0852;2.52
Case 49114;3;60;31.92;0.0851;2.521
Case 49115;3;60;31.87;0.085;2.523
Case 49116;3;60;31.83;0.0849;2.524
Case 49117;3;60;31.79;0.0848;2.525
Case 49118;3;60;31.74;0.0847;2.527
Case 49119;3;60;31.7;0.0846;2.528
Case 49120;3;60;31.65;0.0845;2.529
Case 49121;3;60;31.61;0.0844;2.53
Case 49122;3;60;31.56;0.0843;2.532
Case 49123;3;60;31.52;0.0842;2.533
Case 49124;3;60;31.47;0.0841;2.534
Case 49125;3;60;31.43;0.084;2.535
Case 49126;3;60;31.38;0.0839;2.537
Case 49127;3;60;31.33;0.0838;2.538
Case 49128;3;60;31.28;0.0837;2.539
Case 49129;3;60;31.24;0.0836;2.54
Case 49130;3;60;31.19;0.0835;2.542
Case 49131;3;60;31.15;0.0834;2.543
Case 49132;3;60;31.1;0.0833;2.544
Case 49133;3;60;31.06;0.0832;2.545
Case 49134;3;60;31.01;0.0831;2.547
Case 49135;3;60;30.97;0.083;2.548
Case 49136;3;60;30.92;0.0829;2.549
Case 49137;3;60;30.87;0.0828;2.55
Case 49138;3;60;30.83;0.0827;2.552
Case 49139;3;60;30.78;0.0826;2.553
Case 49140;3;60;30.74;0.0825;2.554
Case 49141;3;60;30.69;0.0824;2.555
Case 49142;3;60;30.64;0.0823;2.557
Case 49143;3;60;30.59;0.0822;2.558
Case 49144;3;60;30.55;0.0821;2.559
Case 49145;3;60;30.5;0.082;2.56
Case 49146;3;60;30.46;0.0819;2.561
Case 49147;3;60;30.4;0.0818;2.563
Case 49148;3;60;30.36;0.0817;2.564
Case 49149;3;60;30.31;0.0816;2.565
Case 49150;3;60;30.27;0.0815;2.566
Case 49151;3;60;30.21;0.0814;2.567
Case 49152;3;60;30.17;0.0813;2.569
Case 49153;3;60;30.12;0.0812;2.57
Case 49154;3;60;30.07;0.0811;2.571
Case 49155;3;60;30.03;0.081;2.572
Case 49156;3;60;29.98;0.0809;2.573
Case 49157;3;60;29.94;0.0808;2.575
Case 49158;3;60;29.89;0.0807;2.576
Case 49159;3;60;29.86;0.0806;2.577
Case 49160;3;60;29.81;0.0805;2.578
Case 49161;3;60;29.77;0.0804;2.579
Case 49162;3;60;29.73;0.0803;2.581
Case 49163;3;60;29.69;0.0802;2.582
Case 49164;3;60;29.65;0.0801;2.583
Case 49165;3;60;29.61;0.08;2.584
Case 49166;3;60;29.57;0.0799;2.585
Case 49167;3;60;29.52;0.0798;2.586
Case 49168;3;60;29.49;0.0797;2.588
Case 49169;3;60;29.44;0.0796;2.589
Case 49170;3;60;29.4;0.0795;2.59
Case 49171;3;60;29.36;0.0794;2.591
Case 49172;3;60;29.32;0.0793;2.592
Case 49173;3;60;29.27;0.0792;2.593
Case 49174;3;60;29.23;0.0791;2.594
Case 49175;3;60;29.19;0.079;2.596
Case 49176;3;60;29.15;0.0789;2.597
Case 49177;3;60;29.1;0.0788;2.598
Case 49178;3;60;29.07;0.0787;2.599
Case 49179;3;60;29.03;0.0786;2.6
Case 49180;3;60;28.98;0.0785;2.601
Case 49181;3;60;28.95;0.0784;2.602
Case 49182;3;60;28.9;0.0783;2.604
Case 49183;3;60;28.86;0.0782;2.605
Case 49184;3;60;28.81;0.0781;2.606
Case 49185;3;60;28.78;0.078;2.607
Case 49186;3;60;28.73;0.0779;2.608
Case 49187;3;60;28.69;0.0778;2.609
Case 49188;3;60;28.65;0.0777;2.61
Case 49189;3;60;28.61;0.0776;2.611
Case 49190;3;60;28.56;0.0775;2.613
Case 49191;3;60;28.52;0.0774;2.614
Case 49192;3;60;28.48;0.0773;2.615
Case 49193;3;60;28.44;0.0772;2.616
Case 49194;3;60;28.39;0.0771;2.617
Case 49195;3;60;28.36;0.077;2.618
Case 49196;3;60;28.32;0.0769;2.619
Case 49197;3;60;28.27;0.0768;2.62
Case 49198;3;60;28.23;0.0767;2.621
Case 49199;3;60;28.19;0.0766;2.623
Case 49200;3;60;28.15;0.0765;2.624
Case 49201;3;60;28.1;0.0764;2.625
Case 49202;3;60;28.06;0.0763;2.626
Case 49203;3;60;28.02;0.0762;2.627
Case 49204;3;60;27.98;0.0761;2.628
Case 49205;3;60;27.93;0.076;2.629
Case 49206;3;60;27.89;0.0759;2.63
Case 49207;3;60;27.85;0.0758;2.631
Case 49208;3;60;27.81;0.0757;2.632
Case 49209;3;60;27.76;0.0756;2.633
Case 49210;3;60;27.72;0.0755;2.634
Case 49211;3;60;27.69;0.0754;2.636
Case 49212;3;60;27.64;0.0753;2.637
Case 49213;3;60;27.6;0.0752;2.638
Case 49214;3;60;27.55;0.0751;2.639
Case 49215;3;60;27.52;0.075;2.64
Case 49216;3;60;27.47;0.0749;2.641
Case 49217;3;60;27.43;0.0748;2.642
Case 49218;3;60;27.38;0.0747;2.643
Case 49219;3;60;27.35;0.0746;2.644
Case 49220;3;60;27.3;0.0745;2.645
Case 49221;3;60;27.26;0.0744;2.646
Case 49222;3;60;27.21;0.0743;2.647
Case 49223;3;60;27.17;0.0742;2.648
Case 49224;3;60;27.14;0.0741;2.649
Case 49225;3;60;27.09;0.074;2.65
Case 49226;3;60;27.05;0.0739;2.651
Case 49227;3;60;27;0.0738;2.652
Case 49228;3;60;26.96;0.0737;2.653
Case 49229;3;60;26.92;0.0736;2.654
Case 49230;3;60;26.88;0.0735;2.655
Case 49231;3;60;26.83;0.0734;2.657
Case 49232;3;60;26.79;0.0733;2.658
Case 49233;3;60;26.74;0.0732;2.659
Case 49234;3;60;26.71;0.0731;2.66
Case 49235;3;60;26.66;0.073;2.661
Case 49236;3;60;26.62;0.0729;2.662
Case 49237;3;60;26.57;0.0728;2.663
Case 49238;3;60;26.53;0.0727;2.664
Case 49239;3;60;26.49;0.0726;2.665
Case 49240;3;60;26.45;0.0725;2.666
Case 49241;3;60;26.41;0.0724;2.667
Case 49242;3;60;26.36;0.0723;2.668
Case 49243;3;60;26.32;0.0722;2.669
Case 49244;3;60;26.27;0.0721;2.67
Case 49245;3;60;26.23;0.072;2.671
Case 49246;3;60;26.19;0.0719;2.672
Case 49247;3;60;26.15;0.0718;2.673
Case 49248;3;60;26.1;0.0717;2.674
Case 49249;3;60;26.06;0.0716;2.675
Case 49250;3;60;26.01;0.0715;2.676
Case 49251;3;60;25.97;0.0714;2.677
Case 49252;3;60;25.93;0.0713;2.678
Case 49253;3;60;25.88;0.0712;2.679
Case 49254;3;60;25.85;0.0711;2.68
Case 49255;3;60;25.8;0.071;2.681
Case 49256;3;60;25.76;0.0709;2.682
Case 49257;3;60;25.71;0.0708;2.683
Case 49258;3;60;25.67;0.0707;2.684
Case 49259;3;60;25.62;0.0706;2.685
Case 49260;3;60;25.58;0.0705;2.686
Case 49261;3;60;25.53;0.0704;2.686
Case 49262;3;60;25.49;0.0703;2.687
Case 49263;3;60;25.45;0.0702;2.688
Case 49264;3;60;25.41;0.0701;2.689
Case 49265;3;60;25.36;0.07;2.69
Case 49266;3;60;25.32;0.0699;2.691
Case 49267;3;60;25.28;0.0698;2.692
Case 49268;3;60;25.23;0.0697;2.693
Case 49269;3;60;25.19;0.0696;2.694
Case 49270;3;60;25.14;0.0695;2.695
Case 49271;3;60;25.1;0.0694;2.696
Case 49272;3;60;25.05;0.0693;2.697
Case 49273;3;60;25.01;0.0692;2.698
Case 49274;3;60;24.96;0.0691;2.699
Case 49275;3;60;24.92;0.069;2.7
Case 49276;3;60;24.87;0.0689;2.701
Case 49277;3;60;24.83;0.0688;2.702
Case 49278;3;60;24.78;0.0687;2.703
Case 49279;3;60;24.74;0.0686;2.704
Case 49280;3;60;24.7;0.0685;2.705
Case 49281;3;60;24.65;0.0684;2.706
Case 49282;3;60;24.61;0.0683;2.706
Case 49283;3;60;24.56;0.0682;2.707
Case 49284;3;60;24.52;0.0681;2.708
Case 49285;3;60;24.47;0.068;2.709
Case 49286;3;60;24.43;0.0679;2.71
Case 49287;3;60;24.38;0.0678;2.711
Case 49288;3;60;24.34;0.0677;2.712
Case 49289;3;60;24.29;0.0676;2.713
Case 49290;3;60;24.25;0.0675;2.714
Case 49291;3;60;24.2;0.0674;2.715
Case 49292;3;60;24.16;0.0673;2.716
Case 49293;3;60;24.12;0.0672;2.717
Case 49294;3;60;24.07;0.0671;2.717
Case 49295;3;60;24.03;0.067;2.718
Case 49296;3;60;23.98;0.0669;2.719
Case 49297;3;60;23.94;0.0668;2.72
Case 49298;3;60;23.89;0.0667;2.721
Case 49299;3;60;23.85;0.0666;2.722
Case 49300;3;60;23.8;0.0665;2.723
Case 49301;3;60;23.75;0.0664;2.724
Case 49302;3;60;23.7;0.0663;2.725
Case 49303;3;60;23.66;0.0662;2.726
Case 49304;3;60;23.62;0.0661;2.726
Case 49305;3;60;23.57;0.066;2.727
Case 49306;3;60;23.53;0.0659;2.728
Case 49307;3;60;23.48;0.0658;2.729
Case 49308;3;60;23.44;0.0657;2.73
Case 49309;3;60;23.39;0.0656;2.731
Case 49310;3;60;23.34;0.0655;2.732
Case 49311;3;60;23.29;0.0654;2.733
Case 49312;3;60;23.25;0.0653;2.734
Case 49313;3;60;23.2;0.0652;2.734
Case 49314;3;60;23.16;0.0651;2.735
Case 49315;3;60;23.12;0.065;2.736
Case 49316;3;60;23.06;0.0649;2.737
Case 49317;3;60;23.02;0.0648;2.738
Case 49318;3;60;22.97;0.0647;2.739
Case 49319;3;60;22.93;0.0646;2.74
Case 49320;3;60;22.88;0.0645;2.741
Case 49321;3;60;22.83;0.0644;2.741
Case 49322;3;60;22.78;0.0643;2.742
Case 49323;3;60;22.74;0.0642;2.743
Case 49324;3;60;22.69;0.0641;2.744
Case 49325;3;60;22.64;0.064;2.745
Case 49326;3;60;22.6;0.0639;2.746
Case 49327;3;60;22.55;0.0638;2.747
Case 49328;3;60;22.51;0.0637;2.747
Case 49329;3;60;22.45;0.0636;2.748
Case 49330;3;60;22.41;0.0635;2.749
Case 49331;3;60;22.36;0.0634;2.75
Case 49332;3;60;22.32;0.0633;2.751
Case 49333;3;60;22.26;0.0632;2.752
Case 49334;3;60;22.22;0.0631;2.752
Case 49335;3;60;22.17;0.063;2.753
Case 49336;3;60;22.12;0.0629;2.754
Case 49337;3;60;22.08;0.0628;2.755
Case 49338;3;60;22.03;0.0627;2.756
Case 49339;3;60;21.98;0.0626;2.757
Case 49340;3;60;21.93;0.0625;2.757
Case 49341;3;60;21.89;0.0624;2.758
Case 49342;3;60;21.83;0.0623;2.759
Case 49343;3;60;21.79;0.0622;2.76
Case 49344;3;60;21.74;0.0621;2.761
Case 49345;3;60;21.69;0.062;2.762
Case 49346;3;60;21.64;0.0619;2.762
Case 49347;3;60;21.59;0.0618;2.763
Case 49348;3;60;21.55;0.0617;2.764
Case 49349;3;60;21.5;0.0616;2.765
Case 49350;3;60;21.45;0.0615;2.766
Case 49351;3;60;21.4;0.0614;2.766
Case 49352;3;60;21.35;0.0613;2.767
Case 49353;3;60;21.3;0.0612;2.768
Case 49354;3;60;21.25;0.0611;2.769
Case 49355;3;60;21.2;0.061;2.77
Case 49356;3;60;21.15;0.0609;2.77
Case 49357;3;60;21.1;0.0608;2.771
Case 49358;3;60;21.05;0.0607;2.772
Case 49359;3;60;21.01;0.0606;2.773
Case 49360;3;60;20.95;0.0605;2.774
Case 49361;3;60;20.91;0.0604;2.774
Case 49362;3;60;20.85;0.0603;2.775
Case 49363;3;60;20.81;0.0602;2.776
Case 49364;3;60;20.75;0.0601;2.777
Case 49365;3;60;20.71;0.06;2.778
Case 49366;3;60;20.65;0.0599;2.778
Case 49367;3;60;20.61;0.0598;2.779
Case 49368;3;60;20.55;0.0597;2.78
Case 49369;3;60;20.5;0.0596;2.781
Case 49370;3;60;20.46;0.0595;2.782
Case 49371;3;60;20.4;0.0594;2.782
Case 49372;3;60;20.36;0.0593;2.783
Case 49373;3;60;20.3;0.0592;2.784
Case 49374;3;60;20.25;0.0591;2.785
Case 49375;3;60;20.2;0.059;2.785
Case 49376;3;60;20.15;0.0589;2.786
Case 49377;3;60;20.09;0.0588;2.787
Case 49378;3;60;20.05;0.0587;2.788
Case 49379;3;60;20;0.0586;2.788
Case 49380;3;60;19.94;0.0585;2.789
Case 49381;3;60;19.9;0.0584;2.79
Case 49382;3;60;19.85;0.0583;2.791
Case 49383;3;60;19.8;0.0582;2.792
Case 49384;3;60;19.75;0.0581;2.792
Case 49385;3;60;19.7;0.058;2.793
Case 49386;3;60;19.65;0.0579;2.794
Case 49387;3;60;19.6;0.0578;2.795
Case 49388;3;60;19.55;0.0577;2.795
Case 49389;3;60;19.5;0.0576;2.796
Case 49390;3;60;19.46;0.0575;2.797
Case 49391;3;60;19.4;0.0574;2.798
Case 49392;3;60;19.36;0.0573;2.798
Case 49393;3;60;19.3;0.0572;2.799
Case 49394;3;60;19.26;0.0571;2.8
Case 49395;3;60;19.2;0.057;2.8
Case 49396;3;60;19.16;0.0569;2.801
Case 49397;3;60;19.1;0.0568;2.802
Case 49398;3;60;19.06;0.0567;2.803
Case 49399;3;60;19.01;0.0566;2.803
Case 49400;3;60;18.96;0.0565;2.804
Case 49401;3;60;18.91;0.0564;2.805
Case 49402;3;60;18.86;0.0563;2.806
Case 49403;3;60;18.81;0.0562;2.806
Case 49404;3;60;18.76;0.0561;2.807
Case 49405;3;60;18.71;0.056;2.808
Case 49406;3;60;18.65;0.0559;2.809
Case 49407;3;60;18.61;0.0558;2.809
Case 49408;3;60;18.56;0.0557;2.81
Case 49409;3;60;18.5;0.0556;2.811
Case 49410;3;60;18.46;0.0555;2.811
Case 49411;3;60;18.4;0.0554;2.812
Case 49412;3;60;18.36;0.0553;2.813
Case 49413;3;60;18.3;0.0552;2.814
Case 49414;3;60;18.25;0.0551;2.814
Case 49415;3;60;18.2;0.055;2.815
Case 49416;3;60;18.15;0.0549;2.816
Case 49417;3;60;18.1;0.0548;2.816
Case 49418;3;60;18.05;0.0547;2.817
Case 49419;3;60;18;0.0546;2.818
Case 49420;3;60;17.94;0.0545;2.818
Case 49421;3;60;17.89;0.0544;2.819
Case 49422;3;60;17.84;0.0543;2.82
Case 49423;3;60;17.79;0.0542;2.821
Case 49424;3;60;17.73;0.0541;2.821
Case 49425;3;60;17.69;0.054;2.822
Case 49426;3;60;17.64;0.0539;2.823
Case 49427;3;60;17.58;0.0538;2.823
Case 49428;3;60;17.53;0.0537;2.824
Case 49429;3;60;17.47;0.0536;2.825
Case 49430;3;60;17.43;0.0535;2.825
Case 49431;3;60;17.37;0.0534;2.826
Case 49432;3;60;17.32;0.0533;2.827
Case 49433;3;60;17.26;0.0532;2.827
Case 49434;3;60;17.21;0.0531;2.828
Case 49435;3;60;17.17;0.053;2.829
Case 49436;3;60;17.11;0.0529;2.829
Case 49437;3;60;17.06;0.0528;2.83
Case 49438;3;60;17;0.0527;2.831
Case 49439;3;60;16.95;0.0526;2.831
Case 49440;3;60;16.89;0.0525;2.832
Case 49441;3;60;16.84;0.0524;2.833
Case 49442;3;60;16.79;0.0523;2.833
Case 49443;3;60;16.73;0.0522;2.834
Case 49444;3;60;16.69;0.0521;2.835
Case 49445;3;60;16.63;0.052;2.835
Case 49446;3;60;16.58;0.0519;2.836
Case 49447;3;60;16.52;0.0518;2.837
Case 49448;3;60;16.47;0.0517;2.837
Case 49449;3;60;16.41;0.0516;2.838
Case 49450;3;60;16.36;0.0515;2.839
Case 49451;3;60;16.31;0.0514;2.839
Case 49452;3;60;16.25;0.0513;2.84
Case 49453;3;60;16.2;0.0512;2.841
Case 49454;3;60;16.14;0.0511;2.841
Case 49455;3;60;16.09;0.051;2.842
Case 49456;3;60;16.03;0.0509;2.843
Case 49457;3;60;15.98;0.0508;2.843
Case 49458;3;60;15.92;0.0507;2.844
Case 49459;3;60;15.86;0.0506;2.845
Case 49460;3;60;15.81;0.0505;2.845
Case 49461;3;60;15.75;0.0504;2.846
Case 49462;3;60;15.7;0.0503;2.846
Case 49463;3;60;15.64;0.0502;2.847
Case 49464;3;60;15.59;0.0501;2.848
Case 49465;3;60;15.53;0.05;2.848
Case 49466;3;60;15.47;0.0499;2.849
Case 49467;3;60;15.42;0.0498;2.85
Case 49468;3;60;15.36;0.0497;2.85
Case 49469;3;60;15.31;0.0496;2.851
Case 49470;3;60;15.25;0.0495;2.852
Case 49471;3;60;15.19;0.0494;2.852
Case 49472;3;60;15.13;0.0493;2.853
Case 49473;3;60;15.08;0.0492;2.853
Case 49474;3;60;15.03;0.0491;2.854
Case 49475;3;60;14.96;0.049;2.855
Case 49476;3;60;14.91;0.0489;2.855
Case 49477;3;60;14.85;0.0488;2.856
Case 49478;3;60;14.79;0.0487;2.856
Case 49479;3;60;14.73;0.0486;2.857
Case 49480;3;60;14.68;0.0485;2.858
Case 49481;3;60;14.62;0.0484;2.858
Case 49482;3;60;14.56;0.0483;2.859
Case 49483;3;60;14.51;0.0482;2.859
Case 49484;3;60;14.44;0.0481;2.86
Case 49485;3;60;14.39;0.048;2.861
Case 49486;3;60;14.32;0.0479;2.861
Case 49487;3;60;14.27;0.0478;2.862
Case 49488;3;60;14.2;0.0477;2.862
Case 49489;3;60;14.15;0.0476;2.863
Case 49490;3;60;14.09;0.0475;2.864
Case 49491;3;60;14.03;0.0474;2.864
Case 49492;3;60;13.97;0.0473;2.865
Case 49493;3;60;13.91;0.0472;2.865
Case 49494;3;60;13.85;0.0471;2.866
Case 49495;3;60;13.79;0.047;2.867
Case 49496;3;60;13.73;0.0469;2.867
Case 49497;3;60;13.67;0.0468;2.868
Case 49498;3;60;13.61;0.0467;2.868
Case 49499;3;60;13.55;0.0466;2.869
Case 49500;3;60;13.48;0.0465;2.87
Case 49501;3;60;13.43;0.0464;2.87
Case 49502;3;60;13.36;0.0463;2.871
Case 49503;3;60;13.3;0.0462;2.871
Case 49504;3;60;13.25;0.0461;2.872
Case 49505;3;60;13.18;0.046;2.872
Case 49506;3;60;13.12;0.0459;2.873
Case 49507;3;60;13.05;0.0458;2.874
Case 49508;3;60;12.99;0.0457;2.874
Case 49509;3;60;12.93;0.0456;2.875
Case 49510;3;60;12.87;0.0455;2.875
Case 49511;3;60;12.81;0.0454;2.876
Case 49512;3;60;12.74;0.0453;2.876
Case 49513;3;60;12.68;0.0452;2.877
Case 49514;3;60;12.61;0.0451;2.878
Case 49515;3;60;12.55;0.045;2.878
Case 49516;3;60;12.48;0.0449;2.879
Case 49517;3;60;12.42;0.0448;2.879
Case 49518;3;60;12.36;0.0447;2.88
Case 49519;3;60;12.29;0.0446;2.88
Case 49520;3;60;12.23;0.0445;2.881
Case 49521;3;60;12.16;0.0444;2.881
Case 49522;3;60;12.1;0.0443;2.882
Case 49523;3;60;12.03;0.0442;2.883
Case 49524;3;60;11.97;0.0441;2.883
Case 49525;3;60;11.91;0.044;2.884
Case 49526;3;60;11.83;0.0439;2.884
Case 49527;3;60;11.77;0.0438;2.885
Case 49528;3;60;11.7;0.0437;2.885
Case 49529;3;60;11.64;0.0436;2.886
Case 49530;3;60;11.57;0.0435;2.886
Case 49531;3;60;11.5;0.0434;2.887
Case 49532;3;60;11.44;0.0433;2.887
Case 49533;3;60;11.36;0.0432;2.888
Case 49534;3;60;11.3;0.0431;2.888
Case 49535;3;60;11.23;0.043;2.889
Case 49536;3;60;11.16;0.0429;2.89
Case 49537;3;60;11.1;0.0428;2.89
Case 49538;3;60;11.02;0.0427;2.891
Case 49539;3;60;10.96;0.0426;2.891
Case 49540;3;60;10.88;0.0425;2.892
Case 49541;3;60;10.82;0.0424;2.892
Case 49542;3;60;10.74;0.0423;2.893
Case 49543;3;60;10.68;0.0422;2.893
Case 49544;3;60;10.61;0.0421;2.894
Case 49545;3;60;10.53;0.042;2.894
Case 49546;3;60;10.47;0.0419;2.895
Case 49547;3;60;10.39;0.0418;2.895
Case 49548;3;60;10.32;0.0417;2.896
Case 49549;3;60;10.25;0.0416;2.896
Case 49550;3;60;10.17;0.0415;2.897
Case 49551;3;60;10.11;0.0414;2.897
Case 49552;3;60;10.03;0.0413;2.898
Case 49553;3;60;9.96;0.0412;2.898
Case 49555;3;60;9.84;0.041;2.899
Case 49556;3;60;9.77;0.0409;2.9
Case 49557;3;60;9.71;0.0408;2.9
Case 49558;3;60;9.63;0.0407;2.901
Case 49559;3;60;9.57;0.0406;2.901
Case 49560;3;60;9.51;0.0405;2.902
Case 49561;3;60;9.44;0.0404;2.902
Case 49562;3;60;9.38;0.0403;2.903
Case 49563;3;60;9.31;0.0402;2.903
Case 49564;3;60;9.25;0.0401;2.904
Case 49565;3;60;9.18;0.04;2.904
Case 49566;3;60;9.12;0.0399;2.905
Case 49567;3;60;9.05;0.0398;2.905
Case 49568;3;60;8.98;0.0397;2.906
Case 49569;3;60;8.92;0.0396;2.906
Case 49570;3;60;8.85;0.0395;2.907
Case 49571;3;60;8.79;0.0394;2.907
Case 49572;3;60;8.72;0.0393;2.908
Case 49573;3;60;8.65;0.0392;2.908
Case 49574;3;60;8.59;0.0391;2.909
Case 49575;3;60;8.52;0.039;2.909
Case 49576;3;60;8.45;0.0389;2.91
Case 49577;3;60;8.39;0.0388;2.91
Case 49578;3;60;8.32;0.0387;2.911
Case 49579;3;60;8.25;0.0386;2.911
Case 49580;3;60;8.18;0.0385;2.912
Case 49581;3;60;8.12;0.0384;2.912
Case 49582;3;60;8.04;0.0383;2.912
Case 49583;3;60;7.98;0.0382;2.913
Case 49584;3;60;7.92;0.0381;2.913
Case 49585;3;60;7.84;0.038;2.914
Case 49586;3;60;7.78;0.0379;2.914
Case 49587;3;60;7.7;0.0378;2.915
Case 49588;3;60;7.64;0.0377;2.915
Case 49589;3;60;7.57;0.0376;2.916
Case 49590;3;60;7.5;0.0375;2.916
Case 49591;3;60;7.43;0.0374;2.917
Case 49592;3;60;7.36;0.0373;2.917
Case 49593;3;60;7.29;0.0372;2.918
Case 49594;3;60;7.23;0.0371;2.918
Case 49595;3;60;7.15;0.037;2.918
Case 49596;3;60;7.09;0.0369;2.919
Case 49597;3;60;7.01;0.0368;2.919
Case 49599;3;60;6.87;0.0366;2.92
Case 49600;3;60;6.81;0.0365;2.921
Case 49601;3;60;6.73;0.0364;2.921
Case 49603;3;60;6.59;0.0362;2.922
Case 49604;3;60;6.52;0.0361;2.922
Case 49605;3;60;6.45;0.036;2.923
Case 49607;3;60;6.31;0.0358;2.924
Case 49608;3;60;6.23;0.0357;2.924
Case 49609;3;60;6.16;0.0356;2.925
Case 49610;3;60;6.09;0.0355;2.925
Case 49611;3;60;6.02;0.0354;2.925
Case 49612;3;60;5.95;0.0353;2.926
Case 49613;3;60;5.87;0.0352;2.926
Case 49614;3;60;5.8;0.0351;2.927
Case 49615;3;60;5.73;0.035;2.927
Case 49616;3;60;5.65;0.0349;2.928
Case 49617;3;60;5.58;0.0348;2.928
Case 49618;3;60;5.5;0.0347;2.928
Case 49619;3;60;5.43;0.0346;2.929
Case 49620;3;60;5.36;0.0345;2.929
Case 49621;3;60;5.28;0.0344;2.93
Case 49622;3;60;5.21;0.0343;2.93
Case 49623;3;60;5.13;0.0342;2.931
Case 49624;3;60;5.06;0.0341;2.931
Case 49625;3;60;4.99;0.034;2.931
Case 49626;3;60;4.91;0.0339;2.932
Case 49627;3;60;4.84;0.0338;2.932
Case 49628;3;60;4.76;0.0337;2.933
Case 49629;3;60;4.69;0.0336;2.933
Case 49630;3;60;4.62;0.0335;2.933
Case 49631;3;60;4.53;0.0334;2.934
Case 49633;3;60;4.38;0.0332;2.935
Case 49634;3;60;4.31;0.0331;2.935
Case 49635;3;60;4.23;0.033;2.935
Case 49636;3;60;4.15;0.0329;2.936
Case 49637;3;60;4.07;0.0328;2.936
Case 49638;3;60;4;0.0327;2.937
Case 49639;3;60;3.92;0.0326;2.937
Case 49640;3;60;3.84;0.0325;2.937
Case 49641;3;60;3.77;0.0324;2.938
Case 49642;3;60;3.68;0.0323;2.938
Case 49643;3;60;3.61;0.0322;2.939
Case 49644;3;60;3.53;0.0321;2.939
Case 49645;3;60;3.45;0.032;2.939
Case 49646;3;60;3.37;0.0319;2.94
Case 49647;3;60;3.28;0.0318;2.94
Case 49648;3;60;3.21;0.0317;2.94
Case 49649;3;60;3.13;0.0316;2.941
Case 49650;3;60;3.05;0.0315;2.941
Case 49651;3;60;2.97;0.0314;2.942
Case 49652;3;60;2.89;0.0313;2.942
Case 49653;3;60;2.8;0.0312;2.942
Case 49654;3;60;2.73;0.0311;2.943
Case 49656;3;60;2.56;0.0309;2.943
Case 49657;3;60;2.48;0.0308;2.944
Case 49658;3;60;2.4;0.0307;2.944
Case 49659;3;60;2.31;0.0306;2.945
Case 49660;3;60;2.23;0.0305;2.945
Case 49661;3;60;2.15;0.0304;2.945
Case 49662;3;60;2.06;0.0303;2.946
Case 49663;3;60;1.98;0.0302;2.946
Case 49664;3;60;1.89;0.0301;2.946
Case 49665;3;60;1.81;0.03;2.947
Case 49666;3;60;1.73;0.0299;2.947
Case 49667;3;60;1.64;0.0298;2.947
Case 49668;3;60;1.56;0.0297;2.948
Case 49669;3;60;1.46;0.0296;2.948
Case 49670;3;60;1.38;0.0295;2.949
Case 49671;3;60;1.3;0.0294;2.949
Case 49672;3;60;1.21;0.0293;2.949
Case 49673;3;60;1.12;0.0292;2.95
Case 49674;3;60;1.04;0.0291;2.95
Case 49676;3;60;0.86;0.0289;2.951
Case 49677;3;60;0.77;0.0288;2.951
Case 49678;3;60;0.69;0.0287;2.951
Case 49679;3;60;0.59;0.0286;2.952
Case 49680;3;60;0.51;0.0285;2.952
Case 49681;3;60;0.41;0.0284;2.952
Case 49682;3;60;0.32;0.0283;2.953
Case 49683;3;60;0.24;0.0282;2.953
Case 49684;3;60;0.14;0.0281;2.953
Case 49685;3;60;0.05;0.028;2.954
Case 49686;3;60;0;0.0279;2.954
Case 49687;3;60;0;0.0278;2.954
Case 49688;3;60;0;0.0277;2.955
Case 49689;3;60;0;0.0276;2.955
Case 49690;3;60;0;0.0275;2.955
Case 49691;3;60;0;0.0274;2.956
Case 49692;3;60;0;0.0273;2.956
Case 49693;3;60;0;0.0272;2.956
Case 49694;3;60;0;0.0271;2.957
Case 49695;3;60;0;0.027;2.957
Case 49696;3;60;0;0.0269;2.957
Case 49697;3;60;0;0.0268;2.958
Case 49698;3;60;0;0.0267;2.958
Case 49699;3;60;0;0.0266;2.958
Case 49700;3;60;0;0.0265;2.959
Case 49701;3;60;0;0.0264;2.959
Case 49702;3;60;0;0.0263;2.959
Case 49703;3;60;0;0.0262;2.96
Case 49704;3;60;0;0.0261;2.96
Case 49705;3;60;0;0.026;2.96
Case 49706;3;60;0;0.0259;2.96
Case 49707;3;60;0;0.0258;2.961
Case 49708;3;60;0;0.0257;2.961
Case 49709;3;60;0;0.0256;2.961
Case 49710;3;60;0;0.0255;2.962
Case 49711;3;60;0;0.0254;2.962
Case 49712;3;60;0;0.0253;2.962
Case 49713;3;60;0;0.0252;2.963
Case 49714;3;60;0;0.0251;2.963
Case 49715;3;60;0;0.025;2.963
Case 49716;3;60;0;0.0249;2.963
Case 49717;3;60;0;0.0248;2.964
Case 49718;3;60;0;0.0247;2.964
Case 49719;3;60;0;0.0246;2.964
Case 49720;3;60;0;0.0245;2.965
Case 49721;3;60;0;0.0244;2.965
Case 49722;3;60;0;0.0243;2.965
Case 49723;3;60;0;0.0242;2.966
Case 49724;3;60;0;0.0241;2.966
Case 49725;3;60;0;0.024;2.966
Case 49726;3;60;0;0.0239;2.966
Case 49727;3;60;0;0.0238;2.967
Case 49728;3;60;0;0.0237;2.967
Case 49729;3;60;0;0.0236;2.967
Case 49730;3;60;0;0.0235;2.968
Case 49731;3;60;0;0.0234;2.968
Case 49732;3;60;0;0.0233;2.968
Case 49733;3;60;0;0.0232;2.968
Case 49734;3;60;0;0.0231;2.969
Case 49735;3;60;0;0.023;2.969
Case 49736;3;60;0;0.0229;2.969
Case 49737;3;60;0;0.0228;2.969
Case 49738;3;60;0;0.0227;2.97
Case 49739;3;60;0;0.0226;2.97
Case 49740;3;60;0;0.0225;2.97
Case 49741;3;60;0;0.0224;2.97
Case 49742;3;60;0;0.0223;2.971
Case 49743;3;60;0;0.0222;2.971
Case 49744;3;60;0;0.0221;2.971
Case 49745;3;60;0;0.022;2.972
Case 49746;3;60;0;0.0219;2.972
Case 49747;3;60;0;0.0218;2.972
Case 49748;3;60;0;0.0217;2.972
Case 49749;3;60;0;0.0216;2.973
Case 49750;3;60;0;0.0215;2.973
Case 49751;3;60;0;0.0214;2.973
Case 49752;3;60;0;0.0213;2.973
Case 49753;3;60;0;0.0212;2.974
Case 49754;3;60;0;0.0211;2.974
Case 49755;3;60;0;0.021;2.974
Case 49756;3;60;0;0.0209;2.974
Case 49757;3;60;0;0.0208;2.975
Case 49758;3;60;0;0.0207;2.975
Case 49759;3;60;0;0.0206;2.975
Case 49760;3;60;0;0.0205;2.975
Case 49761;3;60;0;0.0204;2.976
Case 49762;3;60;0;0.0203;2.976
Case 49763;3;60;0;0.0202;2.976
Case 49764;3;60;0;0.0201;2.976
Case 49765;3;60;0;0.02;2.977
Case 49766;3;60;0;0.0199;2.977
Case 49767;3;60;0;0.0198;2.977
Case 49768;3;60;0;0.0197;2.977
Case 49769;3;60;0;0.0196;2.977
Case 49770;3;60;0;0.0195;2.978
Case 49771;3;60;0;0.0194;2.978
Case 49772;3;60;0;0.0193;2.978
Case 49773;3;60;0;0.0192;2.978
Case 49774;3;60;0;0.0191;2.979
Case 49775;3;60;0;0.019;2.979
Case 49776;3;60;0;0.0189;2.979
Case 49777;3;60;0;0.0188;2.979
Case 49778;3;60;0;0.0187;2.979
Case 49779;3;60;0;0.0186;2.98
Case 49780;3;60;0;0.0185;2.98
Case 49781;3;60;0;0.0184;2.98
Case 49782;3;60;0;0.0183;2.98
Case 49783;3;60;0;0.0182;2.981
Case 49784;3;60;0;0.0181;2.981
Case 49785;3;60;0;0.018;2.981
Case 49786;3;60;0;0.0179;2.981
Case 49787;3;60;0;0.0178;2.981
Case 49788;3;60;0;0.0177;2.982
Case 49789;3;60;0;0.0176;2.982
Case 49790;3;60;0;0.0175;2.982
Case 49791;3;60;0;0.0174;2.982
Case 49792;3;60;0;0.0173;2.982
Case 49793;3;60;0;0.0172;2.983
Case 49794;3;60;0;0.0171;2.983
Case 49795;3;60;0;0.017;2.983
Case 49796;3;60;0;0.0169;2.983
Case 49797;3;60;0;0.0168;2.983
Case 49798;3;60;0;0.0167;2.984
Case 49799;3;60;0;0.0166;2.984
Case 49800;3;60;0;0.0165;2.984
Case 49801;3;60;0;0.0164;2.984
Case 49802;3;60;0;0.0163;2.984
Case 49803;3;60;0;0.0162;2.985
Case 49804;3;60;0;0.0161;2.985
Case 49805;3;60;0;0.016;2.985
Case 49806;3;60;0;0.0159;2.985
Case 49807;3;60;0;0.0158;2.985
Case 49808;3;60;0;0.0157;2.986
Case 49809;3;60;0;0.0156;2.986
Case 49810;3;60;0;0.0155;2.986
Case 49811;3;60;0;0.0154;2.986
Case 49812;3;60;0;0.0153;2.986
Case 49813;3;60;0;0.0152;2.986
Case 49814;3;60;0;0.0151;2.987
Case 49815;3;60;0;0.015;2.987
Case 49816;3;60;0;0.0149;2.987
Case 49817;3;60;0;0.0148;2.987
Case 49818;3;60;0;0.0147;2.987
Case 49819;3;60;0;0.0146;2.988
Case 49820;3;60;0;0.0145;2.988
Case 49821;3;60;0;0.0144;2.988
Case 49822;3;60;0;0.0143;2.988
Case 49823;3;60;0;0.0142;2.988
Case 49824;3;60;0;0.0141;2.988
Case 49825;3;60;0;0.014;2.989
Case 49826;3;60;0;0.0139;2.989
Case 49827;3;60;0;0.0138;2.989
Case 49828;3;60;0;0.0137;2.989
Case 49829;3;60;0;0.0136;2.989
Case 49830;3;60;0;0.0135;2.989
Case 49831;3;60;0;0.0134;2.989
Case 49832;3;60;0;0.0133;2.99
Case 49833;3;60;0;0.0132;2.99
Case 49834;3;60;0;0.0131;2.99
Case 49835;3;60;0;0.013;2.99
Case 49836;3;60;0;0.0129;2.99
Case 49837;3;60;0;0.0128;2.99
Case 49838;3;60;0;0.0127;2.991
Case 49839;3;60;0;0.0126;2.991
Case 49840;3;60;0;0.0125;2.991
Case 49841;3;60;0;0.0124;2.991
Case 49842;3;60;0;0.0123;2.991
Case 49843;3;60;0;0.0122;2.991
Case 49844;3;60;0;0.0121;2.991
Case 49845;3;60;0;0.012;2.992
Case 49846;3;60;0;0.0119;2.992
Case 49847;3;60;0;0.0118;2.992
Case 49848;3;60;0;0.0117;2.992
Case 49849;3;60;0;0.0116;2.992
Case 49850;3;60;0;0.0115;2.992
Case 49851;3;60;0;0.0114;2.992
Case 49852;3;60;0;0.0113;2.993
Case 49853;3;60;0;0.0112;2.993
Case 49854;3;60;0;0.0111;2.993
Case 49855;3;60;0;0.011;2.993
Case 49856;3;60;0;0.0109;2.993
Case 49857;3;60;0;0.0108;2.993
Case 49858;3;60;0;0.0107;2.993
Case 49859;3;60;0;0.0106;2.993
Case 49860;3;60;0;0.0105;2.994
Case 49861;3;60;0;0.0104;2.994
Case 49862;3;60;0;0.0103;2.994
Case 49863;3;60;0;0.0102;2.994
Case 49864;3;60;0;0.0101;2.994
Case 49865;3;60;0;0.01;2.994
Case 49866;3;60;0;0.0099;2.994
Case 49867;3;60;0;0.0098;2.994
Case 49868;3;60;0;0.0097;2.995
Case 49869;3;60;0;0.0096;2.995
Case 49870;3;60;0;0.0095;2.995
Case 49871;3;60;0;0.0094;2.995
Case 49872;3;60;0;0.0093;2.995
Case 49873;3;60;0;0.0092;2.995
Case 49874;3;60;0;0.0091;2.995
Case 49875;3;60;0;0.009;2.995
Case 49876;3;60;0;0.0089;2.995
Case 49877;3;60;0;0.0088;2.995
Case 49878;3;60;0;0.0087;2.996
Case 49879;3;60;0;0.0086;2.996
Case 49880;3;60;0;0.0085;2.996
Case 49881;3;60;0;0.0084;2.996
Case 49882;3;60;0;0.0083;2.996
Case 49883;3;60;0;0.0082;2.996
Case 49884;3;60;0;0.0081;2.996
Case 49885;3;60;0;0.008;2.996
Case 49886;3;60;0;0.0079;2.996
Case 49887;3;60;0;0.0078;2.996
Case 49888;3;60;0;0.0077;2.997
Case 49889;3;60;0;0.0076;2.997
Case 49890;3;60;0;0.0075;2.997
Case 49891;3;60;0;0.0074;2.997
Case 49892;3;60;0;0.0073;2.997
Case 49893;3;60;0;0.0072;2.997
Case 49894;3;60;0;0.0071;2.997
Case 49895;3;60;0;0.007;2.997
Case 49896;3;60;0;0.0069;2.997
Case 49897;3;60;0;0.0068;2.997
Case 49898;3;60;0;0.0067;2.997
Case 49899;3;60;0;0.0066;2.997
Case 49900;3;60;0;0.0065;2.998
Case 49901;3;60;0;0.0064;2.998
Case 49902;3;60;0;0.0063;2.998
Case 49903;3;60;0;0.0062;2.998
Case 49904;3;60;0;0.0061;2.998
Case 49905;3;60;0;0.006;2.998
Case 49906;3;60;0;0.0059;2.998
Case 49907;3;60;0;0.0058;2.998
Case 49908;3;60;0;0.0057;2.998
Case 49909;3;60;0;0.0056;2.998
Case 49910;3;60;0;0.0055;2.998
Case 49911;3;60;0;0.0054;2.998
Case 49912;3;60;0;0.0053;2.998
Case 49913;3;60;0;0.0052;2.998
Case 49914;3;60;0;0.0051;2.998
Case 49915;3;60;0;0.005;2.999
Case 49916;3;60;0;0.0049;2.999
Case 49917;3;60;0;0.0048;2.999
Case 49918;3;60;0;0.0047;2.999
Case 49919;3;60;0;0.0046;2.999
Case 49920;3;60;0;0.0045;2.999
Case 49921;3;60;0;0.0044;2.999
Case 49922;3;60;0;0.0043;2.999
Case 49923;3;60;0;0.0042;2.999
Case 49924;3;60;0;0.0041;2.999
Case 49925;3;60;0;0.004;2.999
Case 49926;3;60;0;0.0039;2.999
Case 49927;3;60;0;0.0038;2.999
Case 49928;3;60;0;0.0037;2.999
Case 49929;3;60;0;0.0036;2.999
Case 49930;3;60;0;0.0035;2.999
Case 49931;3;60;0;0.0034;2.999
Case 49932;3;60;0;0.0033;2.999
Case 49933;3;60;0;0.0032;2.999
Case 49934;3;60;0;0.0031;2.999
Case 49935;3;60;0;0.003;2.999
Case 49936;3;60;0;0.0029;3
Case 49937;3;60;0;0.0028;3
Case 49938;3;60;0;0.0027;3
Case 49939;3;60;0;0.0026;3
Case 49940;3;60;0;0.0025;3
Case 49941;3;60;0;0.0024;3
Case 49942;3;60;0;0.0023;3
Case 49943;3;60;0;0.0022;3
Case 49944;3;60;0;0.0021;3
Case 49945;3;60;0;0.002;3
Case 49946;3;60;0;0.0019;3
Case 49947;3;60;0;0.0018;3
Case 49948;3;60;0;0.0017;3
Case 49949;3;60;0;0.0016;3
Case 49950;3;60;0;0.0015;3
Case 49951;3;60;0;0.0014;3
Case 49952;3;60;0;0.0013;3
Case 49953;3;60;0;0.0012;3
Case 49954;3;60;0;0.0011;3
Case 49955;3;60;0;0.001;3
Case 59000;3;50;100;0.0956;0.5378
Case 59001;3;50;100;0.0955;0.583
Case 59002;3;50;100;0.0954;0.6204
Case 59003;3;50;100;0.0953;0.6529
Case 59004;3;50;100;0.0952;0.6821
Case 59005;3;50;100;0.0951;0.7087
Case 59006;3;50;100;0.095;0.7333
Case 59007;3;50;100;0.0949;0.7563
Case 59008;3;50;100;0.0948;0.778
Case 59009;3;50;100;0.0947;0.7985
Case 59010;3;50;100;0.0946;0.818
Case 59011;3;50;92;0.0945;0.8366
Case 59012;3;50;84.23;0.0944;0.8545
Case 59013;3;50;79.41;0.0943;0.8717
Case 59014;3;50;76.14;0.0942;0.8882
Case 59015;3;50;73.59;0.0941;0.9043
Case 59016;3;50;71.45;0.094;0.9198
Case 59017;3;50;69.63;0.0939;0.9348
Case 59018;3;50;68.17;0.0938;0.9494
Case 59019;3;50;66.87;0.0937;0.9636
Case 59020;3;50;65.73;0.0936;0.9775
Case 59021;3;50;64.69;0.0935;0.9909
Case 59022;3;50;63.73;0.0934;1.004
Case 59023;3;50;62.85;0.0933;1.017
Case 59024;3;50;62.03;0.0932;1.03
Case 59025;3;50;61.26;0.0931;1.042
Case 59026;3;50;60.52;0.093;1.054
Case 59027;3;50;59.84;0.0929;1.066
Case 59028;3;50;59.26;0.0928;1.077
Case 59029;3;50;58.69;0.0927;1.089
Case 59030;3;50;58.17;0.0926;1.1
Case 59031;3;50;57.66;0.0925;1.111
Case 59032;3;50;57.19;0.0924;1.122
Case 59033;3;50;56.73;0.0923;1.132
Case 59034;3;50;56.3;0.0922;1.143
Case 59035;3;50;55.87;0.0921;1.153
Case 59036;3;50;55.48;0.092;1.163
Case 59037;3;50;55.1;0.0919;1.173
Case 59038;3;50;54.72;0.0918;1.183
Case 59039;3;50;54.36;0.0917;1.192
Case 59040;3;50;54.01;0.0916;1.202
Case 59041;3;50;53.68;0.0915;1.211
Case 59042;3;50;53.34;0.0914;1.221
Case 59043;3;50;53.03;0.0913;1.23
Case 59044;3;50;52.72;0.0912;1.239
Case 59045;3;50;52.42;0.0911;1.248
Case 59046;3;50;52.12;0.091;1.257
Case 59047;3;50;51.83;0.0909;1.265
Case 59048;3;50;51.55;0.0908;1.274
Case 59049;3;50;51.28;0.0907;1.282
Case 59050;3;50;51;0.0906;1.291
Case 59051;3;50;50.74;0.0905;1.299
Case 59052;3;50;50.49;0.0904;1.307
Case 59053;3;50;50.23;0.0903;1.316
Case 59054;3;50;49.98;0.0902;1.324
Case 59055;3;50;49.75;0.0901;1.332
Case 59056;3;50;49.54;0.09;1.339
Case 59057;3;50;49.32;0.0899;1.347
Case 59058;3;50;49.11;0.0898;1.355
Case 59059;3;50;48.9;0.0897;1.363
Case 59060;3;50;48.7;0.0896;1.37
Case 59061;3;50;48.5;0.0895;1.378
Case 59062;3;50;48.31;0.0894;1.385
Case 59063;3;50;48.13;0.0893;1.392
Case 59064;3;50;47.93;0.0892;1.4
Case 59065;3;50;47.75;0.0891;1.407
Case 59066;3;50;47.57;0.089;1.414
Case 59067;3;50;47.4;0.0889;1.421
Case 59068;3;50;47.21;0.0888;1.428
Case 59069;3;50;47.05;0.0887;1.435
Case 59070;3;50;46.87;0.0886;1.442
Case 59071;3;50;46.71;0.0885;1.449
Case 59072;3;50;46.54;0.0884;1.456
Case 59073;3;50;46.38;0.0883;1.462
Case 59074;3;50;46.22;0.0882;1.469
Case 59075;3;50;46.06;0.0881;1.476
Case 59076;3;50;45.9;0.088;1.482
Case 59077;3;50;45.75;0.0879;1.489
Case 59078;3;50;45.6;0.0878;1.495
Case 59079;3;50;45.45;0.0877;1.502
Case 59080;3;50;45.3;0.0876;1.508
Case 59081;3;50;45.16;0.0875;1.514
Case 59082;3;50;45.01;0.0874;1.521
Case 59084;3;50;44.72;0.0872;1.533
Case 59085;3;50;44.59;0.0871;1.539
Case 59086;3;50;44.45;0.087;1.545
Case 59087;3;50;44.31;0.0869;1.551
Case 59088;3;50;44.17;0.0868;1.557
Case 59089;3;50;44.04;0.0867;1.563
Case 59090;3;50;43.9;0.0866;1.569
Case 59091;3;50;43.78;0.0865;1.575
Case 59092;3;50;43.64;0.0864;1.581
Case 59093;3;50;43.51;0.0863;1.587
Case 59094;3;50;43.38;0.0862;1.592
Case 59095;3;50;43.26;0.0861;1.598
Case 59096;3;50;43.13;0.086;1.604
Case 59097;3;50;43.01;0.0859;1.609
Case 59098;3;50;42.88;0.0858;1.615
Case 59099;3;50;42.76;0.0857;1.621
Case 59100;3;50;42.63;0.0856;1.626
Case 59101;3;50;42.51;0.0855;1.632
Case 59102;3;50;42.39;0.0854;1.637
Case 59103;3;50;42.27;0.0853;1.643
Case 59104;3;50;42.16;0.0852;1.648
Case 59105;3;50;42.03;0.0851;1.653
Case 59106;3;50;41.92;0.085;1.659
Case 59107;3;50;41.8;0.0849;1.664
Case 59108;3;50;41.69;0.0848;1.669
Case 59109;3;50;41.57;0.0847;1.674
Case 59110;3;50;41.46;0.0846;1.68
Case 59111;3;50;41.34;0.0845;1.685
Case 59112;3;50;41.23;0.0844;1.69
Case 59113;3;50;41.11;0.0843;1.695
Case 59114;3;50;41;0.0842;1.7
Case 59115;3;50;40.89;0.0841;1.705
Case 59116;3;50;40.78;0.084;1.71
Case 59117;3;50;40.67;0.0839;1.715
Case 59118;3;50;40.56;0.0838;1.72
Case 59119;3;50;40.45;0.0837;1.725
Case 59120;3;50;40.34;0.0836;1.73
Case 59121;3;50;40.23;0.0835;1.735
Case 59122;3;50;40.12;0.0834;1.74
Case 59123;3;50;40.01;0.0833;1.745
Case 59124;3;50;39.91;0.0832;1.75
Case 59125;3;50;39.82;0.0831;1.754
Case 59126;3;50;39.72;0.083;1.759
Case 59127;3;50;39.63;0.0829;1.764
Case 59128;3;50;39.53;0.0828;1.769
Case 59129;3;50;39.43;0.0827;1.773
Case 59130;3;50;39.33;0.0826;1.778
Case 59131;3;50;39.24;0.0825;1.783
Case 59132;3;50;39.14;0.0824;1.787
Case 59133;3;50;39.06;0.0823;1.792
Case 59134;3;50;38.96;0.0822;1.796
Case 59135;3;50;38.87;0.0821;1.801
Case 59136;3;50;38.77;0.082;1.805
Case 59137;3;50;38.69;0.0819;1.81
Case 59138;3;50;38.59;0.0818;1.814
Case 59139;3;50;38.5;0.0817;1.819
Case 59140;3;50;38.41;0.0816;1.823
Case 59141;3;50;38.32;0.0815;1.828
Case 59143;3;50;38.14;0.0813;1.836
Case 59144;3;50;38.06;0.0812;1.841
Case 59145;3;50;37.96;0.0811;1.845
Case 59146;3;50;37.88;0.081;1.849
Case 59148;3;50;37.71;0.0808;1.858
Case 59149;3;50;37.62;0.0807;1.862
Case 59150;3;50;37.54;0.0806;1.866
Case 59151;3;50;37.45;0.0805;1.871
Case 59152;3;50;37.37;0.0804;1.875
Case 59153;3;50;37.28;0.0803;1.879
Case 59154;3;50;37.2;0.0802;1.883
Case 59155;3;50;37.11;0.0801;1.887
Case 59156;3;50;37.03;0.08;1.891
Case 59157;3;50;36.94;0.0799;1.896
Case 59158;3;50;36.86;0.0798;1.9
Case 59159;3;50;36.77;0.0797;1.904
Case 59160;3;50;36.69;0.0796;1.908
Case 59161;3;50;36.6;0.0795;1.912
Case 59162;3;50;36.53;0.0794;1.916
Case 59163;3;50;36.44;0.0793;1.92
Case 59164;3;50;36.36;0.0792;1.924
Case 59165;3;50;36.28;0.0791;1.928
Case 59166;3;50;36.2;0.079;1.932
Case 59167;3;50;36.11;0.0789;1.935
Case 59168;3;50;36.04;0.0788;1.939
Case 59169;3;50;35.95;0.0787;1.943
Case 59170;3;50;35.88;0.0786;1.947
Case 59171;3;50;35.8;0.0785;1.951
Case 59172;3;50;35.72;0.0784;1.955
Case 59173;3;50;35.64;0.0783;1.959
Case 59174;3;50;35.56;0.0782;1.962
Case 59175;3;50;35.48;0.0781;1.966
Case 59177;3;50;35.32;0.0779;1.974
Case 59178;3;50;35.24;0.0778;1.977
Case 59179;3;50;35.16;0.0777;1.981
Case 59180;3;50;35.09;0.0776;1.985
Case 59181;3;50;35;0.0775;1.989
Case 59182;3;50;34.93;0.0774;1.992
Case 59183;3;50;34.85;0.0773;1.996
Case 59184;3;50;34.77;0.0772;2
Case 59186;3;50;34.61;0.077;2.007
Case 59187;3;50;34.54;0.0769;2.01
Case 59188;3;50;34.46;0.0768;2.014
Case 59189;3;50;34.39;0.0767;2.018
Case 59190;3;50;34.32;0.0766;2.021
Case 59191;3;50;34.23;0.0765;2.025
Case 59192;3;50;34.16;0.0764;2.028
Case 59193;3;50;34.08;0.0763;2.032
Case 59194;3;50;34.01;0.0762;2.035
Case 59195;3;50;33.93;0.0761;2.039
Case 59196;3;50;33.86;0.076;2.042
Case 59197;3;50;33.78;0.0759;2.046
Case 59198;3;50;33.7;0.0758;2.049
Case 59199;3;50;33.62;0.0757;2.053
Case 59200;3;50;33.55;0.0756;2.056
Case 59201;3;50;33.47;0.0755;2.059
Case 59202;3;50;33.4;0.0754;2.063
Case 59203;3;50;33.32;0.0753;2.066
Case 59204;3;50;33.25;0.0752;2.07
Case 59205;3;50;33.17;0.0751;2.073
Case 59206;3;50;33.1;0.075;2.076
Case 59208;3;50;32.94;0.0748;2.083
Case 59209;3;50;32.87;0.0747;2.086
Case 59210;3;50;32.79;0.0746;2.09
Case 59211;3;50;32.72;0.0745;2.093
Case 59212;3;50;32.65;0.0744;2.096
Case 59213;3;50;32.57;0.0743;2.099
Case 59214;3;50;32.5;0.0742;2.103
Case 59215;3;50;32.42;0.0741;2.106
Case 59216;3;50;32.35;0.074;2.109
Case 59217;3;50;32.27;0.0739;2.112
Case 59218;3;50;32.2;0.0738;2.116
Case 59219;3;50;32.12;0.0737;2.119
Case 59221;3;50;31.98;0.0735;2.125
Case 59222;3;50;31.9;0.0734;2.128
Case 59223;3;50;31.83;0.0733;2.131
Case 59224;3;50;31.75;0.0732;2.135
Case 59225;3;50;31.68;0.0731;2.138
Case 59226;3;50;31.6;0.073;2.141
Case 59227;3;50;31.53;0.0729;2.144
Case 59228;3;50;31.45;0.0728;2.147
Case 59229;3;50;31.38;0.0727;2.15
Case 59230;3;50;31.3;0.0726;2.153
Case 59231;3;50;31.23;0.0725;2.156
Case 59232;3;50;31.16;0.0724;2.159
Case 59233;3;50;31.08;0.0723;2.162
Case 59234;3;50;31.01;0.0722;2.165
Case 59235;3;50;30.93;0.0721;2.168
Case 59236;3;50;30.86;0.072;2.171
Case 59237;3;50;30.78;0.0719;2.174
Case 59238;3;50;30.71;0.0718;2.177
Case 59239;3;50;30.63;0.0717;2.18
Case 59240;3;50;30.56;0.0716;2.183
Case 59241;3;50;30.48;0.0715;2.186
Case 59242;3;50;30.41;0.0714;2.189
Case 59243;3;50;30.33;0.0713;2.192
Case 59244;3;50;30.26;0.0712;2.195
Case 59245;3;50;30.18;0.0711;2.198
Case 59247;3;50;30.03;0.0709;2.204
Case 59248;3;50;29.96;0.0708;2.207
Case 59249;3;50;29.89;0.0707;2.21
Case 59250;3;50;29.83;0.0706;2.212
Case 59251;3;50;29.76;0.0705;2.215
Case 59252;3;50;29.7;0.0704;2.218
Case 59253;3;50;29.63;0.0703;2.221
Case 59254;3;50;29.57;0.0702;2.224
Case 59255;3;50;29.5;0.0701;2.227
Case 59256;3;50;29.44;0.07;2.229
Case 59257;3;50;29.37;0.0699;2.232
Case 59258;3;50;29.31;0.0698;2.235
Case 59259;3;50;29.24;0.0697;2.238
Case 59260;3;50;29.18;0.0696;2.241
Case 59261;3;50;29.11;0.0695;2.243
Case 59262;3;50;29.05;0.0694;2.246
Case 59263;3;50;28.99;0.0693;2.249
Case 59264;3;50;28.93;0.0692;2.252
Case 59265;3;50;28.87;0.0691;2.254
Case 59266;3;50;28.8;0.069;2.257
Case 59267;3;50;28.74;0.0689;2.26
Case 59268;3;50;28.67;0.0688;2.262
Case 59269;3;50;28.61;0.0687;2.265
Case 59270;3;50;28.54;0.0686;2.268
Case 59271;3;50;28.48;0.0685;2.27
Case 59272;3;50;28.42;0.0684;2.273
Case 59273;3;50;28.36;0.0683;2.276
Case 59274;3;50;28.29;0.0682;2.278
Case 59275;3;50;28.23;0.0681;2.281
Case 59276;3;50;28.16;0.068;2.284
Case 59277;3;50;28.11;0.0679;2.286
Case 59278;3;50;28.04;0.0678;2.289
Case 59279;3;50;27.98;0.0677;2.292
Case 59280;3;50;27.92;0.0676;2.294
Case 59281;3;50;27.85;0.0675;2.297
Case 59282;3;50;27.8;0.0674;2.299
Case 59283;3;50;27.73;0.0673;2.302
Case 59284;3;50;27.67;0.0672;2.304
Case 59285;3;50;27.6;0.0671;2.307
Case 59286;3;50;27.55;0.067;2.31
Case 59287;3;50;27.48;0.0669;2.312
Case 59288;3;50;27.42;0.0668;2.315
Case 59289;3;50;27.35;0.0667;2.317
Case 59290;3;50;27.3;0.0666;2.32
Case 59291;3;50;27.23;0.0665;2.322
Case 59292;3;50;27.17;0.0664;2.325
Case 59293;3;50;27.11;0.0663;2.327
Case 59294;3;50;27.05;0.0662;2.33
Case 59295;3;50;26.99;0.0661;2.332
Case 59296;3;50;26.92;0.066;2.335
Case 59297;3;50;26.87;0.0659;2.337
Case 59298;3;50;26.8;0.0658;2.34
Case 59299;3;50;26.74;0.0657;2.342
Case 59300;3;50;26.68;0.0656;2.344
Case 59301;3;50;26.62;0.0655;2.347
Case 59302;3;50;26.55;0.0654;2.349
Case 59303;3;50;26.5;0.0653;2.352
Case 59304;3;50;26.43;0.0652;2.354
Case 59305;3;50;26.37;0.0651;2.357
Case 59306;3;50;26.31;0.065;2.359
Case 59307;3;50;26.25;0.0649;2.361
Case 59308;3;50;26.19;0.0648;2.364
Case 59309;3;50;26.13;0.0647;2.366
Case 59310;3;50;26.07;0.0646;2.368
Case 59311;3;50;26.01;0.0645;2.371
Case 59312;3;50;25.95;0.0644;2.373
Case 59313;3;50;25.88;0.0643;2.375
Case 59314;3;50;25.83;0.0642;2.378
Case 59315;3;50;25.76;0.0641;2.38
Case 59316;3;50;25.7;0.064;2.382
Case 59317;3;50;25.64;0.0639;2.385
Case 59318;3;50;25.58;0.0638;2.387
Case 59319;3;50;25.52;0.0637;2.389
Case 59320;3;50;25.46;0.0636;2.392
Case 59321;3;50;25.39;0.0635;2.394
Case 59322;3;50;25.34;0.0634;2.396
Case 59323;3;50;25.27;0.0633;2.399
Case 59324;3;50;25.22;0.0632;2.401
Case 59325;3;50;25.16;0.0631;2.403
Case 59326;3;50;25.09;0.063;2.405
Case 59327;3;50;25.04;0.0629;2.408
Case 59328;3;50;24.97;0.0628;2.41
Case 59329;3;50;24.91;0.0627;2.412
Case 59330;3;50;24.85;0.0626;2.414
Case 59331;3;50;24.79;0.0625;2.417
Case 59332;3;50;24.73;0.0624;2.419
Case 59333;3;50;24.67;0.0623;2.421
Case 59334;3;50;24.6;0.0622;2.423
Case 59335;3;50;24.55;0.0621;2.425
Case 59336;3;50;24.48;0.062;2.428
Case 59337;3;50;24.43;0.0619;2.43
Case 59338;3;50;24.36;0.0618;2.432
Case 59339;3;50;24.3;0.0617;2.434
Case 59340;3;50;24.25;0.0616;2.436
Case 59341;3;50;24.18;0.0615;2.438
Case 59342;3;50;24.13;0.0614;2.441
Case 59343;3;50;24.06;0.0613;2.443
Case 59344;3;50;24;0.0612;2.445
Case 59345;3;50;23.94;0.0611;2.447
Case 59346;3;50;23.88;0.061;2.449
Case 59347;3;50;23.81;0.0609;2.451
Case 59348;3;50;23.76;0.0608;2.453
Case 59349;3;50;23.69;0.0607;2.455
Case 59350;3;50;23.64;0.0606;2.458
Case 59351;3;50;23.57;0.0605;2.46
Case 59352;3;50;23.51;0.0604;2.462
Case 59353;3;50;23.46;0.0603;2.464
Case 59354;3;50;23.39;0.0602;2.466
Case 59355;3;50;23.33;0.0601;2.468
Case 59356;3;50;23.27;0.06;2.47
Case 59357;3;50;23.21;0.0599;2.472
Case 59358;3;50;23.15;0.0598;2.474
Case 59359;3;50;23.09;0.0597;2.476
Case 59360;3;50;23.02;0.0596;2.478
Case 59361;3;50;22.97;0.0595;2.48
Case 59362;3;50;22.9;0.0594;2.482
Case 59363;3;50;22.84;0.0593;2.484
Case 59364;3;50;22.78;0.0592;2.486
Case 59365;3;50;22.72;0.0591;2.488
Case 59366;3;50;22.66;0.059;2.49
Case 59367;3;50;22.6;0.0589;2.492
Case 59368;3;50;22.54;0.0588;2.494
Case 59369;3;50;22.47;0.0587;2.496
Case 59370;3;50;22.42;0.0586;2.498
Case 59371;3;50;22.35;0.0585;2.5
Case 59372;3;50;22.29;0.0584;2.502
Case 59373;3;50;22.22;0.0583;2.504
Case 59374;3;50;22.17;0.0582;2.506
Case 59375;3;50;22.1;0.0581;2.508
Case 59376;3;50;22.04;0.058;2.51
Case 59377;3;50;21.99;0.0579;2.512
Case 59378;3;50;21.92;0.0578;2.514
Case 59379;3;50;21.86;0.0577;2.516
Case 59380;3;50;21.79;0.0576;2.518
Case 59381;3;50;21.74;0.0575;2.52
Case 59382;3;50;21.67;0.0574;2.522
Case 59383;3;50;21.61;0.0573;2.524
Case 59384;3;50;21.54;0.0572;2.525
Case 59385;3;50;21.49;0.0571;2.527
Case 59386;3;50;21.42;0.057;2.529
Case 59387;3;50;21.36;0.0569;2.531
Case 59388;3;50;21.29;0.0568;2.533
Case 59389;3;50;21.23;0.0567;2.535
Case 59390;3;50;21.18;0.0566;2.537
Case 59391;3;50;21.11;0.0565;2.539
Case 59392;3;50;21.05;0.0564;2.54
Case 59393;3;50;20.98;0.0563;2.542
Case 59394;3;50;20.92;0.0562;2.544
Case 59395;3;50;20.86;0.0561;2.546
Case 59396;3;50;20.8;0.056;2.548
Case 59397;3;50;20.73;0.0559;2.55
Case 59398;3;50;20.67;0.0558;2.552
Case 59399;3;50;20.6;0.0557;2.553
Case 59400;3;50;20.54;0.0556;2.555
Case 59401;3;50;20.48;0.0555;2.557
Case 59402;3;50;20.41;0.0554;2.559
Case 59403;3;50;20.36;0.0553;2.561
Case 59404;3;50;20.29;0.0552;2.562
Case 59405;3;50;20.23;0.0551;2.564
Case 59406;3;50;20.16;0.055;2.566
Case 59407;3;50;20.1;0.0549;2.568
Case 59408;3;50;20.03;0.0548;2.57
Case 59409;3;50;19.97;0.0547;2.571
Case 59410;3;50;19.9;0.0546;2.573
Case 59411;3;50;19.85;0.0545;2.575
Case 59412;3;50;19.79;0.0544;2.577
Case 59413;3;50;19.73;0.0543;2.578
Case 59414;3;50;19.67;0.0542;2.58
Case 59415;3;50;19.6;0.0541;2.582
Case 59416;3;50;19.55;0.054;2.584
Case 59417;3;50;19.48;0.0539;2.585
Case 59418;3;50;19.42;0.0538;2.587
Case 59419;3;50;19.36;0.0537;2.589
Case 59420;3;50;19.3;0.0536;2.59
Case 59421;3;50;19.24;0.0535;2.592
Case 59422;3;50;19.18;0.0534;2.594
Case 59423;3;50;19.12;0.0533;2.596
Case 59424;3;50;19.06;0.0532;2.597
Case 59425;3;50;19;0.0531;2.599
Case 59426;3;50;18.93;0.053;2.601
Case 59427;3;50;18.88;0.0529;2.602
Case 59428;3;50;18.81;0.0528;2.604
Case 59429;3;50;18.75;0.0527;2.606
Case 59430;3;50;18.68;0.0526;2.607
Case 59431;3;50;18.63;0.0525;2.609
Case 59432;3;50;18.57;0.0524;2.611
Case 59433;3;50;18.5;0.0523;2.612
Case 59434;3;50;18.45;0.0522;2.614
Case 59435;3;50;18.38;0.0521;2.616
Case 59436;3;50;18.32;0.052;2.617
Case 59437;3;50;18.26;0.0519;2.619
Case 59438;3;50;18.2;0.0518;2.621
Case 59439;3;50;18.13;0.0517;2.622
Case 59440;3;50;18.07;0.0516;2.624
Case 59441;3;50;18.01;0.0515;2.625
Case 59442;3;50;17.95;0.0514;2.627
Case 59443;3;50;17.89;0.0513;2.629
Case 59444;3;50;17.82;0.0512;2.63
Case 59445;3;50;17.76;0.0511;2.632
Case 59446;3;50;17.7;0.051;2.633
Case 59447;3;50;17.64;0.0509;2.635
Case 59448;3;50;17.57;0.0508;2.637
Case 59449;3;50;17.51;0.0507;2.638
Case 59450;3;50;17.44;0.0506;2.64
Case 59451;3;50;17.39;0.0505;2.641
Case 59452;3;50;17.33;0.0504;2.643
Case 59453;3;50;17.26;0.0503;2.644
Case 59454;3;50;17.2;0.0502;2.646
Case 59455;3;50;17.13;0.0501;2.648
Case 59456;3;50;17.07;0.05;2.649
Case 59457;3;50;17.01;0.0499;2.651
Case 59458;3;50;16.95;0.0498;2.652
Case 59459;3;50;16.88;0.0497;2.654
Case 59460;3;50;16.82;0.0496;2.655
Case 59461;3;50;16.75;0.0495;2.657
Case 59462;3;50;16.69;0.0494;2.658
Case 59463;3;50;16.63;0.0493;2.66
Case 59464;3;50;16.56;0.0492;2.661
Case 59465;3;50;16.5;0.0491;2.663
Case 59466;3;50;16.43;0.049;2.664
Case 59467;3;50;16.37;0.0489;2.666
Case 59468;3;50;16.3;0.0488;2.667
Case 59469;3;50;16.24;0.0487;2.669
Case 59470;3;50;16.18;0.0486;2.67
Case 59471;3;50;16.11;0.0485;2.672
Case 59472;3;50;16.05;0.0484;2.673
Case 59473;3;50;15.98;0.0483;2.675
Case 59474;3;50;15.92;0.0482;2.676
Case 59475;3;50;15.85;0.0481;2.678
Case 59476;3;50;15.79;0.048;2.679
Case 59477;3;50;15.72;0.0479;2.681
Case 59478;3;50;15.66;0.0478;2.682
Case 59479;3;50;15.6;0.0477;2.684
Case 59480;3;50;15.53;0.0476;2.685
Case 59481;3;50;15.47;0.0475;2.686
Case 59482;3;50;15.4;0.0474;2.688
Case 59483;3;50;15.34;0.0473;2.689
Case 59484;3;50;15.26;0.0472;2.691
Case 59485;3;50;15.2;0.0471;2.692
Case 59486;3;50;15.13;0.047;2.694
Case 59487;3;50;15.07;0.0469;2.695
Case 59488;3;50;15.01;0.0468;2.696
Case 59489;3;50;14.94;0.0467;2.698
Case 59490;3;50;14.87;0.0466;2.699
Case 59491;3;50;14.8;0.0465;2.701
Case 59492;3;50;14.74;0.0464;2.702
Case 59493;3;50;14.67;0.0463;2.703
Case 59494;3;50;14.6;0.0462;2.705
Case 59495;3;50;14.53;0.0461;2.706
Case 59496;3;50;14.47;0.046;2.708
Case 59497;3;50;14.4;0.0459;2.709
Case 59498;3;50;14.33;0.0458;2.71
Case 59499;3;50;14.27;0.0457;2.712
Case 59500;3;50;14.19;0.0456;2.713
Case 59501;3;50;14.13;0.0455;2.714
Case 59502;3;50;14.06;0.0454;2.716
Case 59503;3;50;13.99;0.0453;2.717
Case 59504;3;50;13.92;0.0452;2.718
Case 59505;3;50;13.85;0.0451;2.72
Case 59506;3;50;13.79;0.045;2.721
Case 59507;3;50;13.71;0.0449;2.722
Case 59508;3;50;13.65;0.0448;2.724
Case 59509;3;50;13.57;0.0447;2.725
Case 59510;3;50;13.51;0.0446;2.726
Case 59511;3;50;13.43;0.0445;2.728
Case 59512;3;50;13.37;0.0444;2.729
Case 59513;3;50;13.3;0.0443;2.73
Case 59514;3;50;13.23;0.0442;2.732
Case 59515;3;50;13.16;0.0441;2.733
Case 59516;3;50;13.08;0.044;2.734
Case 59517;3;50;13.02;0.0439;2.736
Case 59518;3;50;12.94;0.0438;2.737
Case 59519;3;50;12.87;0.0437;2.738
Case 59520;3;50;12.81;0.0436;2.739
Case 59521;3;50;12.73;0.0435;2.741
Case 59522;3;50;12.66;0.0434;2.742
Case 59523;3;50;12.58;0.0433;2.743
Case 59524;3;50;12.52;0.0432;2.745
Case 59525;3;50;12.44;0.0431;2.746
Case 59526;3;50;12.37;0.043;2.747
Case 59527;3;50;12.29;0.0429;2.748
Case 59528;3;50;12.22;0.0428;2.75
Case 59529;3;50;12.15;0.0427;2.751
Case 59530;3;50;12.07;0.0426;2.752
Case 59531;3;50;12;0.0425;2.753
Case 59533;3;50;11.85;0.0423;2.756
Case 59534;3;50;11.78;0.0422;2.757
Case 59535;3;50;11.71;0.0421;2.758
Case 59536;3;50;11.63;0.042;2.759
Case 59537;3;50;11.56;0.0419;2.761
Case 59538;3;50;11.48;0.0418;2.762
Case 59539;3;50;11.41;0.0417;2.763
Case 59540;3;50;11.32;0.0416;2.764
Case 59541;3;50;11.25;0.0415;2.766
Case 59542;3;50;11.18;0.0414;2.767
Case 59543;3;50;11.1;0.0413;2.768
Case 59544;3;50;11.02;0.0412;2.769
Case 59545;3;50;10.94;0.0411;2.77
Case 59546;3;50;10.87;0.041;2.771
Case 59547;3;50;10.78;0.0409;2.773
Case 59548;3;50;10.71;0.0408;2.774
Case 59549;3;50;10.63;0.0407;2.775
Case 59550;3;50;10.55;0.0406;2.776
Case 59551;3;50;10.48;0.0405;2.777
Case 59552;3;50;10.39;0.0404;2.779
Case 59553;3;50;10.32;0.0403;2.78
Case 59554;3;50;10.23;0.0402;2.781
Case 59555;3;50;10.15;0.0401;2.782
Case 59556;3;50;10.08;0.04;2.783
Case 59557;3;50;9.99;0.0399;2.784
Case 59558;3;50;9.92;0.0398;2.785
Case 59560;3;50;9.77;0.0396;2.788
Case 59561;3;50;9.71;0.0395;2.789
Case 59562;3;50;9.63;0.0394;2.79
Case 59564;3;50;9.49;0.0392;2.792
Case 59565;3;50;9.42;0.0391;2.793
Case 59566;3;50;9.34;0.039;2.794
Case 59567;3;50;9.28;0.0389;2.796
Case 59568;3;50;9.2;0.0388;2.797
Case 59569;3;50;9.13;0.0387;2.798
Case 59570;3;50;9.06;0.0386;2.799
Case 59571;3;50;8.98;0.0385;2.8
Case 59572;3;50;8.91;0.0384;2.801
Case 59573;3;50;8.84;0.0383;2.802
Case 59574;3;50;8.77;0.0382;2.803
Case 59575;3;50;8.7;0.0381;2.804
Case 59576;3;50;8.62;0.038;2.805
Case 59577;3;50;8.55;0.0379;2.807
Case 59578;3;50;8.47;0.0378;2.808
Case 59579;3;50;8.4;0.0377;2.809
Case 59581;3;50;8.25;0.0375;2.811
Case 59582;3;50;8.18;0.0374;2.812
Case 59583;3;50;8.11;0.0373;2.813
Case 59584;3;50;8.03;0.0372;2.814
Case 59585;3;50;7.96;0.0371;2.815
Case 59586;3;50;7.88;0.037;2.816
Case 59587;3;50;7.81;0.0369;2.817
Case 59588;3;50;7.74;0.0368;2.818
Case 59589;3;50;7.66;0.0367;2.819
Case 59590;3;50;7.59;0.0366;2.82
Case 59591;3;50;7.51;0.0365;2.821
Case 59592;3;50;7.44;0.0364;2.822
Case 59593;3;50;7.36;0.0363;2.823
Case 59594;3;50;7.28;0.0362;2.824
Case 59595;3;50;7.21;0.0361;2.825
Case 59596;3;50;7.13;0.036;2.826
Case 59597;3;50;7.06;0.0359;2.827
Case 59598;3;50;6.98;0.0358;2.828
Case 59599;3;50;6.9;0.0357;2.829
Case 59600;3;50;6.83;0.0356;2.83
Case 59601;3;50;6.75;0.0355;2.831
Case 59602;3;50;6.68;0.0354;2.832
Case 59603;3;50;6.6;0.0353;2.833
Case 59604;3;50;6.52;0.0352;2.834
Case 59605;3;50;6.45;0.0351;2.835
Case 59606;3;50;6.37;0.035;2.836
Case 59607;3;50;6.29;0.0349;2.837
Case 59608;3;50;6.21;0.0348;2.838
Case 59609;3;50;6.14;0.0347;2.839
Case 59610;3;50;6.06;0.0346;2.84
Case 59612;3;50;5.9;0.0344;2.842
Case 59613;3;50;5.83;0.0343;2.843
Case 59614;3;50;5.74;0.0342;2.844
Case 59615;3;50;5.67;0.0341;2.845
Case 59616;3;50;5.59;0.034;2.846
Case 59617;3;50;5.51;0.0339;2.847
Case 59618;3;50;5.43;0.0338;2.848
Case 59619;3;50;5.35;0.0337;2.849
Case 59621;3;50;5.19;0.0335;2.851
Case 59622;3;50;5.12;0.0334;2.851
Case 59623;3;50;5.03;0.0333;2.852
Case 59624;3;50;4.95;0.0332;2.853
Case 59625;3;50;4.87;0.0331;2.854
Case 59626;3;50;4.79;0.033;2.855
Case 59627;3;50;4.71;0.0329;2.856
Case 59628;3;50;4.63;0.0328;2.857
Case 59629;3;50;4.55;0.0327;2.858
Case 59630;3;50;4.46;0.0326;2.859
Case 59631;3;50;4.38;0.0325;2.86
Case 59632;3;50;4.31;0.0324;2.861
Case 59633;3;50;4.22;0.0323;2.861
Case 59634;3;50;4.14;0.0322;2.862
Case 59635;3;50;4.05;0.0321;2.863
Case 59636;3;50;3.97;0.032;2.864
Case 59637;3;50;3.89;0.0319;2.865
Case 59638;3;50;3.8;0.0318;2.866
Case 59639;3;50;3.73;0.0317;2.867
Case 59640;3;50;3.64;0.0316;2.868
Case 59641;3;50;3.56;0.0315;2.868
Case 59642;3;50;3.48;0.0314;2.869
Case 59643;3;50;3.39;0.0313;2.87
Case 59645;3;50;3.22;0.0311;2.872
Case 59646;3;50;3.14;0.031;2.873
Case 59647;3;50;3.05;0.0309;2.874
Case 59648;3;50;2.97;0.0308;2.874
Case 59649;3;50;2.87;0.0307;2.875
Case 59650;3;50;2.79;0.0306;2.876
Case 59651;3;50;2.71;0.0305;2.877
Case 59652;3;50;2.62;0.0304;2.878
Case 59653;3;50;2.53;0.0303;2.879
Case 59654;3;50;2.44;0.0302;2.879
Case 59655;3;50;2.36;0.0301;2.88
Case 59656;3;50;2.27;0.03;2.881
Case 59657;3;50;2.18;0.0299;2.882
Case 59658;3;50;2.09;0.0298;2.883
Case 59659;3;50;2;0.0297;2.884
Case 59660;3;50;1.92;0.0296;2.884
Case 59661;3;50;1.83;0.0295;2.885
Case 59662;3;50;1.73;0.0294;2.886
Case 59663;3;50;1.65;0.0293;2.887
Case 59664;3;50;1.56;0.0292;2.888
Case 59665;3;50;1.47;0.0291;2.888
Case 59666;3;50;1.38;0.029;2.889
Case 59667;3;50;1.28;0.0289;2.89
Case 59668;3;50;1.19;0.0288;2.891
Case 59669;3;50;1.11;0.0287;2.891
Case 59670;3;50;1.01;0.0286;2.892
Case 59671;3;50;0.92;0.0285;2.893
Case 59672;3;50;0.82;0.0284;2.894
Case 59673;3;50;0.73;0.0283;2.895
Case 59674;3;50;0.64;0.0282;2.895
Case 59675;3;50;0.54;0.0281;2.896
Case 59676;3;50;0.45;0.028;2.897
Case 59677;3;50;0.36;0.0279;2.898
Case 59678;3;50;0.26;0.0278;2.898
Case 59679;3;50;0.17;0.0277;2.899
Case 59680;3;50;0.07;0.0276;2.9
Case 59681;3;50;0;0.0275;2.901
Case 59682;3;50;0;0.0274;2.901
Case 59683;3;50;0;0.0273;2.902
Case 59684;3;50;0;0.0272;2.903
Case 59685;3;50;0;0.0271;2.904
Case 59686;3;50;0;0.027;2.904
Case 59687;3;50;0;0.0269;2.905
Case 59688;3;50;0;0.0268;2.906
Case 59689;3;50;0;0.0267;2.906
Case 59690;3;50;0;0.0266;2.907
Case 59691;3;50;0;0.0265;2.908
Case 59692;3;50;0;0.0264;2.909
Case 59693;3;50;0;0.0263;2.909
Case 59694;3;50;0;0.0262;2.91
Case 59695;3;50;0;0.0261;2.911
Case 59696;3;50;0;0.026;2.911
Case 59697;3;50;0;0.0259;2.912
Case 59698;3;50;0;0.0258;2.913
Case 59699;3;50;0;0.0257;2.913
Case 59700;3;50;0;0.0256;2.914
Case 59701;3;50;0;0.0255;2.915
Case 59702;3;50;0;0.0254;2.915
Case 59703;3;50;0;0.0253;2.916
Case 59704;3;50;0;0.0252;2.917
Case 59705;3;50;0;0.0251;2.918
Case 59706;3;50;0;0.025;2.918
Case 59707;3;50;0;0.0249;2.919
Case 59708;3;50;0;0.0248;2.92
Case 59709;3;50;0;0.0247;2.92
Case 59710;3;50;0;0.0246;2.921
Case 59711;3;50;0;0.0245;2.921
Case 59712;3;50;0;0.0244;2.922
Case 59713;3;50;0;0.0243;2.923
Case 59714;3;50;0;0.0242;2.923
Case 59715;3;50;0;0.0241;2.924
Case 59716;3;50;0;0.024;2.925
Case 59717;3;50;0;0.0239;2.925
Case 59718;3;50;0;0.0238;2.926
Case 59719;3;50;0;0.0237;2.927
Case 59720;3;50;0;0.0236;2.927
Case 59721;3;50;0;0.0235;2.928
Case 59722;3;50;0;0.0234;2.929
Case 59723;3;50;0;0.0233;2.929
Case 59724;3;50;0;0.0232;2.93
Case 59725;3;50;0;0.0231;2.93
Case 59726;3;50;0;0.023;2.931
Case 59727;3;50;0;0.0229;2.932
Case 59728;3;50;0;0.0228;2.932
Case 59729;3;50;0;0.0227;2.933
Case 59730;3;50;0;0.0226;2.933
Case 59731;3;50;0;0.0225;2.934
Case 59732;3;50;0;0.0224;2.935
Case 59733;3;50;0;0.0223;2.935
Case 59734;3;50;0;0.0222;2.936
Case 59735;3;50;0;0.0221;2.936
Case 59736;3;50;0;0.022;2.937
Case 59737;3;50;0;0.0219;2.938
Case 59738;3;50;0;0.0218;2.938
Case 59739;3;50;0;0.0217;2.939
Case 59740;3;50;0;0.0216;2.939
Case 59741;3;50;0;0.0215;2.94
Case 59742;3;50;0;0.0214;2.94
Case 59743;3;50;0;0.0213;2.941
Case 59744;3;50;0;0.0212;2.942
Case 59745;3;50;0;0.0211;2.942
Case 59746;3;50;0;0.021;2.943
Case 59747;3;50;0;0.0209;2.943
Case 59748;3;50;0;0.0208;2.944
Case 59749;3;50;0;0.0207;2.944
Case 59750;3;50;0;0.0206;2.945
Case 59751;3;50;0;0.0205;2.945
Case 59752;3;50;0;0.0204;2.946
Case 59753;3;50;0;0.0203;2.946
Case 59754;3;50;0;0.0202;2.947
Case 59755;3;50;0;0.0201;2.948
Case 59756;3;50;0;0.02;2.948
Case 59757;3;50;0;0.0199;2.949
Case 59758;3;50;0;0.0198;2.949
Case 59759;3;50;0;0.0197;2.95
Case 59760;3;50;0;0.0196;2.95
Case 59761;3;50;0;0.0195;2.951
Case 59762;3;50;0;0.0194;2.951
Case 59763;3;50;0;0.0193;2.952
Case 59764;3;50;0;0.0192;2.952
Case 59765;3;50;0;0.0191;2.953
Case 59766;3;50;0;0.019;2.953
Case 59767;3;50;0;0.0189;2.954
Case 59768;3;50;0;0.0188;2.954
Case 59769;3;50;0;0.0187;2.955
Case 59770;3;50;0;0.0186;2.955
Case 59771;3;50;0;0.0185;2.956
Case 59772;3;50;0;0.0184;2.956
Case 59773;3;50;0;0.0183;2.957
Case 59774;3;50;0;0.0182;2.957
Case 59775;3;50;0;0.0181;2.958
Case 59776;3;50;0;0.018;2.958
Case 59777;3;50;0;0.0179;2.958
Case 59778;3;50;0;0.0178;2.959
Case 59779;3;50;0;0.0177;2.959
Case 59780;3;50;0;0.0176;2.96
Case 59781;3;50;0;0.0175;2.96
Case 59782;3;50;0;0.0174;2.961
Case 59783;3;50;0;0.0173;2.961
Case 59784;3;50;0;0.0172;2.962
Case 59785;3;50;0;0.0171;2.962
Case 59786;3;50;0;0.017;2.963
Case 59787;3;50;0;0.0169;2.963
Case 59788;3;50;0;0.0168;2.963
Case 59789;3;50;0;0.0167;2.964
Case 59790;3;50;0;0.0166;2.964
Case 59791;3;50;0;0.0165;2.965
Case 59792;3;50;0;0.0164;2.965
Case 59793;3;50;0;0.0163;2.966
Case 59794;3;50;0;0.0162;2.966
Case 59795;3;50;0;0.0161;2.966
Case 59796;3;50;0;0.016;2.967
Case 59797;3;50;0;0.0159;2.967
Case 59798;3;50;0;0.0158;2.968
Case 59799;3;50;0;0.0157;2.968
Case 59800;3;50;0;0.0156;2.969
Case 59801;3;50;0;0.0155;2.969
Case 59802;3;50;0;0.0154;2.969
Case 59803;3;50;0;0.0153;2.97
Case 59804;3;50;0;0.0152;2.97
Case 59805;3;50;0;0.0151;2.971
Case 59806;3;50;0;0.015;2.971
Case 59807;3;50;0;0.0149;2.971
Case 59808;3;50;0;0.0148;2.972
Case 59809;3;50;0;0.0147;2.972
Case 59810;3;50;0;0.0146;2.972
Case 59811;3;50;0;0.0145;2.973
Case 59812;3;50;0;0.0144;2.973
Case 59813;3;50;0;0.0143;2.974
Case 59814;3;50;0;0.0142;2.974
Case 59815;3;50;0;0.0141;2.974
Case 59816;3;50;0;0.014;2.975
Case 59817;3;50;0;0.0139;2.975
Case 59818;3;50;0;0.0138;2.975
Case 59819;3;50;0;0.0137;2.976
Case 59820;3;50;0;0.0136;2.976
Case 59821;3;50;0;0.0135;2.976
Case 59822;3;50;0;0.0134;2.977
Case 59823;3;50;0;0.0133;2.977
Case 59824;3;50;0;0.0132;2.978
Case 59825;3;50;0;0.0131;2.978
Case 59826;3;50;0;0.013;2.978
Case 59827;3;50;0;0.0129;2.979
Case 59828;3;50;0;0.0128;2.979
Case 59829;3;50;0;0.0127;2.979
Case 59830;3;50;0;0.0126;2.98
Case 59831;3;50;0;0.0125;2.98
Case 59832;3;50;0;0.0124;2.98
Case 59833;3;50;0;0.0123;2.981
Case 59834;3;50;0;0.0122;2.981
Case 59835;3;50;0;0.0121;2.981
Case 59836;3;50;0;0.012;2.981
Case 59837;3;50;0;0.0119;2.982
Case 59838;3;50;0;0.0118;2.982
Case 59839;3;50;0;0.0117;2.982
Case 59840;3;50;0;0.0116;2.983
Case 59841;3;50;0;0.0115;2.983
Case 59842;3;50;0;0.0114;2.983
Case 59843;3;50;0;0.0113;2.984
Case 59844;3;50;0;0.0112;2.984
Case 59845;3;50;0;0.0111;2.984
Case 59846;3;50;0;0.011;2.984
Case 59847;3;50;0;0.0109;2.985
Case 59848;3;50;0;0.0108;2.985
Case 59849;3;50;0;0.0107;2.985
Case 59850;3;50;0;0.0106;2.986
Case 59851;3;50;0;0.0105;2.986
Case 59852;3;50;0;0.0104;2.986
Case 59853;3;50;0;0.0103;2.986
Case 59854;3;50;0;0.0102;2.987
Case 59855;3;50;0;0.0101;2.987
Case 59856;3;50;0;0.01;2.987
Case 59857;3;50;0;0.0099;2.987
Case 59858;3;50;0;0.0098;2.988
Case 59859;3;50;0;0.0097;2.988
Case 59860;3;50;0;0.0096;2.988
Case 59861;3;50;0;0.0095;2.988
Case 59862;3;50;0;0.0094;2.989
Case 59863;3;50;0;0.0093;2.989
Case 59864;3;50;0;0.0092;2.989
Case 59865;3;50;0;0.0091;2.989
Case 59866;3;50;0;0.009;2.99
Case 59867;3;50;0;0.0089;2.99
Case 59868;3;50;0;0.0088;2.99
Case 59869;3;50;0;0.0087;2.99
Case 59870;3;50;0;0.0086;2.99
Case 59871;3;50;0;0.0085;2.991
Case 59872;3;50;0;0.0084;2.991
Case 59873;3;50;0;0.0083;2.991
Case 59874;3;50;0;0.0082;2.991
Case 59875;3;50;0;0.0081;2.992
Case 59876;3;50;0;0.008;2.992
Case 59877;3;50;0;0.0079;2.992
Case 59878;3;50;0;0.0078;2.992
Case 59879;3;50;0;0.0077;2.992
Case 59880;3;50;0;0.0076;2.993
Case 59881;3;50;0;0.0075;2.993
Case 59882;3;50;0;0.0074;2.993
Case 59883;3;50;0;0.0073;2.993
Case 59884;3;50;0;0.0072;2.993
Case 59885;3;50;0;0.0071;2.994
Case 59886;3;50;0;0.007;2.994
Case 59887;3;50;0;0.0069;2.994
Case 59888;3;50;0;0.0068;2.994
Case 59889;3;50;0;0.0067;2.994
Case 59890;3;50;0;0.0066;2.994
Case 59891;3;50;0;0.0065;2.995
Case 59892;3;50;0;0.0064;2.995
Case 59893;3;50;0;0.0063;2.995
Case 59894;3;50;0;0.0062;2.995
Case 59895;3;50;0;0.0061;2.995
Case 59896;3;50;0;0.006;2.995
Case 59897;3;50;0;0.0059;2.996
Case 59898;3;50;0;0.0058;2.996
Case 59899;3;50;0;0.0057;2.996
Case 59900;3;50;0;0.0056;2.996
Case 59901;3;50;0;0.0055;2.996
Case 59902;3;50;0;0.0054;2.996
Case 59903;3;50;0;0.0053;2.996
Case 59904;3;50;0;0.0052;2.997
Case 59905;3;50;0;0.0051;2.997
Case 59906;3;50;0;0.005;2.997
Case 59907;3;50;0;0.0049;2.997
Case 59908;3;50;0;0.0048;2.997
Case 59909;3;50;0;0.0047;2.997
Case 59910;3;50;0;0.0046;2.997
Case 59911;3;50;0;0.0045;2.997
Case 59912;3;50;0;0.0044;2.998
Case 59913;3;50;0;0.0043;2.998
Case 59914;3;50;0;0.0042;2.998
Case 59915;3;50;0;0.0041;2.998
Case 59916;3;50;0;0.004;2.998
Case 59917;3;50;0;0.0039;2.998
Case 59918;3;50;0;0.0038;2.998
Case 59919;3;50;0;0.0037;2.998
Case 59920;3;50;0;0.0036;2.998
Case 59921;3;50;0;0.0035;2.998
Case 59922;3;50;0;0.0034;2.999
Case 59923;3;50;0;0.0033;2.999
Case 59924;3;50;0;0.0032;2.999
Case 59925;3;50;0;0.0031;2.999
Case 59926;3;50;0;0.003;2.999
Case 59927;3;50;0;0.0029;2.999
Case 59928;3;50;0;0.0028;2.999
Case 59929;3;50;0;0.0027;2.999
Case 59930;3;50;0;0.0026;2.999
Case 59931;3;50;0;0.0025;2.999
Case 59932;3;50;0;0.0024;2.999
Case 59933;3;50;0;0.0023;2.999
Case 59934;3;50;0;0.0022;2.999
Case 59935;3;50;0;0.0021;2.999
Case 59936;3;50;0;0.002;2.999
Case 59937;3;50;0;0.0019;3
Case 59938;3;50;0;0.0018;3
Case 59939;3;50;0;0.0017;3
Case 59940;3;50;0;0.0016;3
Case 59941;3;50;0;0.0015;3
Case 59942;3;50;0;0.0014;3
Case 59943;3;50;0;0.0013;3
Case 59944;3;50;0;0.0012;3
Case 59945;3;50;0;0.0011;3
Case 59946;3;50;0;0.001;3
Case 69302;3;40;100;0.0645;0.4486
Case 69303;3;40;100;0.0644;0.5462
Case 69304;3;40;100;0.0643;0.6081
Case 69305;3;40;100;0.0642;0.6571
Case 69306;3;40;100;0.0641;0.6989
Case 69307;3;40;100;0.064;0.7358
Case 69308;3;40;100;0.0639;0.7692
Case 69309;3;40;100;0.0638;0.7999
Case 69310;3;40;88.35;0.0637;0.8285
Case 69311;3;40;73.9;0.0636;0.8552
Case 69312;3;40;67.48;0.0635;0.8805
Case 69313;3;40;63.47;0.0634;0.9044
Case 69314;3;40;60.41;0.0633;0.9273
Case 69315;3;40;58.11;0.0632;0.9491
Case 69316;3;40;56.24;0.0631;0.9701
Case 69317;3;40;54.66;0.063;0.9902
Case 69318;3;40;53.27;0.0629;1.01
Case 69319;3;40;52.04;0.0628;1.029
Case 69320;3;40;50.91;0.0627;1.047
Case 69321;3;40;49.88;0.0626;1.064
Case 69322;3;40;49.02;0.0625;1.082
Case 69323;3;40;48.21;0.0624;1.098
Case 69324;3;40;47.48;0.0623;1.115
Case 69325;3;40;46.8;0.0622;1.13
Case 69326;3;40;46.15;0.0621;1.146
Case 69327;3;40;45.55;0.062;1.161
Case 69328;3;40;44.98;0.0619;1.176
Case 69329;3;40;44.44;0.0618;1.19
Case 69330;3;40;43.92;0.0617;1.204
Case 69331;3;40;43.43;0.0616;1.218
Case 69332;3;40;42.96;0.0615;1.232
Case 69333;3;40;42.5;0.0614;1.245
Case 69334;3;40;42.07;0.0613;1.258
Case 69335;3;40;41.64;0.0612;1.271
Case 69336;3;40;41.24;0.0611;1.284
Case 69337;3;40;40.84;0.061;1.296
Case 69338;3;40;40.46;0.0609;1.308
Case 69339;3;40;40.07;0.0608;1.32
Case 69340;3;40;39.73;0.0607;1.332
Case 69341;3;40;39.41;0.0606;1.344
Case 69342;3;40;39.09;0.0605;1.355
Case 69343;3;40;38.78;0.0604;1.367
Case 69344;3;40;38.48;0.0603;1.378
Case 69345;3;40;38.19;0.0602;1.389
Case 69346;3;40;37.9;0.0601;1.4
Case 69347;3;40;37.63;0.06;1.41
Case 69348;3;40;37.35;0.0599;1.421
Case 69349;3;40;37.09;0.0598;1.431
Case 69350;3;40;36.83;0.0597;1.441
Case 69351;3;40;36.58;0.0596;1.452
Case 69352;3;40;36.33;0.0595;1.462
Case 69353;3;40;36.08;0.0594;1.472
Case 69354;3;40;35.85;0.0593;1.481
Case 69355;3;40;35.61;0.0592;1.491
Case 69356;3;40;35.38;0.0591;1.501
Case 69357;3;40;35.15;0.059;1.51
Case 69358;3;40;34.93;0.0589;1.519
Case 69359;3;40;34.7;0.0588;1.529
Case 69360;3;40;34.49;0.0587;1.538
Case 69361;3;40;34.27;0.0586;1.547
Case 69362;3;40;34.06;0.0585;1.556
Case 69363;3;40;33.84;0.0584;1.565
Case 69364;3;40;33.64;0.0583;1.573
Case 69365;3;40;33.43;0.0582;1.582
Case 69366;3;40;33.24;0.0581;1.591
Case 69367;3;40;33.04;0.058;1.599
Case 69368;3;40;32.84;0.0579;1.607
Case 69369;3;40;32.65;0.0578;1.616
Case 69370;3;40;32.45;0.0577;1.624
Case 69371;3;40;32.26;0.0576;1.632
Case 69372;3;40;32.06;0.0575;1.64
Case 69373;3;40;31.88;0.0574;1.648
Case 69374;3;40;31.68;0.0573;1.656
Case 69375;3;40;31.5;0.0572;1.664
Case 69376;3;40;31.31;0.0571;1.672
Case 69377;3;40;31.13;0.057;1.68
Case 69378;3;40;30.94;0.0569;1.687
Case 69379;3;40;30.77;0.0568;1.695
Case 69380;3;40;30.58;0.0567;1.703
Case 69381;3;40;30.41;0.0566;1.71
Case 69382;3;40;30.22;0.0565;1.717
Case 69383;3;40;30.05;0.0564;1.725
Case 69384;3;40;29.89;0.0563;1.732
Case 69385;3;40;29.73;0.0562;1.739
Case 69386;3;40;29.59;0.0561;1.746
Case 69387;3;40;29.43;0.056;1.754
Case 69388;3;40;29.29;0.0559;1.761
Case 69389;3;40;29.14;0.0558;1.768
Case 69390;3;40;29;0.0557;1.775
Case 69391;3;40;28.85;0.0556;1.782
Case 69392;3;40;28.72;0.0555;1.788
Case 69393;3;40;28.57;0.0554;1.795
Case 69395;3;40;28.3;0.0552;1.809
Case 69396;3;40;28.17;0.0551;1.815
Case 69397;3;40;28.03;0.055;1.822
Case 69398;3;40;27.9;0.0549;1.828
Case 69399;3;40;27.76;0.0548;1.835
Case 69400;3;40;27.63;0.0547;1.841
Case 69401;3;40;27.49;0.0546;1.848
Case 69402;3;40;27.37;0.0545;1.854
Case 69403;3;40;27.23;0.0544;1.86
Case 69404;3;40;27.11;0.0543;1.867
Case 69405;3;40;26.98;0.0542;1.873
Case 69406;3;40;26.86;0.0541;1.879
Case 69407;3;40;26.74;0.054;1.885
Case 69408;3;40;26.61;0.0539;1.891
Case 69409;3;40;26.49;0.0538;1.898
Case 69410;3;40;26.36;0.0537;1.904
Case 69411;3;40;26.24;0.0536;1.91
Case 69412;3;40;26.11;0.0535;1.915
Case 69413;3;40;26;0.0534;1.921
Case 69414;3;40;25.87;0.0533;1.927
Case 69415;3;40;25.76;0.0532;1.933
Case 69416;3;40;25.63;0.0531;1.939
Case 69417;3;40;25.52;0.053;1.945
Case 69418;3;40;25.4;0.0529;1.95
Case 69419;3;40;25.28;0.0528;1.956
Case 69420;3;40;25.16;0.0527;1.962
Case 69421;3;40;25.05;0.0526;1.967
Case 69422;3;40;24.94;0.0525;1.973
Case 69423;3;40;24.82;0.0524;1.978
Case 69424;3;40;24.71;0.0523;1.984
Case 69425;3;40;24.59;0.0522;1.989
Case 69426;3;40;24.48;0.0521;1.995
Case 69427;3;40;24.37;0.052;2
Case 69428;3;40;24.26;0.0519;2.006
Case 69429;3;40;24.14;0.0518;2.011
Case 69430;3;40;24.04;0.0517;2.016
Case 69431;3;40;23.92;0.0516;2.022
Case 69432;3;40;23.81;0.0515;2.027
Case 69433;3;40;23.7;0.0514;2.032
Case 69434;3;40;23.59;0.0513;2.037
Case 69435;3;40;23.48;0.0512;2.043
Case 69436;3;40;23.38;0.0511;2.048
Case 69437;3;40;23.26;0.051;2.053
Case 69438;3;40;23.16;0.0509;2.058
Case 69439;3;40;23.06;0.0508;2.063
Case 69440;3;40;22.94;0.0507;2.068
Case 69441;3;40;22.84;0.0506;2.073
Case 69442;3;40;22.73;0.0505;2.078
Case 69444;3;40;22.52;0.0503;2.088
Case 69445;3;40;22.41;0.0502;2.093
Case 69446;3;40;22.31;0.0501;2.098
Case 69447;3;40;22.2;0.05;2.102
Case 69448;3;40;22.1;0.0499;2.107
Case 69449;3;40;21.99;0.0498;2.112
Case 69450;3;40;21.89;0.0497;2.117
Case 69451;3;40;21.79;0.0496;2.121
Case 69452;3;40;21.68;0.0495;2.126
Case 69453;3;40;21.58;0.0494;2.131
Case 69454;3;40;21.47;0.0493;2.135
Case 69455;3;40;21.37;0.0492;2.14
Case 69456;3;40;21.26;0.0491;2.145
Case 69457;3;40;21.16;0.049;2.149
Case 69458;3;40;21.05;0.0489;2.154
Case 69459;3;40;20.96;0.0488;2.158
Case 69460;3;40;20.85;0.0487;2.163
Case 69461;3;40;20.75;0.0486;2.167
Case 69462;3;40;20.64;0.0485;2.172
Case 69463;3;40;20.54;0.0484;2.176
Case 69464;3;40;20.45;0.0483;2.181
Case 69465;3;40;20.34;0.0482;2.185
Case 69466;3;40;20.24;0.0481;2.189
Case 69467;3;40;20.13;0.048;2.194
Case 69468;3;40;20.04;0.0479;2.198
Case 69469;3;40;19.93;0.0478;2.202
Case 69470;3;40;19.84;0.0477;2.207
Case 69471;3;40;19.74;0.0476;2.211
Case 69472;3;40;19.65;0.0475;2.215
Case 69473;3;40;19.55;0.0474;2.219
Case 69474;3;40;19.46;0.0473;2.224
Case 69475;3;40;19.37;0.0472;2.228
Case 69477;3;40;19.17;0.047;2.236
Case 69478;3;40;19.08;0.0469;2.24
Case 69479;3;40;18.98;0.0468;2.244
Case 69480;3;40;18.89;0.0467;2.248
Case 69481;3;40;18.79;0.0466;2.252
Case 69482;3;40;18.71;0.0465;2.257
Case 69483;3;40;18.61;0.0464;2.261
Case 69484;3;40;18.52;0.0463;2.265
Case 69485;3;40;18.42;0.0462;2.269
Case 69486;3;40;18.33;0.0461;2.273
Case 69487;3;40;18.24;0.046;2.276
Case 69488;3;40;18.14;0.0459;2.28
Case 69489;3;40;18.06;0.0458;2.284
Case 69490;3;40;17.96;0.0457;2.288
Case 69491;3;40;17.87;0.0456;2.292
Case 69492;3;40;17.77;0.0455;2.296
Case 69494;3;40;17.59;0.0453;2.304
Case 69495;3;40;17.49;0.0452;2.307
Case 69496;3;40;17.41;0.0451;2.311
Case 69497;3;40;17.32;0.045;2.315
Case 69498;3;40;17.22;0.0449;2.319
Case 69499;3;40;17.13;0.0448;2.322
Case 69500;3;40;17.04;0.0447;2.326
Case 69501;3;40;16.95;0.0446;2.33
Case 69502;3;40;16.85;0.0445;2.333
Case 69503;3;40;16.77;0.0444;2.337
Case 69504;3;40;16.67;0.0443;2.341
Case 69505;3;40;16.58;0.0442;2.344
Case 69506;3;40;16.49;0.0441;2.348
Case 69507;3;40;16.4;0.044;2.352
Case 69508;3;40;16.31;0.0439;2.355
Case 69509;3;40;16.21;0.0438;2.359
Case 69510;3;40;16.13;0.0437;2.362
Case 69511;3;40;16.03;0.0436;2.366
Case 69512;3;40;15.94;0.0435;2.369
Case 69513;3;40;15.85;0.0434;2.373
Case 69514;3;40;15.76;0.0433;2.376
Case 69516;3;40;15.57;0.0431;2.383
Case 69517;3;40;15.48;0.043;2.387
Case 69518;3;40;15.4;0.0429;2.39
Case 69519;3;40;15.3;0.0428;2.393
Case 69520;3;40;15.21;0.0427;2.397
Case 69521;3;40;15.12;0.0426;2.4
Case 69522;3;40;15.03;0.0425;2.404
Case 69523;3;40;14.93;0.0424;2.407
Case 69524;3;40;14.84;0.0423;2.41
Case 69525;3;40;14.75;0.0422;2.414
Case 69526;3;40;14.66;0.0421;2.417
Case 69527;3;40;14.57;0.042;2.42
Case 69528;3;40;14.48;0.0419;2.423
Case 69529;3;40;14.39;0.0418;2.427
Case 69530;3;40;14.29;0.0417;2.43
Case 69531;3;40;14.2;0.0416;2.433
Case 69532;3;40;14.11;0.0415;2.436
Case 69533;3;40;14.02;0.0414;2.44
Case 69534;3;40;13.92;0.0413;2.443
Case 69535;3;40;13.83;0.0412;2.446
Case 69536;3;40;13.73;0.0411;2.449
Case 69537;3;40;13.65;0.041;2.452
Case 69538;3;40;13.56;0.0409;2.455
Case 69539;3;40;13.46;0.0408;2.458
Case 69540;3;40;13.37;0.0407;2.462
Case 69541;3;40;13.27;0.0406;2.465
Case 69542;3;40;13.18;0.0405;2.468
Case 69543;3;40;13.08;0.0404;2.471
Case 69544;3;40;12.99;0.0403;2.474
Case 69545;3;40;12.89;0.0402;2.477
Case 69546;3;40;12.8;0.0401;2.48
Case 69547;3;40;12.72;0.04;2.483
Case 69548;3;40;12.62;0.0399;2.486
Case 69549;3;40;12.53;0.0398;2.489
Case 69550;3;40;12.43;0.0397;2.492
Case 69551;3;40;12.33;0.0396;2.495
Case 69552;3;40;12.23;0.0395;2.498
Case 69553;3;40;12.14;0.0394;2.501
Case 69554;3;40;12.04;0.0393;2.504
Case 69555;3;40;11.95;0.0392;2.507
Case 69556;3;40;11.86;0.0391;2.509
Case 69557;3;40;11.76;0.039;2.512
Case 69558;3;40;11.67;0.0389;2.515
Case 69559;3;40;11.56;0.0388;2.518
Case 69560;3;40;11.47;0.0387;2.521
Case 69561;3;40;11.37;0.0386;2.524
Case 69562;3;40;11.28;0.0385;2.527
Case 69563;3;40;11.17;0.0384;2.529
Case 69564;3;40;11.08;0.0383;2.532
Case 69565;3;40;10.98;0.0382;2.535
Case 69566;3;40;10.88;0.0381;2.538
Case 69567;3;40;10.79;0.038;2.54
Case 69568;3;40;10.68;0.0379;2.543
Case 69569;3;40;10.59;0.0378;2.546
Case 69570;3;40;10.48;0.0377;2.549
Case 69571;3;40;10.38;0.0376;2.551
Case 69572;3;40;10.29;0.0375;2.554
Case 69574;3;40;10.08;0.0373;2.559
Case 69575;3;40;9.98;0.0372;2.562
Case 69576;3;40;9.9;0.0371;2.565
Case 69577;3;40;9.8;0.037;2.567
Case 69578;3;40;9.72;0.0369;2.57
Case 69579;3;40;9.62;0.0368;2.573
Case 69580;3;40;9.54;0.0367;2.575
Case 69581;3;40;9.44;0.0366;2.578
Case 69582;3;40;9.36;0.0365;2.581
Case 69583;3;40;9.26;0.0364;2.583
Case 69584;3;40;9.18;0.0363;2.586
Case 69585;3;40;9.09;0.0362;2.588
Case 69586;3;40;9;0.0361;2.591
Case 69587;3;40;8.91;0.036;2.593
Case 69588;3;40;8.82;0.0359;2.596
Case 69589;3;40;8.73;0.0358;2.598
Case 69590;3;40;8.64;0.0357;2.601
Case 69591;3;40;8.55;0.0356;2.603
Case 69592;3;40;8.47;0.0355;2.606
Case 69593;3;40;8.37;0.0354;2.608
Case 69594;3;40;8.29;0.0353;2.611
Case 69595;3;40;8.19;0.0352;2.613
Case 69596;3;40;8.1;0.0351;2.616
Case 69597;3;40;8.01;0.035;2.618
Case 69598;3;40;7.92;0.0349;2.621
Case 69599;3;40;7.84;0.0348;2.623
Case 69600;3;40;7.74;0.0347;2.625
Case 69601;3;40;7.66;0.0346;2.628
Case 69602;3;40;7.56;0.0345;2.63
Case 69603;3;40;7.47;0.0344;2.633
Case 69604;3;40;7.39;0.0343;2.635
Case 69605;3;40;7.29;0.0342;2.637
Case 69606;3;40;7.2;0.0341;2.64
Case 69607;3;40;7.11;0.034;2.642
Case 69608;3;40;7.02;0.0339;2.644
Case 69609;3;40;6.93;0.0338;2.647
Case 69610;3;40;6.84;0.0337;2.649
Case 69611;3;40;6.75;0.0336;2.651
Case 69612;3;40;6.66;0.0335;2.653
Case 69613;3;40;6.57;0.0334;2.656
Case 69614;3;40;6.47;0.0333;2.658
Case 69615;3;40;6.38;0.0332;2.66
Case 69616;3;40;6.29;0.0331;2.662
Case 69617;3;40;6.2;0.033;2.665
Case 69618;3;40;6.11;0.0329;2.667
Case 69619;3;40;6.01;0.0328;2.669
Case 69620;3;40;5.93;0.0327;2.671
Case 69621;3;40;5.83;0.0326;2.674
Case 69622;3;40;5.74;0.0325;2.676
Case 69623;3;40;5.65;0.0324;2.678
Case 69624;3;40;5.55;0.0323;2.68
Case 69625;3;40;5.47;0.0322;2.682
Case 69626;3;40;5.37;0.0321;2.684
Case 69627;3;40;5.28;0.032;2.686
Case 69628;3;40;5.18;0.0319;2.689
Case 69629;3;40;5.09;0.0318;2.691
Case 69630;3;40;5;0.0317;2.693
Case 69631;3;40;4.9;0.0316;2.695
Case 69632;3;40;4.81;0.0315;2.697
Case 69633;3;40;4.71;0.0314;2.699
Case 69635;3;40;4.53;0.0312;2.703
Case 69636;3;40;4.44;0.0311;2.705
Case 69637;3;40;4.34;0.031;2.707
Case 69638;3;40;4.25;0.0309;2.709
Case 69639;3;40;4.15;0.0308;2.711
Case 69640;3;40;4.06;0.0307;2.713
Case 69641;3;40;3.97;0.0306;2.715
Case 69642;3;40;3.87;0.0305;2.717
Case 69643;3;40;3.77;0.0304;2.719
Case 69644;3;40;3.67;0.0303;2.721
Case 69645;3;40;3.58;0.0302;2.723
Case 69646;3;40;3.49;0.0301;2.725
Case 69647;3;40;3.39;0.03;2.727
Case 69648;3;40;3.29;0.0299;2.729
Case 69649;3;40;3.19;0.0298;2.731
Case 69650;3;40;3.1;0.0297;2.733
Case 69651;3;40;3;0.0296;2.735
Case 69652;3;40;2.9;0.0295;2.737
Case 69653;3;40;2.81;0.0294;2.739
Case 69654;3;40;2.7;0.0293;2.741
Case 69655;3;40;2.61;0.0292;2.743
Case 69656;3;40;2.51;0.0291;2.745
Case 69657;3;40;2.41;0.029;2.747
Case 69658;3;40;2.32;0.0289;2.748
Case 69659;3;40;2.21;0.0288;2.75
Case 69660;3;40;2.12;0.0287;2.752
Case 69661;3;40;2.01;0.0286;2.754
Case 69662;3;40;1.91;0.0285;2.756
Case 69663;3;40;1.82;0.0284;2.758
Case 69664;3;40;1.71;0.0283;2.759
Case 69665;3;40;1.61;0.0282;2.761
Case 69666;3;40;1.51;0.0281;2.763
Case 69667;3;40;1.41;0.028;2.765
Case 69668;3;40;1.31;0.0279;2.767
Case 69669;3;40;1.2;0.0278;2.768
Case 69670;3;40;1.11;0.0277;2.77
Case 69671;3;40;1;0.0276;2.772
Case 69672;3;40;0.9;0.0275;2.774
Case 69673;3;40;0.8;0.0274;2.775
Case 69674;3;40;0.69;0.0273;2.777
Case 69675;3;40;0.59;0.0272;2.779
Case 69676;3;40;0.49;0.0271;2.781
Case 69677;3;40;0.38;0.027;2.782
Case 69678;3;40;0.28;0.0269;2.784
Case 69679;3;40;0.16;0.0268;2.786
Case 69680;3;40;0.06;0.0267;2.787
Case 69681;3;40;0;0.0266;2.789
Case 69682;3;40;0;0.0265;2.791
Case 69683;3;40;0;0.0264;2.792
Case 69684;3;40;0;0.0263;2.794
Case 69685;3;40;0;0.0262;2.796
Case 69686;3;40;0;0.0261;2.797
Case 69687;3;40;0;0.026;2.799
Case 69688;3;40;0;0.0259;2.801
Case 69690;3;40;0;0.0257;2.804
Case 69691;3;40;0;0.0256;2.805
Case 69692;3;40;0;0.0255;2.807
Case 69693;3;40;0;0.0254;2.809
Case 69694;3;40;0;0.0253;2.81
Case 69695;3;40;0;0.0252;2.812
Case 69696;3;40;0;0.0251;2.813
Case 69697;3;40;0;0.025;2.815
Case 69698;3;40;0;0.0249;2.816
Case 69699;3;40;0;0.0248;2.818
Case 69700;3;40;0;0.0247;2.82
Case 69701;3;40;0;0.0246;2.821
Case 69702;3;40;0;0.0245;2.823
Case 69703;3;40;0;0.0244;2.824
Case 69704;3;40;0;0.0243;2.826
Case 69705;3;40;0;0.0242;2.827
Case 69706;3;40;0;0.0241;2.829
Case 69708;3;40;0;0.0239;2.832
Case 69709;3;40;0;0.0238;2.833
Case 69710;3;40;0;0.0237;2.835
Case 69711;3;40;0;0.0236;2.836
Case 69712;3;40;0;0.0235;2.837
Case 69713;3;40;0;0.0234;2.839
Case 69714;3;40;0;0.0233;2.84
Case 69715;3;40;0;0.0232;2.842
Case 69716;3;40;0;0.0231;2.843
Case 69717;3;40;0;0.023;2.845
Case 69718;3;40;0;0.0229;2.846
Case 69719;3;40;0;0.0228;2.847
Case 69720;3;40;0;0.0227;2.849
Case 69721;3;40;0;0.0226;2.85
Case 69722;3;40;0;0.0225;2.852
Case 69723;3;40;0;0.0224;2.853
Case 69724;3;40;0;0.0223;2.854
Case 69726;3;40;0;0.0221;2.857
Case 69727;3;40;0;0.022;2.858
Case 69728;3;40;0;0.0219;2.86
Case 69729;3;40;0;0.0218;2.861
Case 69730;3;40;0;0.0217;2.862
Case 69731;3;40;0;0.0216;2.864
Case 69732;3;40;0;0.0215;2.865
Case 69733;3;40;0;0.0214;2.866
Case 69734;3;40;0;0.0213;2.867
Case 69735;3;40;0;0.0212;2.869
Case 69736;3;40;0;0.0211;2.87
Case 69737;3;40;0;0.021;2.871
Case 69738;3;40;0;0.0209;2.873
Case 69739;3;40;0;0.0208;2.874
Case 69740;3;40;0;0.0207;2.875
Case 69741;3;40;0;0.0206;2.876
Case 69742;3;40;0;0.0205;2.878
Case 69744;3;40;0;0.0203;2.88
Case 69745;3;40;0;0.0202;2.881
Case 69746;3;40;0;0.0201;2.882
Case 69747;3;40;0;0.02;2.884
Case 69748;3;40;0;0.0199;2.885
Case 69749;3;40;0;0.0198;2.886
Case 69750;3;40;0;0.0197;2.887
Case 69751;3;40;0;0.0196;2.888
Case 69752;3;40;0;0.0195;2.89
Case 69753;3;40;0;0.0194;2.891
Case 69754;3;40;0;0.0193;2.892
Case 69755;3;40;0;0.0192;2.893
Case 69756;3;40;0;0.0191;2.894
Case 69757;3;40;0;0.019;2.895
Case 69758;3;40;0;0.0189;2.896
Case 69759;3;40;0;0.0188;2.898
Case 69760;3;40;0;0.0187;2.899
Case 69762;3;40;0;0.0185;2.901
Case 69763;3;40;0;0.0184;2.902
Case 69764;3;40;0;0.0183;2.903
Case 69765;3;40;0;0.0182;2.904
Case 69766;3;40;0;0.0181;2.905
Case 69767;3;40;0;0.018;2.906
Case 69768;3;40;0;0.0179;2.907
Case 69769;3;40;0;0.0178;2.908
Case 69770;3;40;0;0.0177;2.909
Case 69771;3;40;0;0.0176;2.91
Case 69772;3;40;0;0.0175;2.912
Case 69773;3;40;0;0.0174;2.913
Case 69774;3;40;0;0.0173;2.914
Case 69775;3;40;0;0.0172;2.915
Case 69776;3;40;0;0.0171;2.916
Case 69777;3;40;0;0.017;2.917
Case 69778;3;40;0;0.0169;2.918
Case 69780;3;40;0;0.0167;2.92
Case 69781;3;40;0;0.0166;2.921
Case 69782;3;40;0;0.0165;2.922
Case 69783;3;40;0;0.0164;2.923
Case 69784;3;40;0;0.0163;2.923
Case 69785;3;40;0;0.0162;2.924
Case 69786;3;40;0;0.0161;2.925
Case 69787;3;40;0;0.016;2.926
Case 69788;3;40;0;0.0159;2.927
Case 69789;3;40;0;0.0158;2.928
Case 69790;3;40;0;0.0157;2.929
Case 69791;3;40;0;0.0156;2.93
Case 69792;3;40;0;0.0155;2.931
Case 69793;3;40;0;0.0154;2.932
Case 69794;3;40;0;0.0153;2.933
Case 69795;3;40;0;0.0152;2.934
Case 69796;3;40;0;0.0151;2.935
Case 69798;3;40;0;0.0149;2.936
Case 69799;3;40;0;0.0148;2.937
Case 69800;3;40;0;0.0147;2.938
Case 69801;3;40;0;0.0146;2.939
Case 69802;3;40;0;0.0145;2.94
Case 69803;3;40;0;0.0144;2.941
Case 69804;3;40;0;0.0143;2.941
Case 69805;3;40;0;0.0142;2.942
Case 69806;3;40;0;0.0141;2.943
Case 69807;3;40;0;0.014;2.944
Case 69808;3;40;0;0.0139;2.945
Case 69809;3;40;0;0.0138;2.945
Case 69810;3;40;0;0.0137;2.946
Case 69811;3;40;0;0.0136;2.947
Case 69812;3;40;0;0.0135;2.948
Case 69813;3;40;0;0.0134;2.949
Case 69814;3;40;0;0.0133;2.949
Case 69816;3;40;0;0.0131;2.951
Case 69817;3;40;0;0.013;2.952
Case 69818;3;40;0;0.0129;2.952
Case 69819;3;40;0;0.0128;2.953
Case 69820;3;40;0;0.0127;2.954
Case 69821;3;40;0;0.0126;2.955
Case 69822;3;40;0;0.0125;2.955
Case 69823;3;40;0;0.0124;2.956
Case 69824;3;40;0;0.0123;2.957
Case 69825;3;40;0;0.0122;2.958
Case 69826;3;40;0;0.0121;2.958
Case 69827;3;40;0;0.012;2.959
Case 69828;3;40;0;0.0119;2.96
Case 69829;3;40;0;0.0118;2.96
Case 69830;3;40;0;0.0117;2.961
Case 69831;3;40;0;0.0116;2.962
Case 69832;3;40;0;0.0115;2.962
Case 69834;3;40;0;0.0113;2.964
Case 69835;3;40;0;0.0112;2.964
Case 69836;3;40;0;0.0111;2.965
Case 69837;3;40;0;0.011;2.966
Case 69838;3;40;0;0.0109;2.966
Case 69839;3;40;0;0.0108;2.967
Case 69840;3;40;0;0.0107;2.967
Case 69841;3;40;0;0.0106;2.968
Case 69842;3;40;0;0.0105;2.969
Case 69843;3;40;0;0.0104;2.969
Case 69844;3;40;0;0.0103;2.97
Case 69845;3;40;0;0.0102;2.97
Case 69846;3;40;0;0.0101;2.971
Case 69847;3;40;0;0.01;2.972
Case 69848;3;40;0;0.0099;2.972
Case 69849;3;40;0;0.0098;2.973
Case 69850;3;40;0;0.0097;2.973
Case 69852;3;40;0;0.0095;2.974
Case 69853;3;40;0;0.0094;2.975
Case 69854;3;40;0;0.0093;2.975
Case 69855;3;40;0;0.0092;2.976
Case 69856;3;40;0;0.0091;2.976
Case 69857;3;40;0;0.009;2.977
Case 69858;3;40;0;0.0089;2.977
Case 69859;3;40;0;0.0088;2.978
Case 69860;3;40;0;0.0087;2.979
Case 69861;3;40;0;0.0086;2.979
Case 69862;3;40;0;0.0085;2.979
Case 69863;3;40;0;0.0084;2.98
Case 69864;3;40;0;0.0083;2.98
Case 69865;3;40;0;0.0082;2.981
Case 69866;3;40;0;0.0081;2.981
Case 69867;3;40;0;0.008;2.982
Case 69868;3;40;0;0.0079;2.982
Case 69870;3;40;0;0.0077;2.983
Case 69871;3;40;0;0.0076;2.984
Case 69872;3;40;0;0.0075;2.984
Case 69873;3;40;0;0.0074;2.984
Case 69874;3;40;0;0.0073;2.985
Case 69875;3;40;0;0.0072;2.985
Case 69876;3;40;0;0.0071;2.986
Case 69877;3;40;0;0.007;2.986
Case 69878;3;40;0;0.0069;2.987
Case 69879;3;40;0;0.0068;2.987
Case 69880;3;40;0;0.0067;2.987
Case 69881;3;40;0;0.0066;2.988
Case 69882;3;40;0;0.0065;2.988
Case 69883;3;40;0;0.0064;2.988
Case 69884;3;40;0;0.0063;2.989
Case 69885;3;40;0;0.0062;2.989
Case 69886;3;40;0;0.0061;2.989
Case 69888;3;40;0;0.0059;2.99
Case 69889;3;40;0;0.0058;2.99
Case 69890;3;40;0;0.0057;2.991
Case 69891;3;40;0;0.0056;2.991
Case 69892;3;40;0;0.0055;2.991
Case 69893;3;40;0;0.0054;2.992
Case 69894;3;40;0;0.0053;2.992
Case 69895;3;40;0;0.0052;2.992
Case 69896;3;40;0;0.0051;2.993
Case 69897;3;40;0;0.005;2.993
Case 69898;3;40;0;0.0049;2.993
Case 69899;3;40;0;0.0048;2.993
Case 69900;3;40;0;0.0047;2.994
Case 69901;3;40;0;0.0046;2.994
Case 69902;3;40;0;0.0045;2.994
Case 69903;3;40;0;0.0044;2.995
Case 69904;3;40;0;0.0043;2.995
Case 69906;3;40;0;0.0041;2.995
Case 69907;3;40;0;0.004;2.995
Case 69908;3;40;0;0.0039;2.996
Case 69909;3;40;0;0.0038;2.996
Case 69910;3;40;0;0.0037;2.996
Case 69911;3;40;0;0.0036;2.996
Case 69912;3;40;0;0.0035;2.997
Case 69913;3;40;0;0.0034;2.997
Case 69914;3;40;0;0.0033;2.997
Case 69915;3;40;0;0.0032;2.997
Case 69916;3;40;0;0.0031;2.997
Case 69917;3;40;0;0.003;2.997
Case 69918;3;40;0;0.0029;2.998
Case 69919;3;40;0;0.0028;2.998
Case 69920;3;40;0;0.0027;2.998
Case 69921;3;40;0;0.0026;2.998
Case 69922;3;40;0;0.0025;2.998
Case 69924;3;40;0;0.0023;2.999
Case 69925;3;40;0;0.0022;2.999
Case 69926;3;40;0;0.0021;2.999
Case 69927;3;40;0;0.002;2.999
Case 69928;3;40;0;0.0019;2.999
Case 69929;3;40;0;0.0018;2.999
Case 69930;3;40;0;0.0017;2.999
Case 69931;3;40;0;0.0016;2.999
Case 69932;3;40;0;0.0015;2.999
Case 69933;3;40;0;0.0014;2.999
Case 69934;3;40;0;0.0013;3
Case 69935;3;40;0;0.0012;3
Case 69936;3;40;0;0.0011;3
Case 69937;3;40;0;0.001;3
Case 79497;3;30;100;0.0441;0.5021
Case 79498;3;30;100;0.044;0.6039
Case 79499;3;30;100;0.0439;0.6739
Case 79500;3;30;100;0.0438;0.7304
Case 79501;3;30;100;0.0437;0.7789
Case 79502;3;30;87.68;0.0436;0.822
Case 79503;3;30;62.38;0.0435;0.8612
Case 79504;3;30;54.88;0.0434;0.8972
Case 79505;3;30;50.36;0.0433;0.9307
Case 79506;3;30;47.29;0.0432;0.9621
Case 79507;3;30;44.93;0.0431;0.9918
Case 79508;3;30;42.98;0.043;1.02
Case 79509;3;30;41.32;0.0429;1.047
Case 79510;3;30;39.86;0.0428;1.072
Case 79511;3;30;38.64;0.0427;1.097
Case 79512;3;30;37.56;0.0426;1.121
Case 79513;3;30;36.57;0.0425;1.143
Case 79514;3;30;35.67;0.0424;1.166
Case 79515;3;30;34.83;0.0423;1.187
Case 79516;3;30;34.05;0.0422;1.208
Case 79517;3;30;33.31;0.0421;1.228
Case 79518;3;30;32.61;0.042;1.247
Case 79519;3;30;31.94;0.0419;1.266
Case 79520;3;30;31.3;0.0418;1.285
Case 79521;3;30;30.68;0.0417;1.303
Case 79522;3;30;30.09;0.0416;1.32
Case 79523;3;30;29.57;0.0415;1.338
Case 79524;3;30;29.1;0.0414;1.354
Case 79525;3;30;28.64;0.0413;1.371
Case 79526;3;30;28.21;0.0412;1.387
Case 79527;3;30;27.79;0.0411;1.403
Case 79528;3;30;27.39;0.041;1.418
Case 79529;3;30;27.01;0.0409;1.434
Case 79530;3;30;26.63;0.0408;1.449
Case 79531;3;30;26.27;0.0407;1.463
Case 79532;3;30;25.91;0.0406;1.478
Case 79533;3;30;25.58;0.0405;1.492
Case 79534;3;30;25.24;0.0404;1.506
Case 79535;3;30;24.92;0.0403;1.519
Case 79536;3;30;24.6;0.0402;1.533
Case 79537;3;30;24.3;0.0401;1.546
Case 79538;3;30;24.01;0.04;1.559
Case 79539;3;30;23.71;0.0399;1.572
Case 79540;3;30;23.43;0.0398;1.585
Case 79541;3;30;23.14;0.0397;1.597
Case 79542;3;30;22.87;0.0396;1.609
Case 79543;3;30;22.59;0.0395;1.621
Case 79544;3;30;22.33;0.0394;1.633
Case 79545;3;30;22.07;0.0393;1.645
Case 79546;3;30;21.82;0.0392;1.657
Case 79547;3;30;21.57;0.0391;1.668
Case 79548;3;30;21.31;0.039;1.68
Case 79549;3;30;21.07;0.0389;1.691
Case 79550;3;30;20.82;0.0388;1.702
Case 79551;3;30;20.59;0.0387;1.713
Case 79552;3;30;20.35;0.0386;1.724
Case 79553;3;30;20.12;0.0385;1.734
Case 79554;3;30;19.89;0.0384;1.745
Case 79555;3;30;19.68;0.0383;1.755
Case 79556;3;30;19.47;0.0382;1.766
Case 79557;3;30;19.26;0.0381;1.776
Case 79558;3;30;19.06;0.038;1.786
Case 79559;3;30;18.85;0.0379;1.796
Case 79560;3;30;18.65;0.0378;1.806
Case 79561;3;30;18.45;0.0377;1.815
Case 79562;3;30;18.26;0.0376;1.825
Case 79563;3;30;18.06;0.0375;1.834
Case 79564;3;30;17.87;0.0374;1.844
Case 79565;3;30;17.68;0.0373;1.853
Case 79566;3;30;17.49;0.0372;1.862
Case 79567;3;30;17.31;0.0371;1.872
Case 79568;3;30;17.12;0.037;1.881
Case 79569;3;30;16.94;0.0369;1.89
Case 79570;3;30;16.75;0.0368;1.898
Case 79571;3;30;16.57;0.0367;1.907
Case 79572;3;30;16.39;0.0366;1.916
Case 79573;3;30;16.22;0.0365;1.925
Case 79574;3;30;16.05;0.0364;1.933
Case 79575;3;30;15.87;0.0363;1.942
Case 79576;3;30;15.7;0.0362;1.95
Case 79577;3;30;15.52;0.0361;1.958
Case 79578;3;30;15.35;0.036;1.966
Case 79579;3;30;15.18;0.0359;1.975
Case 79580;3;30;15.01;0.0358;1.983
Case 79581;3;30;14.84;0.0357;1.991
Case 79582;3;30;14.67;0.0356;1.999
Case 79583;3;30;14.5;0.0355;2.007
Case 79584;3;30;14.34;0.0354;2.014
Case 79585;3;30;14.18;0.0353;2.022
Case 79586;3;30;14.01;0.0352;2.03
Case 79587;3;30;13.85;0.0351;2.037
Case 79588;3;30;13.68;0.035;2.045
Case 79589;3;30;13.52;0.0349;2.052
Case 79590;3;30;13.36;0.0348;2.06
Case 79591;3;30;13.2;0.0347;2.067
Case 79592;3;30;13.03;0.0346;2.074
Case 79593;3;30;12.88;0.0345;2.082
Case 79594;3;30;12.72;0.0344;2.089
Case 79595;3;30;12.56;0.0343;2.096
Case 79596;3;30;12.4;0.0342;2.103
Case 79597;3;30;12.24;0.0341;2.11
Case 79598;3;30;12.08;0.034;2.117
Case 79599;3;30;11.92;0.0339;2.124
Case 79600;3;30;11.76;0.0338;2.131
Case 79601;3;30;11.6;0.0337;2.138
Case 79602;3;30;11.44;0.0336;2.144
Case 79603;3;30;11.29;0.0335;2.151
Case 79604;3;30;11.13;0.0334;2.158
Case 79605;3;30;10.97;0.0333;2.164
Case 79606;3;30;10.81;0.0332;2.171
Case 79607;3;30;10.65;0.0331;2.177
Case 79608;3;30;10.49;0.033;2.184
Case 79609;3;30;10.34;0.0329;2.19
Case 79610;3;30;10.17;0.0328;2.196
Case 79611;3;30;10.02;0.0327;2.203
Case 79612;3;30;9.88;0.0326;2.209
Case 79613;3;30;9.73;0.0325;2.215
Case 79614;3;30;9.6;0.0324;2.221
Case 79615;3;30;9.46;0.0323;2.228
Case 79616;3;30;9.33;0.0322;2.234
Case 79617;3;30;9.19;0.0321;2.24
Case 79618;3;30;9.05;0.032;2.246
Case 79619;3;30;8.92;0.0319;2.252
Case 79620;3;30;8.78;0.0318;2.257
Case 79621;3;30;8.65;0.0317;2.263
Case 79622;3;30;8.51;0.0316;2.269
Case 79623;3;30;8.38;0.0315;2.275
Case 79624;3;30;8.24;0.0314;2.281
Case 79625;3;30;8.11;0.0313;2.286
Case 79626;3;30;7.99;0.0312;2.292
Case 79627;3;30;7.85;0.0311;2.298
Case 79628;3;30;7.72;0.031;2.303
Case 79629;3;30;7.58;0.0309;2.309
Case 79630;3;30;7.46;0.0308;2.314
Case 79631;3;30;7.32;0.0307;2.32
Case 79632;3;30;7.2;0.0306;2.325
Case 79633;3;30;7.07;0.0305;2.331
Case 79634;3;30;6.93;0.0304;2.336
Case 79635;3;30;6.81;0.0303;2.341
Case 79636;3;30;6.67;0.0302;2.347
Case 79637;3;30;6.55;0.0301;2.352
Case 79638;3;30;6.41;0.03;2.357
Case 79639;3;30;6.29;0.0299;2.362
Case 79640;3;30;6.17;0.0298;2.367
Case 79641;3;30;6.03;0.0297;2.373
Case 79642;3;30;5.91;0.0296;2.378
Case 79643;3;30;5.77;0.0295;2.383
Case 79644;3;30;5.65;0.0294;2.388
Case 79645;3;30;5.52;0.0293;2.393
Case 79646;3;30;5.4;0.0292;2.398
Case 79647;3;30;5.27;0.0291;2.403
Case 79648;3;30;5.14;0.029;2.407
Case 79649;3;30;5.02;0.0289;2.412
Case 79650;3;30;4.88;0.0288;2.417
Case 79651;3;30;4.76;0.0287;2.422
Case 79652;3;30;4.64;0.0286;2.427
Case 79653;3;30;4.51;0.0285;2.431
Case 79654;3;30;4.38;0.0284;2.436
Case 79655;3;30;4.25;0.0283;2.441
Case 79656;3;30;4.13;0.0282;2.445
Case 79657;3;30;4;0.0281;2.45
Case 79658;3;30;3.87;0.028;2.455
Case 79659;3;30;3.75;0.0279;2.459
Case 79660;3;30;3.62;0.0278;2.464
Case 79661;3;30;3.5;0.0277;2.468
Case 79662;3;30;3.37;0.0276;2.473
Case 79663;3;30;3.24;0.0275;2.477
Case 79664;3;30;3.12;0.0274;2.482
Case 79665;3;30;2.99;0.0273;2.486
Case 79666;3;30;2.87;0.0272;2.49
Case 79667;3;30;2.73;0.0271;2.495
Case 79668;3;30;2.61;0.027;2.499
Case 79669;3;30;2.48;0.0269;2.503
Case 79670;3;30;2.35;0.0268;2.507
Case 79671;3;30;2.23;0.0267;2.512
Case 79672;3;30;2.1;0.0266;2.516
Case 79673;3;30;1.98;0.0265;2.52
Case 79675;3;30;1.71;0.0263;2.528
Case 79676;3;30;1.59;0.0262;2.532
Case 79677;3;30;1.47;0.0261;2.536
Case 79678;3;30;1.33;0.026;2.54
Case 79679;3;30;1.21;0.0259;2.544
Case 79680;3;30;1.07;0.0258;2.548
Case 79681;3;30;0.95;0.0257;2.552
Case 79682;3;30;0.82;0.0256;2.556
Case 79683;3;30;0.69;0.0255;2.56
Case 79684;3;30;0.56;0.0254;2.564
Case 79685;3;30;0.43;0.0253;2.568
Case 79686;3;30;0.3;0.0252;2.572
Case 79687;3;30;0.17;0.0251;2.576
Case 79688;3;30;0.04;0.025;2.58
Case 79689;3;30;0;0.0249;2.583
Case 79690;3;30;0;0.0248;2.587
Case 79691;3;30;0;0.0247;2.591
Case 79692;3;30;0;0.0246;2.595
Case 79693;3;30;0;0.0245;2.598
Case 79694;3;30;0;0.0244;2.602
Case 79695;3;30;0;0.0243;2.605
Case 79696;3;30;0;0.0242;2.609
Case 79697;3;30;0;0.0241;2.613
Case 79698;3;30;0;0.024;2.616
Case 79699;3;30;0;0.0239;2.62
Case 79700;3;30;0;0.0238;2.623
Case 79701;3;30;0;0.0237;2.627
Case 79702;3;30;0;0.0236;2.63
Case 79703;3;30;0;0.0235;2.634
Case 79704;3;30;0;0.0234;2.637
Case 79705;3;30;0;0.0233;2.641
Case 79706;3;30;0;0.0232;2.644
Case 79707;3;30;0;0.0231;2.647
Case 79708;3;30;0;0.023;2.651
Case 79709;3;30;0;0.0229;2.654
Case 79710;3;30;0;0.0228;2.657
Case 79711;3;30;0;0.0227;2.661
Case 79712;3;30;0;0.0226;2.664
Case 79713;3;30;0;0.0225;2.667
Case 79714;3;30;0;0.0224;2.67
Case 79715;3;30;0;0.0223;2.674
Case 79716;3;30;0;0.0222;2.677
Case 79717;3;30;0;0.0221;2.68
Case 79718;3;30;0;0.022;2.683
Case 79719;3;30;0;0.0219;2.686
Case 79720;3;30;0;0.0218;2.689
Case 79721;3;30;0;0.0217;2.693
Case 79722;3;30;0;0.0216;2.696
Case 79723;3;30;0;0.0215;2.699
Case 79724;3;30;0;0.0214;2.702
Case 79725;3;30;0;0.0213;2.705
Case 79726;3;30;0;0.0212;2.708
Case 79727;3;30;0;0.0211;2.711
Case 79728;3;30;0;0.021;2.714
Case 79729;3;30;0;0.0209;2.717
Case 79730;3;30;0;0.0208;2.719
Case 79731;3;30;0;0.0207;2.722
Case 79732;3;30;0;0.0206;2.725
Case 79733;3;30;0;0.0205;2.728
Case 79734;3;30;0;0.0204;2.731
Case 79735;3;30;0;0.0203;2.734
Case 79736;3;30;0;0.0202;2.737
Case 79737;3;30;0;0.0201;2.739
Case 79738;3;30;0;0.02;2.742
Case 79739;3;30;0;0.0199;2.745
Case 79740;3;30;0;0.0198;2.748
Case 79741;3;30;0;0.0197;2.75
Case 79742;3;30;0;0.0196;2.753
Case 79743;3;30;0;0.0195;2.756
Case 79744;3;30;0;0.0194;2.758
Case 79745;3;30;0;0.0193;2.761
Case 79746;3;30;0;0.0192;2.764
Case 79747;3;30;0;0.0191;2.766
Case 79748;3;30;0;0.019;2.769
Case 79749;3;30;0;0.0189;2.772
Case 79750;3;30;0;0.0188;2.774
Case 79751;3;30;0;0.0187;2.777
Case 79752;3;30;0;0.0186;2.779
Case 79753;3;30;0;0.0185;2.782
Case 79754;3;30;0;0.0184;2.784
Case 79755;3;30;0;0.0183;2.787
Case 79756;3;30;0;0.0182;2.789
Case 79757;3;30;0;0.0181;2.792
Case 79758;3;30;0;0.018;2.794
Case 79759;3;30;0;0.0179;2.796
Case 79760;3;30;0;0.0178;2.799
Case 79761;3;30;0;0.0177;2.801
Case 79762;3;30;0;0.0176;2.803
Case 79763;3;30;0;0.0175;2.806
Case 79764;3;30;0;0.0174;2.808
Case 79765;3;30;0;0.0173;2.81
Case 79766;3;30;0;0.0172;2.813
Case 79767;3;30;0;0.0171;2.815
Case 79768;3;30;0;0.017;2.817
Case 79769;3;30;0;0.0169;2.82
Case 79770;3;30;0;0.0168;2.822
Case 79771;3;30;0;0.0167;2.824
Case 79772;3;30;0;0.0166;2.826
Case 79773;3;30;0;0.0165;2.828
Case 79774;3;30;0;0.0164;2.831
Case 79775;3;30;0;0.0163;2.833
Case 79776;3;30;0;0.0162;2.835
Case 79777;3;30;0;0.0161;2.837
Case 79778;3;30;0;0.016;2.839
Case 79779;3;30;0;0.0159;2.841
Case 79780;3;30;0;0.0158;2.843
Case 79781;3;30;0;0.0157;2.845
Case 79782;3;30;0;0.0156;2.847
Case 79783;3;30;0;0.0155;2.849
Case 79784;3;30;0;0.0154;2.851
Case 79785;3;30;0;0.0153;2.853
Case 79786;3;30;0;0.0152;2.855
Case 79787;3;30;0;0.0151;2.857
Case 79788;3;30;0;0.015;2.859
Case 79789;3;30;0;0.0149;2.861
Case 79790;3;30;0;0.0148;2.863
Case 79791;3;30;0;0.0147;2.865
Case 79792;3;30;0;0.0146;2.867
Case 79793;3;30;0;0.0145;2.869
Case 79794;3;30;0;0.0144;2.871
Case 79795;3;30;0;0.0143;2.873
Case 79796;3;30;0;0.0142;2.874
Case 79797;3;30;0;0.0141;2.876
Case 79798;3;30;0;0.014;2.878
Case 79799;3;30;0;0.0139;2.88
Case 79800;3;30;0;0.0138;2.882
Case 79801;3;30;0;0.0137;2.883
Case 79802;3;30;0;0.0136;2.885
Case 79803;3;30;0;0.0135;2.887
Case 79804;3;30;0;0.0134;2.889
Case 79805;3;30;0;0.0133;2.89
Case 79806;3;30;0;0.0132;2.892
Case 79807;3;30;0;0.0131;2.894
Case 79808;3;30;0;0.013;2.895
Case 79809;3;30;0;0.0129;2.897
Case 79810;3;30;0;0.0128;2.899
Case 79811;3;30;0;0.0127;2.9
Case 79812;3;30;0;0.0126;2.902
Case 79813;3;30;0;0.0125;2.903
Case 79814;3;30;0;0.0124;2.905
Case 79815;3;30;0;0.0123;2.907
Case 79816;3;30;0;0.0122;2.908
Case 79817;3;30;0;0.0121;2.91
Case 79818;3;30;0;0.012;2.911
Case 79819;3;30;0;0.0119;2.913
Case 79820;3;30;0;0.0118;2.914
Case 79821;3;30;0;0.0117;2.916
Case 79822;3;30;0;0.0116;2.917
Case 79823;3;30;0;0.0115;2.919
Case 79824;3;30;0;0.0114;2.92
Case 79825;3;30;0;0.0113;2.921
Case 79826;3;30;0;0.0112;2.923
Case 79827;3;30;0;0.0111;2.924
Case 79828;3;30;0;0.011;2.926
Case 79829;3;30;0;0.0109;2.927
Case 79830;3;30;0;0.0108;2.928
Case 79831;3;30;0;0.0107;2.93
Case 79832;3;30;0;0.0106;2.931
Case 79833;3;30;0;0.0105;2.932
Case 79834;3;30;0;0.0104;2.934
Case 79835;3;30;0;0.0103;2.935
Case 79836;3;30;0;0.0102;2.936
Case 79837;3;30;0;0.0101;2.937
Case 79838;3;30;0;0.01;2.939
Case 79839;3;30;0;0.0099;2.94
Case 79840;3;30;0;0.0098;2.941
Case 79841;3;30;0;0.0097;2.942
Case 79842;3;30;0;0.0096;2.944
Case 79843;3;30;0;0.0095;2.945
Case 79844;3;30;0;0.0094;2.946
Case 79845;3;30;0;0.0093;2.947
Case 79846;3;30;0;0.0092;2.948
Case 79847;3;30;0;0.0091;2.949
Case 79848;3;30;0;0.009;2.951
Case 79849;3;30;0;0.0089;2.952
Case 79850;3;30;0;0.0088;2.953
Case 79851;3;30;0;0.0087;2.954
Case 79852;3;30;0;0.0086;2.955
Case 79853;3;30;0;0.0085;2.956
Case 79854;3;30;0;0.0084;2.957
Case 79855;3;30;0;0.0083;2.958
Case 79856;3;30;0;0.0082;2.959
Case 79857;3;30;0;0.0081;2.96
Case 79858;3;30;0;0.008;2.961
Case 79859;3;30;0;0.0079;2.962
Case 79860;3;30;0;0.0078;2.963
Case 79861;3;30;0;0.0077;2.964
Case 79862;3;30;0;0.0076;2.965
Case 79863;3;30;0;0.0075;2.966
Case 79864;3;30;0;0.0074;2.967
Case 79865;3;30;0;0.0073;2.968
Case 79866;3;30;0;0.0072;2.968
Case 79867;3;30;0;0.0071;2.969
Case 79868;3;30;0;0.007;2.97
Case 79869;3;30;0;0.0069;2.971
Case 79870;3;30;0;0.0068;2.972
Case 79871;3;30;0;0.0067;2.973
Case 79872;3;30;0;0.0066;2.974
Case 79873;3;30;0;0.0065;2.974
Case 79874;3;30;0;0.0064;2.975
Case 79875;3;30;0;0.0063;2.976
Case 79876;3;30;0;0.0062;2.977
Case 79877;3;30;0;0.0061;2.977
Case 79878;3;30;0;0.006;2.978
Case 79879;3;30;0;0.0059;2.979
Case 79880;3;30;0;0.0058;2.98
Case 79881;3;30;0;0.0057;2.98
Case 79882;3;30;0;0.0056;2.981
Case 79883;3;30;0;0.0055;2.982
Case 79884;3;30;0;0.0054;2.982
Case 79885;3;30;0;0.0053;2.983
Case 79886;3;30;0;0.0052;2.984
Case 79887;3;30;0;0.0051;2.984
Case 79888;3;30;0;0.005;2.985
Case 79889;3;30;0;0.0049;2.985
Case 79890;3;30;0;0.0048;2.986
Case 79891;3;30;0;0.0047;2.987
Case 79892;3;30;0;0.0046;2.987
Case 79893;3;30;0;0.0045;2.988
Case 79894;3;30;0;0.0044;2.988
Case 79895;3;30;0;0.0043;2.989
Case 79896;3;30;0;0.0042;2.989
Case 79897;3;30;0;0.0041;2.99
Case 79898;3;30;0;0.004;2.99
Case 79899;3;30;0;0.0039;2.991
Case 79900;3;30;0;0.0038;2.991
Case 79901;3;30;0;0.0037;2.992
Case 79902;3;30;0;0.0036;2.992
Case 79903;3;30;0;0.0035;2.993
Case 79904;3;30;0;0.0034;2.993
Case 79905;3;30;0;0.0033;2.993
Case 79906;3;30;0;0.0032;2.994
Case 79907;3;30;0;0.0031;2.994
Case 79908;3;30;0;0.003;2.995
Case 79909;3;30;0;0.0029;2.995
Case 79910;3;30;0;0.0028;2.995
Case 79911;3;30;0;0.0027;2.996
Case 79912;3;30;0;0.0026;2.996
Case 79913;3;30;0;0.0025;2.996
Case 79914;3;30;0;0.0024;2.997
Case 79915;3;30;0;0.0023;2.997
Case 79916;3;30;0;0.0022;2.997
Case 79917;3;30;0;0.0021;2.997
Case 79918;3;30;0;0.002;2.998
Case 79919;3;30;0;0.0019;2.998
Case 79920;3;30;0;0.0018;2.998
Case 79921;3;30;0;0.0017;2.998
Case 79922;3;30;0;0.0016;2.998
Case 79923;3;30;0;0.0015;2.999
Case 79924;3;30;0;0.0014;2.999
Case 79925;3;30;0;0.0013;2.999
Case 79926;3;30;0;0.0012;2.999
Case 79927;3;30;0;0.0011;2.999
Case 79928;3;30;0;0.001;2.999
Case 89631;3;20;100;0.0298;0.5849
Case 89632;3;20;100;0.0297;0.6889
Case 89633;3;20;100;0.0296;0.7663
Case 89634;3;20;66.95;0.0295;0.8303
Case 89635;3;20;46.84;0.0294;0.886
Case 89636;3;20;39.9;0.0293;0.9358
Case 89637;3;20;35.75;0.0292;0.9812
Case 89638;3;20;32.69;0.0291;1.023
Case 89639;3;20;30.15;0.029;1.062
Case 89640;3;20;28.26;0.0289;1.099
Case 89641;3;20;26.71;0.0288;1.133
Case 89642;3;20;25.36;0.0287;1.166
Case 89643;3;20;24.17;0.0286;1.197
Case 89644;3;20;23.1;0.0285;1.227
Case 89645;3;20;22.13;0.0284;1.256
Case 89646;3;20;21.23;0.0283;1.283
Case 89647;3;20;20.4;0.0282;1.31
Case 89648;3;20;19.64;0.0281;1.336
Case 89649;3;20;18.94;0.028;1.36
Case 89650;3;20;18.3;0.0279;1.385
Case 89651;3;20;17.68;0.0278;1.408
Case 89652;3;20;17.1;0.0277;1.431
Case 89653;3;20;16.54;0.0276;1.453
Case 89654;3;20;16.02;0.0275;1.474
Case 89655;3;20;15.51;0.0274;1.495
Case 89656;3;20;15.02;0.0273;1.515
Case 89657;3;20;14.55;0.0272;1.535
Case 89658;3;20;14.09;0.0271;1.555
Case 89659;3;20;13.65;0.027;1.574
Case 89660;3;20;13.22;0.0269;1.592
Case 89661;3;20;12.79;0.0268;1.61
Case 89662;3;20;12.39;0.0267;1.628
Case 89663;3;20;11.98;0.0266;1.646
Case 89664;3;20;11.59;0.0265;1.663
Case 89665;3;20;11.19;0.0264;1.68
Case 89666;3;20;10.81;0.0263;1.696
Case 89667;3;20;10.43;0.0262;1.712
Case 89668;3;20;10.06;0.0261;1.728
Case 89669;3;20;9.74;0.026;1.744
Case 89670;3;20;9.42;0.0259;1.759
Case 89671;3;20;9.11;0.0258;1.774
Case 89672;3;20;8.81;0.0257;1.789
Case 89673;3;20;8.52;0.0256;1.804
Case 89674;3;20;8.24;0.0255;1.818
Case 89675;3;20;7.95;0.0254;1.832
Case 89676;3;20;7.67;0.0253;1.846
Case 89677;3;20;7.4;0.0252;1.86
Case 89678;3;20;7.13;0.0251;1.873
Case 89679;3;20;6.87;0.025;1.887
Case 89680;3;20;6.61;0.0249;1.9
Case 89681;3;20;6.35;0.0248;1.913
Case 89682;3;20;6.1;0.0247;1.926
Case 89683;3;20;5.85;0.0246;1.938
Case 89684;3;20;5.6;0.0245;1.951
Case 89685;3;20;5.36;0.0244;1.963
Case 89686;3;20;5.12;0.0243;1.975
Case 89687;3;20;4.88;0.0242;1.987
Case 89688;3;20;4.65;0.0241;1.999
Case 89689;3;20;4.41;0.024;2.01
Case 89690;3;20;4.19;0.0239;2.022
Case 89691;3;20;3.95;0.0238;2.033
Case 89692;3;20;3.73;0.0237;2.044
Case 89693;3;20;3.51;0.0236;2.055
Case 89694;3;20;3.28;0.0235;2.066
Case 89695;3;20;3.07;0.0234;2.077
Case 89696;3;20;2.84;0.0233;2.087
Case 89697;3;20;2.63;0.0232;2.098
Case 89698;3;20;2.42;0.0231;2.108
Case 89699;3;20;2.2;0.023;2.119
Case 89700;3;20;1.99;0.0229;2.129
Case 89701;3;20;1.77;0.0228;2.139
Case 89702;3;20;1.57;0.0227;2.149
Case 89703;3;20;1.35;0.0226;2.159
Case 89704;3;20;1.15;0.0225;2.168
Case 89705;3;20;0.95;0.0224;2.178
Case 89706;3;20;0.73;0.0223;2.187
Case 89707;3;20;0.53;0.0222;2.197
Case 89708;3;20;0.32;0.0221;2.206
Case 89709;3;20;0.12;0.022;2.215
Case 89710;3;20;0;0.0219;2.224
Case 89711;3;20;0;0.0218;2.233
Case 89712;3;20;0;0.0217;2.242
Case 89713;3;20;0;0.0216;2.251
Case 89714;3;20;0;0.0215;2.26
Case 89715;3;20;0;0.0214;2.268
Case 89716;3;20;0;0.0213;2.277
Case 89717;3;20;0;0.0212;2.285
Case 89718;3;20;0;0.0211;2.294
Case 89719;3;20;0;0.021;2.302
Case 89720;3;20;0;0.0209;2.31
Case 89721;3;20;0;0.0208;2.318
Case 89722;3;20;0;0.0207;2.326
Case 89723;3;20;0;0.0206;2.334
Case 89724;3;20;0;0.0205;2.342
Case 89725;3;20;0;0.0204;2.35
Case 89726;3;20;0;0.0203;2.358
Case 89727;3;20;0;0.0202;2.365
Case 89728;3;20;0;0.0201;2.373
Case 89729;3;20;0;0.02;2.38
Case 89730;3;20;0;0.0199;2.388
Case 89731;3;20;0;0.0198;2.395
Case 89732;3;20;0;0.0197;2.402
Case 89733;3;20;0;0.0196;2.41
Case 89734;3;20;0;0.0195;2.417
Case 89735;3;20;0;0.0194;2.424
Case 89736;3;20;0;0.0193;2.431
Case 89737;3;20;0;0.0192;2.438
Case 89738;3;20;0;0.0191;2.445
Case 89739;3;20;0;0.019;2.451
Case 89740;3;20;0;0.0189;2.458
Case 89741;3;20;0;0.0188;2.465
Case 89742;3;20;0;0.0187;2.472
Case 89743;3;20;0;0.0186;2.478
Case 89744;3;20;0;0.0185;2.485
Case 89745;3;20;0;0.0184;2.491
Case 89746;3;20;0;0.0183;2.497
Case 89747;3;20;0;0.0182;2.504
Case 89748;3;20;0;0.0181;2.51
Case 89749;3;20;0;0.018;2.516
Case 89750;3;20;0;0.0179;2.522
Case 89751;3;20;0;0.0178;2.528
Case 89752;3;20;0;0.0177;2.534
Case 89753;3;20;0;0.0176;2.54
Case 89754;3;20;0;0.0175;2.546
Case 89755;3;20;0;0.0174;2.552
Case 89756;3;20;0;0.0173;2.558
Case 89757;3;20;0;0.0172;2.564
Case 89758;3;20;0;0.0171;2.57
Case 89759;3;20;0;0.017;2.575
Case 89760;3;20;0;0.0169;2.581
Case 89761;3;20;0;0.0168;2.586
Case 89762;3;20;0;0.0167;2.592
Case 89763;3;20;0;0.0166;2.597
Case 89764;3;20;0;0.0165;2.603
Case 89765;3;20;0;0.0164;2.608
Case 89766;3;20;0;0.0163;2.613
Case 89767;3;20;0;0.0162;2.619
Case 89768;3;20;0;0.0161;2.624
Case 89769;3;20;0;0.016;2.629
Case 89770;3;20;0;0.0159;2.634
Case 89771;3;20;0;0.0158;2.639
Case 89772;3;20;0;0.0157;2.644
Case 89773;3;20;0;0.0156;2.649
Case 89774;3;20;0;0.0155;2.654
Case 89775;3;20;0;0.0154;2.659
Case 89776;3;20;0;0.0153;2.664
Case 89777;3;20;0;0.0152;2.669
Case 89778;3;20;0;0.0151;2.673
Case 89779;3;20;0;0.015;2.678
Case 89780;3;20;0;0.0149;2.683
Case 89781;3;20;0;0.0148;2.687
Case 89782;3;20;0;0.0147;2.692
Case 89783;3;20;0;0.0146;2.697
Case 89784;3;20;0;0.0145;2.701
Case 89785;3;20;0;0.0144;2.706
Case 89786;3;20;0;0.0143;2.71
Case 89787;3;20;0;0.0142;2.714
Case 89788;3;20;0;0.0141;2.719
Case 89789;3;20;0;0.014;2.723
Case 89790;3;20;0;0.0139;2.727
Case 89791;3;20;0;0.0138;2.731
Case 89792;3;20;0;0.0137;2.736
Case 89793;3;20;0;0.0136;2.74
Case 89794;3;20;0;0.0135;2.744
Case 89795;3;20;0;0.0134;2.748
Case 89796;3;20;0;0.0133;2.752
Case 89797;3;20;0;0.0132;2.756
Case 89798;3;20;0;0.0131;2.76
Case 89799;3;20;0;0.013;2.764
Case 89800;3;20;0;0.0129;2.767
Case 89801;3;20;0;0.0128;2.771
Case 89802;3;20;0;0.0127;2.775
Case 89803;3;20;0;0.0126;2.779
Case 89804;3;20;0;0.0125;2.783
Case 89805;3;20;0;0.0124;2.786
Case 89806;3;20;0;0.0123;2.79
Case 89807;3;20;0;0.0122;2.793
Case 89808;3;20;0;0.0121;2.797
Case 89809;3;20;0;0.012;2.8
Case 89810;3;20;0;0.0119;2.804
Case 89811;3;20;0;0.0118;2.807
Case 89812;3;20;0;0.0117;2.811
Case 89813;3;20;0;0.0116;2.814
Case 89814;3;20;0;0.0115;2.818
Case 89815;3;20;0;0.0114;2.821
Case 89816;3;20;0;0.0113;2.824
Case 89817;3;20;0;0.0112;2.827
Case 89818;3;20;0;0.0111;2.831
Case 89819;3;20;0;0.011;2.834
Case 89820;3;20;0;0.0109;2.837
Case 89821;3;20;0;0.0108;2.84
Case 89822;3;20;0;0.0107;2.843
Case 89823;3;20;0;0.0106;2.846
Case 89824;3;20;0;0.0105;2.849
Case 89825;3;20;0;0.0104;2.852
Case 89826;3;20;0;0.0103;2.855
Case 89827;3;20;0;0.0102;2.858
Case 89828;3;20;0;0.0101;2.861
Case 89829;3;20;0;0.01;2.864
Case 89830;3;20;0;0.0099;2.866
Case 89831;3;20;0;0.0098;2.869
Case 89832;3;20;0;0.0097;2.872
Case 89833;3;20;0;0.0096;2.875
Case 89834;3;20;0;0.0095;2.877
Case 89835;3;20;0;0.0094;2.88
Case 89836;3;20;0;0.0093;2.883
Case 89837;3;20;0;0.0092;2.885
Case 89838;3;20;0;0.0091;2.888
Case 89839;3;20;0;0.009;2.89
Case 89840;3;20;0;0.0089;2.893
Case 89841;3;20;0;0.0088;2.895
Case 89842;3;20;0;0.0087;2.898
Case 89843;3;20;0;0.0086;2.9
Case 89844;3;20;0;0.0085;2.902
Case 89845;3;20;0;0.0084;2.905
Case 89846;3;20;0;0.0083;2.907
Case 89847;3;20;0;0.0082;2.909
Case 89848;3;20;0;0.0081;2.912
Case 89849;3;20;0;0.008;2.914
Case 89850;3;20;0;0.0079;2.916
Case 89851;3;20;0;0.0078;2.918
Case 89852;3;20;0;0.0077;2.92
Case 89853;3;20;0;0.0076;2.922
Case 89854;3;20;0;0.0075;2.925
Case 89855;3;20;0;0.0074;2.927
Case 89856;3;20;0;0.0073;2.929
Case 89857;3;20;0;0.0072;2.931
Case 89858;3;20;0;0.0071;2.932
Case 89859;3;20;0;0.007;2.934
Case 89860;3;20;0;0.0069;2.936
Case 89861;3;20;0;0.0068;2.938
Case 89862;3;20;0;0.0067;2.94
Case 89863;3;20;0;0.0066;2.942
Case 89864;3;20;0;0.0065;2.944
Case 89865;3;20;0;0.0064;2.945
Case 89866;3;20;0;0.0063;2.947
Case 89867;3;20;0;0.0062;2.949
Case 89868;3;20;0;0.0061;2.95
Case 89869;3;20;0;0.006;2.952
Case 89870;3;20;0;0.0059;2.954
Case 89871;3;20;0;0.0058;2.955
Case 89872;3;20;0;0.0057;2.957
Case 89873;3;20;0;0.0056;2.958
Case 89874;3;20;0;0.0055;2.96
Case 89875;3;20;0;0.0054;2.961
Case 89876;3;20;0;0.0053;2.963
Case 89877;3;20;0;0.0052;2.964
Case 89878;3;20;0;0.0051;2.965
Case 89879;3;20;0;0.005;2.967
Case 89880;3;20;0;0.0049;2.968
Case 89881;3;20;0;0.0048;2.969
Case 89882;3;20;0;0.0047;2.971
Case 89883;3;20;0;0.0046;2.972
Case 89884;3;20;0;0.0045;2.973
Case 89885;3;20;0;0.0044;2.974
Case 89886;3;20;0;0.0043;2.976
Case 89887;3;20;0;0.0042;2.977
Case 89888;3;20;0;0.0041;2.978
Case 89889;3;20;0;0.004;2.979
Case 89890;3;20;0;0.0039;2.98
Case 89891;3;20;0;0.0038;2.981
Case 89892;3;20;0;0.0037;2.982
Case 89893;3;20;0;0.0036;2.983
Case 89894;3;20;0;0.0035;2.984
Case 89895;3;20;0;0.0034;2.985
Case 89896;3;20;0;0.0033;2.986
Case 89897;3;20;0;0.0032;2.986
Case 89898;3;20;0;0.0031;2.987
Case 89899;3;20;0;0.003;2.988
Case 89900;3;20;0;0.0029;2.989
Case 89901;3;20;0;0.0028;2.99
Case 89902;3;20;0;0.0027;2.99
Case 89903;3;20;0;0.0026;2.991
Case 89904;3;20;0;0.0025;2.992
Case 89905;3;20;0;0.0024;2.992
Case 89906;3;20;0;0.0023;2.993
Case 89907;3;20;0;0.0022;2.994
Case 89908;3;20;0;0.0021;2.994
Case 89909;3;20;0;0.002;2.995
Case 89910;3;20;0;0.0019;2.995
Case 89911;3;20;0;0.0018;2.996
Case 89912;3;20;0;0.0017;2.996
Case 89913;3;20;0;0.0016;2.997
Case 89914;3;20;0;0.0015;2.997
Case 89915;3;20;0;0.0014;2.997
Case 89916;3;20;0;0.0013;2.998
Case 89917;3;20;0;0.0012;2.998
Case 89918;3;20;0;0.0011;2.998
Case 89919;3;20;0;0.001;2.999
Case 99717;3;10;100;0.0203;0.6169
Case 99718;3;10;100;0.0202;0.7473
Case 99719;3;10;49.61;0.0201;0.842
Case 99720;3;10;31.87;0.02;0.9198
Case 99721;3;10;25.21;0.0199;0.9869
Case 99722;3;10;21.21;0.0198;1.047
Case 99723;3;10;18.35;0.0197;1.101
Case 99724;3;10;16.17;0.0196;1.151
Case 99725;3;10;14.35;0.0195;1.197
Case 99726;3;10;12.77;0.0194;1.241
Case 99727;3;10;11.37;0.0193;1.282
Case 99728;3;10;10.09;0.0192;1.32
Case 99729;3;10;9.04;0.0191;1.357
Case 99730;3;10;8.11;0.019;1.392
Case 99731;3;10;7.26;0.0189;1.426
Case 99732;3;10;6.47;0.0188;1.458
Case 99733;3;10;5.74;0.0187;1.489
Case 99734;3;10;5.06;0.0186;1.519
Case 99735;3;10;4.41;0.0185;1.548
Case 99736;3;10;3.8;0.0184;1.576
Case 99737;3;10;3.22;0.0183;1.603
Case 99738;3;10;2.66;0.0182;1.629
Case 99739;3;10;2.13;0.0181;1.655
Case 99740;3;10;1.61;0.018;1.68
Case 99741;3;10;1.12;0.0179;1.704
Case 99742;3;10;0.63;0.0178;1.727
Case 99743;3;10;0.17;0.0177;1.75
Case 99744;3;10;0;0.0176;1.772
Case 99745;3;10;0;0.0175;1.794
Case 99746;3;10;0;0.0174;1.815
Case 99747;3;10;0;0.0173;1.836
Case 99748;3;10;0;0.0172;1.856
Case 99749;3;10;0;0.0171;1.876
Case 99750;3;10;0;0.017;1.896
Case 99751;3;10;0;0.0169;1.915
Case 99752;3;10;0;0.0168;1.933
Case 99753;3;10;0;0.0167;1.951
Case 99754;3;10;0;0.0166;1.969
Case 99755;3;10;0;0.0165;1.987
Case 99756;3;10;0;0.0164;2.004
Case 99757;3;10;0;0.0163;2.021
Case 99758;3;10;0;0.0162;2.037
Case 99759;3;10;0;0.0161;2.054
Case 99760;3;10;0;0.016;2.07
Case 99761;3;10;0;0.0159;2.085
Case 99762;3;10;0;0.0158;2.101
Case 99763;3;10;0;0.0157;2.116
Case 99764;3;10;0;0.0156;2.131
Case 99765;3;10;0;0.0155;2.145
Case 99766;3;10;0;0.0154;2.16
Case 99767;3;10;0;0.0153;2.174
Case 99768;3;10;0;0.0152;2.188
Case 99769;3;10;0;0.0151;2.202
Case 99770;3;10;0;0.015;2.215
Case 99771;3;10;0;0.0149;2.229
Case 99772;3;10;0;0.0148;2.242
Case 99773;3;10;0;0.0147;2.255
Case 99774;3;10;0;0.0146;2.267
Case 99775;3;10;0;0.0145;2.28
Case 99776;3;10;0;0.0144;2.292
Case 99777;3;10;0;0.0143;2.304
Case 99778;3;10;0;0.0142;2.316
Case 99779;3;10;0;0.0141;2.328
Case 99780;3;10;0;0.014;2.34
Case 99781;3;10;0;0.0139;2.351
Case 99782;3;10;0;0.0138;2.362
Case 99783;3;10;0;0.0137;2.373
Case 99784;3;10;0;0.0136;2.384
Case 99785;3;10;0;0.0135;2.395
Case 99786;3;10;0;0.0134;2.406
Case 99787;3;10;0;0.0133;2.416
Case 99788;3;10;0;0.0132;2.427
Case 99789;3;10;0;0.0131;2.437
Case 99790;3;10;0;0.013;2.447
Case 99791;3;10;0;0.0129;2.457
Case 99792;3;10;0;0.0128;2.467
Case 99793;3;10;0;0.0127;2.476
Case 99794;3;10;0;0.0126;2.486
Case 99795;3;10;0;0.0125;2.495
Case 99796;3;10;0;0.0124;2.505
Case 99797;3;10;0;0.0123;2.514
Case 99798;3;10;0;0.0122;2.523
Case 99799;3;10;0;0.0121;2.532
Case 99800;3;10;0;0.012;2.54
Case 99801;3;10;0;0.0119;2.549
Case 99802;3;10;0;0.0118;2.558
Case 99803;3;10;0;0.0117;2.566
Case 99804;3;10;0;0.0116;2.574
Case 99805;3;10;0;0.0115;2.583
Case 99806;3;10;0;0.0114;2.591
Case 99807;3;10;0;0.0113;2.599
Case 99808;3;10;0;0.0112;2.607
Case 99809;3;10;0;0.0111;2.614
Case 99810;3;10;0;0.011;2.622
Case 99811;3;10;0;0.0109;2.63
Case 99812;3;10;0;0.0108;2.637
Case 99813;3;10;0;0.0107;2.645
Case 99814;3;10;0;0.0106;2.652
Case 99815;3;10;0;0.0105;2.659
Case 99816;3;10;0;0.0104;2.666
Case 99817;3;10;0;0.0103;2.673
Case 99818;3;10;0;0.0102;2.68
Case 99819;3;10;0;0.0101;2.687
Case 99820;3;10;0;0.01;2.694
Case 99821;3;10;0;0.0099;2.7
Case 99822;3;10;0;0.0098;2.707
Case 99823;3;10;0;0.0097;2.713
Case 99824;3;10;0;0.0096;2.719
Case 99825;3;10;0;0.0095;2.726
Case 99826;3;10;0;0.0094;2.732
Case 99827;3;10;0;0.0093;2.738
Case 99828;3;10;0;0.0092;2.744
Case 99829;3;10;0;0.0091;2.75
Case 99830;3;10;0;0.009;2.756
Case 99831;3;10;0;0.0089;2.762
Case 99832;3;10;0;0.0088;2.767
Case 99833;3;10;0;0.0087;2.773
Case 99834;3;10;0;0.0086;2.778
Case 99835;3;10;0;0.0085;2.784
Case 99836;3;10;0;0.0084;2.789
Case 99837;3;10;0;0.0083;2.794
Case 99838;3;10;0;0.0082;2.8
Case 99839;3;10;0;0.0081;2.805
Case 99840;3;10;0;0.008;2.81
Case 99841;3;10;0;0.0079;2.815
Case 99842;3;10;0;0.0078;2.82
Case 99843;3;10;0;0.0077;2.824
Case 99844;3;10;0;0.0076;2.829
Case 99845;3;10;0;0.0075;2.834
Case 99846;3;10;0;0.0074;2.838
Case 99847;3;10;0;0.0073;2.843
Case 99848;3;10;0;0.0072;2.847
Case 99849;3;10;0;0.0071;2.852
Case 99850;3;10;0;0.007;2.856
Case 99851;3;10;0;0.0069;2.86
Case 99852;3;10;0;0.0068;2.864
Case 99853;3;10;0;0.0067;2.869
Case 99854;3;10;0;0.0066;2.873
Case 99855;3;10;0;0.0065;2.877
Case 99856;3;10;0;0.0064;2.88
Case 99857;3;10;0;0.0063;2.884
Case 99858;3;10;0;0.0062;2.888
Case 99859;3;10;0;0.0061;2.892
Case 99860;3;10;0;0.006;2.895
Case 99861;3;10;0;0.0059;2.899
Case 99862;3;10;0;0.0058;2.902
Case 99863;3;10;0;0.0057;2.906
Case 99864;3;10;0;0.0056;2.909
Case 99865;3;10;0;0.0055;2.912
Case 99866;3;10;0;0.0054;2.916
Case 99867;3;10;0;0.0053;2.919
Case 99868;3;10;0;0.0052;2.922
Case 99869;3;10;0;0.0051;2.925
Case 99870;3;10;0;0.005;2.928
Case 99871;3;10;0;0.0049;2.931
Case 99872;3;10;0;0.0048;2.934
Case 99873;3;10;0;0.0047;2.936
Case 99874;3;10;0;0.0046;2.939
Case 99875;3;10;0;0.0045;2.942
Case 99876;3;10;0;0.0044;2.944
Case 99877;3;10;0;0.0043;2.947
Case 99878;3;10;0;0.0042;2.949
Case 99879;3;10;0;0.0041;2.952
Case 99880;3;10;0;0.004;2.954
Case 99881;3;10;0;0.0039;2.956
Case 99882;3;10;0;0.0038;2.959
Case 99883;3;10;0;0.0037;2.961
Case 99884;3;10;0;0.0036;2.963
Case 99885;3;10;0;0.0035;2.965
Case 99886;3;10;0;0.0034;2.967
Case 99887;3;10;0;0.0033;2.969
Case 99888;3;10;0;0.0032;2.971
Case 99889;3;10;0;0.0031;2.973
Case 99890;3;10;0;0.003;2.974
Case 99891;3;10;0;0.0029;2.976
Case 99892;3;10;0;0.0028;2.978
Case 99893;3;10;0;0.0027;2.979
Case 99894;3;10;0;0.0026;2.981
Case 99895;3;10;0;0.0025;2.982
Case 99896;3;10;0;0.0024;2.984
Case 99897;3;10;0;0.0023;2.985
Case 99898;3;10;0;0.0022;2.986
Case 99899;3;10;0;0.0021;2.987
Case 99900;3;10;0;0.002;2.989
Case 99901;3;10;0;0.0019;2.99
Case 99902;3;10;0;0.0018;2.991
Case 99903;3;10;0;0.0017;2.992
Case 99904;3;10;0;0.0016;2.993
Case 99905;3;10;0;0.0015;2.994
Case 99906;3;10;0;0.0014;2.994
Case 99907;3;10;0;0.0013;2.995
Case 99908;3;10;0;0.0012;2.996
Case 99909;3;10;0;0.0011;2.997
Case 99910;3;10;0;0.001;2.997
Maximum;3;100;100;1;3
Minimum;3;0;0;0.001;0.3967
